companyName;destination;transportType;weightKg;distanceKm;price;deliveryDays;fuelLiters;date
NorthWind;Warsaw;Truck;7364;366.3;6510.35;2;89.0;15.08.2021
RailCargo;Berlin;Truck;16609;301.4;5991.93;3;107.4;15.09.2019
BlueLogistics;Ljubljana;Train;1351;2061.7;9044.14;6;1999.4;31.05.2017
TransMax;Paris;Truck;11813;486.9;5012.14;4;169.5;05.01.2021
FastMove;Copenhagen;Truck;20649;387.2;7271.42;3;164.1;07.07.2015
NorthWind;Amsterdam;Ship;127049;7893.6;46025.67;24;51712.9;28.10.2016
GlobalFreight;Milan;Truck;22448;357.0;6767.09;3;137.3;31.10.2016
ShipLine;Copenhagen;Truck;22599;1114.2;11011.36;4;444.1;27.07.2017
MoveIt;Berlin;Ship;39701;3688.4;27998.97;11;33396.5;08.05.2022
ShipLine;Copenhagen;Ship;79905;5428.5;32951.32;14;28656.0;22.07.2021
RailCargo;Copenhagen;Truck;4582;1196.9;4243.12;4;277.2;14.01.2022
EuroTrans;Brussels;Train;78604;1085.0;13714.64;6;2081.7;17.02.2015
NorthWind;Warsaw;Train;35473;1435.0;8197.59;5;2017.9;14.01.2015
QuickCargo;Bratislava;Plane;8337;4690.8;78051.97;4;57252.3;30.10.2021
BlueLogistics;Budapest;Truck;17428;235.8;3728.6;3;86.3;26.01.2019
CargoBridge;Zurich;Truck;18641;327.0;3262.78;4;90.8;13.07.2023
SkyCargo;Budapest;Truck;18065;596.6;13546.24;2;211.9;01.06.2025
SkyCargo;Hamburg;Train;49444;1117.7;8371.03;4;1887.1;16.10.2018
CargoOne;Dresden;Truck;2376;303.2;1587.17;3;66.3;15.09.2018
FastMove;Frankfurt;Truck;7070;819.3;8538.81;3;289.8;22.09.2017
TransMax;Zagreb;Ship;55819;2171.0;12980.26;13;12339.9;10.08.2015
NorthWind;Warsaw;Truck;3630;887.4;6305.03;3;218.6;14.02.2018
ShipLine;Amsterdam;Ship;293528;1342.8;14297.52;6;13224.1;18.01.2016
CargoBridge;Amsterdam;Truck;7054;608.5;2792.37;4;234.9;19.05.2019
HeavyLift;Ljubljana;Truck;23987;851.1;5890.87;5;323.4;30.04.2018
BlueLogistics;Berlin;Train;41604;1447.0;20487.42;3;2454.4;06.10.2016
CargoOne;Frankfurt;Truck;19548;263.7;19958.4;1;110.8;22.05.2021
BlueLogistics;Berlin;Train;77003;1164.2;14715.51;4;1972.0;10.07.2018
BlueLogistics;Bratislava;Truck;9880;822.4;8462.45;3;329.1;19.12.2021
RoadRunner;Warsaw;Truck;8740;295.1;7687.63;1;86.2;13.03.2018
EuroTrans;Ljubljana;Ship;282317;5865.5;34818.28;13;62912.1;12.07.2025
CargoBridge;Budapest;Truck;18178;1073.2;8434.64;3;334.1;16.09.2022
NorthWind;Bratislava;Train;7158;777.6;9380.27;2;993.2;25.08.2023
EuroTrans;Bratislava;Truck;23173;558.1;8202.43;3;155.7;19.02.2025
EuroTrans;Dresden;Truck;18155;474.6;10839.84;2;134.5;05.12.2023
MoveIt;Berlin;Ship;135825;2312.6;18334.22;13;14986.4;02.12.2025
RoadRunner;Budapest;Plane;2682;1802.1;66987.63;3;19882.6;05.04.2023
CargoBridge;Paris;Ship;135111;3764.3;18213.71;12;34162.4;17.08.2024
ShipLine;Amsterdam;Truck;11507;1106.2;7038.54;3;422.0;02.03.2017
RailCargo;Paris;Truck;9196;129.8;4817.77;2;41.8;18.09.2018
CargoOne;Warsaw;Ship;144180;2680.7;17518.93;8;21502.5;23.11.2019
RoadRunner;Frankfurt;Truck;6278;1084.4;5946.76;3;377.9;14.01.2021
NorthWind;Hamburg;Truck;21815;130.5;3745.64;3;50.2;03.02.2025
HeavyLift;Frankfurt;Truck;13235;519.7;5430.32;3;178.7;02.04.2019
NorthWind;Munich;Train;72319;892.2;10615.39;5;1468.8;20.10.2021
NorthWind;Paris;Truck;7052;558.5;6675.63;3;204.6;22.05.2022
FastMove;Zurich;Train;44433;1655.8;12113.18;4;3452.8;17.01.2024
BlueLogistics;Budapest;Truck;15619;331.6;6012.34;3;129.5;15.06.2021
BlueLogistics;Copenhagen;Truck;21547;330.6;8190.53;3;143.0;24.09.2023
RailCargo;Amsterdam;Truck;17022;1151.7;9291.35;4;411.2;30.06.2016
TransMax;Ljubljana;Train;78547;2472.2;20797.67;5;5301.3;01.01.2025
SkyCargo;Brussels;Ship;88444;4744.7;21923.48;18;31943.6;24.02.2022
HeavyLift;Frankfurt;Truck;14463;325.1;12162.21;1;97.4;21.01.2021
FastMove;Budapest;Truck;5057;490.5;4006.73;3;112.0;31.08.2019
CargoOne;Hamburg;Ship;15240;3604.2;17822.54;17;27918.0;11.12.2018
HeavyLift;Copenhagen;Ship;224687;7664.7;61946.51;21;74000.2;22.06.2020
BlueLogistics;Bratislava;Truck;11064;83.4;4985.66;2;31.7;24.04.2025
EuroTrans;Dresden;Truck;18543;503.1;7712.22;3;139.3;14.01.2017
CargoOne;Bratislava;Truck;10760;293.4;6591.51;2;115.7;23.09.2019
HeavyLift;Vienna;Truck;1756;911.4;4327.57;5;245.0;23.04.2022
CargoOne;Prague;Plane;353;1596.5;62312.03;2;10723.5;18.08.2025
BlueLogistics;Ljubljana;Train;22492;1963.9;12646.25;6;3795.1;01.11.2016
HeavyLift;Warsaw;Train;75970;2336.4;15584.55;6;5439.0;08.11.2015
RoadRunner;Amsterdam;Truck;22471;938.4;10416.23;4;278.4;23.11.2018
SkyCargo;Brussels;Train;45225;358.6;12517.46;2;559.1;23.01.2019
NorthWind;Ljubljana;Train;68886;1201.6;11397.26;6;1906.6;03.06.2020
ShipLine;Brussels;Ship;173980;5065.8;23733.87;19;49260.8;25.09.2017
TransMax;Ljubljana;Train;44592;1736.8;11571.68;4;3448.2;12.12.2023
HeavyLift;Paris;Truck;9102;735.6;5014.32;3;237.8;23.07.2019
ShipLine;Dresden;Ship;262331;5772.4;31615.35;17;33057.2;23.09.2017
HeavyLift;Milan;Truck;13992;660.6;4792.64;4;228.4;09.06.2018
HeavyLift;Amsterdam;Truck;3967;271.5;2630.08;3;104.4;14.04.2023
ShipLine;Bratislava;Train;69265;2446.2;17885.34;6;5626.3;18.01.2019
EuroTrans;Zurich;Truck;9038;664.3;9032.25;2;159.4;25.02.2022
MoveIt;Zagreb;Truck;9367;64.1;2093.36;2;19.9;21.07.2025
MoveIt;Zagreb;Truck;16163;125.1;7938.17;1;45.9;24.04.2021
HeavyLift;Vienna;Plane;12544;1151.5;62145.03;2;12488.5;08.04.2019
ShipLine;Ljubljana;Truck;14101;726.8;8444.16;3;260.8;17.08.2025
TransMax;Hamburg;Train;11141;808.7;5396.87;3;855.1;20.01.2020
QuickCargo;Zagreb;Truck;23215;316.2;7092.2;2;136.6;19.12.2017
TransMax;Hamburg;Truck;21271;676.2;8534.46;2;215.5;21.11.2023
HeavyLift;Zurich;Truck;10014;589.0;5787.49;3;237.4;26.11.2015
RoadRunner;Berlin;Ship;136264;6088.6;43673.83;13;34925.3;01.08.2021
CargoOne;Bratislava;Train;23462;1955.2;15945.38;5;3182.0;25.07.2021
RailCargo;Zagreb;Plane;6710;3085.1;114134.48;3;32657.6;12.10.2022
ShipLine;Zurich;Train;72602;1121.0;13236.44;3;1605.9;31.08.2023
RailCargo;Frankfurt;Ship;289475;808.3;12822.03;9;5027.6;03.08.2020
NorthWind;Ljubljana;Ship;292949;2265.6;23964.4;8;17349.2;29.04.2015
NorthWind;Amsterdam;Train;2292;914.7;9405.43;4;832.7;05.03.2020
FastMove;Budapest;Truck;16724;874.1;6594.92;4;288.9;14.02.2020
SkyCargo;Budapest;Truck;16704;1110.1;5220.33;5;311.1;31.07.2024
RailCargo;Paris;Plane;13463;3292.6;185768.19;2;39107.6;27.05.2022
ShipLine;Budapest;Truck;10943;607.0;5632.75;3;202.9;11.02.2017
QuickCargo;Amsterdam;Train;54341;737.2;25302.16;2;1439.2;01.05.2019
NorthWind;Budapest;Truck;16509;92.6;4413.05;3;29.1;13.02.2016
SkyCargo;Ljubljana;Truck;21505;215.8;4968.44;3;61.5;27.12.2021
QuickCargo;Copenhagen;Train;70442;2159.1;20891.32;5;3551.7;13.10.2024
SkyCargo;Berlin;Train;38167;740.0;5431.39;5;1356.4;08.02.2022
QuickCargo;Warsaw;Truck;998;848.1;7328.5;2;294.0;19.08.2016
BlueLogistics;Frankfurt;Truck;5950;834.1;8434.99;3;195.2;13.09.2017
ShipLine;Budapest;Truck;15109;783.6;10287.37;3;197.5;07.08.2022
SkyCargo;Munich;Truck;19303;1137.0;9152.98;4;497.4;22.05.2018
BlueLogistics;Copenhagen;Ship;204944;1567.9;16350.52;11;13324.5;19.12.2025
MoveIt;Copenhagen;Truck;22522;700.8;8470.73;4;315.6;04.05.2024
CargoBridge;Zurich;Ship;189717;2456.9;16647.07;9;14834.7;10.08.2023
NorthWind;Budapest;Train;5667;2277.8;14139.06;5;2923.2;05.01.2016
CargoBridge;Zurich;Truck;6629;527.8;9174.02;2;168.5;30.03.2025
HeavyLift;Munich;Truck;15839;998.4;7413.54;5;305.4;02.04.2020
FastMove;Budapest;Ship;213358;2424.4;18901.65;16;24149.7;27.02.2015
HeavyLift;Dresden;Truck;22081;473.9;10765.83;2;162.2;27.07.2022
BlueLogistics;Zagreb;Truck;18446;1066.9;11795.71;3;396.1;16.03.2020
CargoBridge;Zurich;Train;6443;468.4;2862.73;5;539.9;13.12.2024
SkyCargo;Budapest;Truck;22872;476.7;5099.33;4;167.6;27.08.2019
NorthWind;Warsaw;Ship;151664;5232.7;33140.14;12;35267.5;04.08.2024
GlobalFreight;Warsaw;Plane;14793;2520.3;64790.9;3;23900.3;15.05.2016
MoveIt;Ljubljana;Truck;21004;293.9;5467.85;3;80.5;30.05.2016
TransMax;Hamburg;Truck;6838;929.9;4838.82;4;343.3;05.11.2023
CargoBridge;Prague;Truck;4309;1181.6;4857.1;4;423.1;23.06.2016
CargoOne;Milan;Ship;174749;2513.1;14955.94;7;15932.3;10.04.2016
QuickCargo;Vienna;Truck;16867;944.7;6265.65;4;318.9;26.02.2023
TransMax;Frankfurt;Truck;1070;789.8;7623.77;2;228.9;01.07.2020
QuickCargo;Ljubljana;Truck;19982;142.9;15150.92;1;41.3;26.12.2022
GlobalFreight;Copenhagen;Plane;7453;3418.1;119841.39;3;30780.4;05.05.2022
NorthWind;Dresden;Train;59686;694.6;8795.24;5;1154.0;08.03.2023
FastMove;Paris;Truck;12315;814.9;4088.51;5;297.2;16.12.2015
FastMove;Brussels;Truck;4313;899.6;5235.26;4;287.8;15.05.2016
RailCargo;Milan;Ship;226740;7576.1;65763.23;23;72683.3;11.12.2018
FastMove;Frankfurt;Truck;7398;805.2;4901.05;4;231.6;15.02.2018
RoadRunner;Amsterdam;Ship;296891;6885.1;54560.9;15;79477.6;08.01.2017
HeavyLift;Zurich;Plane;2992;2430.6;59215.97;3;22758.1;06.02.2022
CargoOne;Vienna;Train;55528;694.8;10800.94;3;954.6;23.07.2025
RoadRunner;Vienna;Ship;31089;1920.2;12879.73;12;9492.5;16.12.2019
RailCargo;Bratislava;Truck;11360;639.2;6966.04;3;184.6;25.06.2022
HeavyLift;Berlin;Truck;1845;1182.1;6297.44;3;307.8;12.11.2017
HeavyLift;Paris;Truck;14161;622.0;11199.44;2;196.3;06.05.2024
NorthWind;Milan;Truck;1436;1041.0;3616.05;4;299.3;25.10.2019
RoadRunner;Copenhagen;Train;15596;1160.7;7941.5;4;2185.8;28.02.2020
MoveIt;Milan;Truck;8022;1021.2;4864.62;4;305.2;13.05.2023
GlobalFreight;Amsterdam;Truck;16777;243.4;5098.5;3;85.5;09.12.2018
QuickCargo;Budapest;Truck;6514;218.4;7593.67;1;54.4;01.09.2025
TransMax;Zagreb;Truck;19038;698.3;8861.41;3;300.1;02.01.2022
GlobalFreight;Paris;Truck;14540;128.5;4933.52;2;50.3;31.10.2015
HeavyLift;Ljubljana;Truck;9456;115.4;8781.38;1;44.7;07.09.2020
RailCargo;Ljubljana;Train;5876;2394.7;12912.33;6;3960.6;02.05.2020
SkyCargo;Budapest;Plane;13306;2977.9;76733.77;4;27331.8;07.12.2016
CargoOne;Amsterdam;Train;69190;2479.3;13459.07;6;3663.6;02.08.2019
TransMax;Paris;Train;44363;320.4;11241.6;2;393.2;12.02.2023
MoveIt;Budapest;Truck;4684;720.2;4797.46;4;195.5;12.06.2016
RoadRunner;Vienna;Truck;10813;483.2;6500.61;3;172.3;08.09.2022
CargoBridge;Frankfurt;Truck;16712;821.0;6428.66;3;263.5;17.08.2025
TransMax;Zagreb;Truck;5127;1200.0;6626.54;3;442.9;13.05.2024
QuickCargo;Frankfurt;Truck;20301;437.3;10490.08;2;146.7;25.08.2023
RoadRunner;Munich;Train;48249;300.5;7076.8;3;420.5;25.05.2023
TransMax;Ljubljana;Truck;15418;325.0;5527.47;3;93.1;10.12.2019
ShipLine;Zurich;Ship;224498;4420.9;34151.22;19;44855.9;21.10.2017
CargoOne;Zagreb;Ship;58786;4792.7;18101.6;17;32031.1;18.10.2016
HeavyLift;Ljubljana;Plane;7187;1310.4;151278.97;1;16159.6;08.06.2025
CargoOne;Brussels;Truck;7775;627.3;4486.19;3;150.9;10.02.2016
MoveIt;Paris;Ship;155407;1790.7;17905.39;14;13231.1;05.04.2020
ShipLine;Prague;Plane;3553;604.5;32086.61;2;5631.1;31.03.2016
TransMax;Zurich;Truck;7863;190.1;3303.06;2;70.2;24.02.2025
ShipLine;Dresden;Truck;7977;642.7;2908.01;4;179.3;26.05.2021
RailCargo;Munich;Train;47765;396.9;18854.23;2;668.5;19.03.2021
CargoOne;Copenhagen;Ship;207837;1113.4;10425.5;14;7348.7;13.11.2018
BlueLogistics;Warsaw;Ship;179335;6093.3;33845.87;14;42087.3;24.04.2024
TransMax;Ljubljana;Plane;3006;3131.9;107848.99;3;18298.1;16.04.2018
BlueLogistics;Berlin;Ship;170463;7177.7;61512.86;23;55964.0;03.11.2017
CargoOne;Hamburg;Truck;1616;1041.5;3074.97;5;276.1;22.12.2024
RailCargo;Ljubljana;Ship;102946;3583.8;29947.3;13;25138.9;26.12.2023
FastMove;Brussels;Truck;5963;742.8;4555.02;3;206.3;09.06.2018
ShipLine;Brussels;Truck;14701;560.5;10817.75;2;227.3;29.01.2018
NorthWind;Berlin;Truck;11954;783.1;5135.24;3;293.5;08.07.2024
RoadRunner;Ljubljana;Truck;21190;127.3;7809.15;2;43.2;13.08.2022
ShipLine;Milan;Truck;18856;927.5;8117.26;3;305.1;09.10.2025
FastMove;Prague;Train;51223;1347.8;11542.26;6;1754.7;28.05.2017
RoadRunner;Zurich;Train;26737;2496.8;16185.15;5;4627.5;29.12.2019
FastMove;Paris;Train;72589;1831.9;19804.62;5;4095.7;26.05.2025
QuickCargo;Munich;Ship;68628;4463.0;20375.16;19;37661.8;18.01.2019
SkyCargo;Milan;Truck;4302;1180.5;5862.16;4;271.3;23.01.2023
ShipLine;Frankfurt;Truck;18888;520.8;10862.91;2;228.1;17.08.2022
SkyCargo;Milan;Truck;18115;1003.4;9278.03;4;294.1;19.03.2025
MoveIt;Berlin;Ship;164448;4530.3;33009.9;12;29811.4;20.07.2025
SkyCargo;Zurich;Ship;293799;2604.4;19575.75;10;25231.8;10.03.2022
EuroTrans;Budapest;Truck;19879;768.2;8109.38;3;332.3;29.11.2015
CargoOne;Bratislava;Train;55102;1964.0;15694.84;6;2442.3;14.03.2022
HeavyLift;Zagreb;Truck;13356;978.5;6590.73;3;252.1;06.06.2020
ShipLine;Hamburg;Truck;23589;215.2;7917.31;2;98.2;13.07.2023
GlobalFreight;Frankfurt;Train;61641;934.0;9737.41;3;1598.9;08.08.2025
RailCargo;Brussels;Truck;5283;1045.1;5354.31;5;403.1;14.10.2016
ShipLine;Frankfurt;Truck;16347;1060.9;11375.54;3;450.5;31.05.2017
RoadRunner;Milan;Truck;19629;373.6;6211.37;3;143.2;02.07.2024
FastMove;Brussels;Truck;12035;354.1;4554.78;3;108.3;08.03.2017
GlobalFreight;Dresden;Truck;14807;494.3;7776.07;3;148.1;01.05.2016
EuroTrans;Warsaw;Truck;11161;964.1;5148.42;4;292.1;03.07.2019
SkyCargo;Berlin;Truck;10963;207.6;3731.32;3;68.5;26.07.2016
GlobalFreight;Paris;Truck;9855;1189.2;7359.9;4;385.5;24.04.2021
HeavyLift;Zagreb;Ship;62464;3452.2;26093.22;18;24603.3;19.09.2022
NorthWind;Prague;Train;76321;810.7;10435.38;4;1697.4;20.01.2022
QuickCargo;Copenhagen;Truck;1084;832.8;3278.03;4;274.6;12.09.2019
EuroTrans;Brussels;Train;62314;1143.9;6684.85;5;2291.5;29.04.2017
SkyCargo;Paris;Plane;6193;3131.0;120185.21;3;22036.0;22.12.2018
NorthWind;Bratislava;Train;32811;642.2;14309.16;3;863.5;25.08.2023
HeavyLift;Hamburg;Train;63388;1324.7;15889.75;4;2926.4;14.05.2016
RoadRunner;Dresden;Truck;11359;1177.2;4960.05;5;450.5;04.01.2023
FastMove;Milan;Plane;12264;4107.8;91178.13;4;33066.5;22.10.2022
HeavyLift;Budapest;Truck;7890;902.0;7809.6;3;312.9;04.08.2015
FastMove;Brussels;Truck;22371;593.3;7369.86;4;163.5;25.07.2019
NorthWind;Zagreb;Truck;9462;279.4;5422.9;2;97.2;09.06.2021
BlueLogistics;Dresden;Train;5388;2155.8;11625.77;7;2189.2;24.04.2025
CargoOne;Copenhagen;Ship;156764;2141.4;14577.63;14;9900.2;04.10.2018
HeavyLift;Ljubljana;Plane;8112;3488.2;72108.32;4;24490.7;26.01.2024
FastMove;Paris;Truck;8480;577.8;4654.87;3;133.4;25.07.2022
TransMax;Hamburg;Truck;13337;1034.6;4480.66;5;348.9;26.01.2017
EuroTrans;Zagreb;Truck;8595;335.3;4783.14;2;103.6;13.07.2021
QuickCargo;Prague;Truck;7793;463.5;5923.78;2;114.6;20.08.2020
CargoBridge;Zurich;Train;39171;1669.0;19702.93;4;2194.1;07.02.2020
QuickCargo;Milan;Truck;15478;681.6;6949.01;4;269.9;18.08.2022
TransMax;Vienna;Train;47919;1414.8;14299.32;3;2438.5;01.09.2020
BlueLogistics;Dresden;Truck;17100;427.3;9756.66;2;162.1;29.01.2025
SkyCargo;Ljubljana;Ship;274089;4064.7;31823.65;14;37087.8;16.06.2018
QuickCargo;Prague;Truck;7190;988.9;4959.73;4;229.5;04.09.2015
CargoBridge;Vienna;Plane;4723;3096.4;107622.51;3;34099.2;30.03.2022
RailCargo;Milan;Plane;14267;2603.6;49565.8;3;24850.7;22.10.2024
SkyCargo;Budapest;Train;23892;999.9;6446.12;5;1372.1;12.05.2024
CargoOne;Prague;Plane;11801;3046.5;111351.49;3;31369.8;18.11.2018
EuroTrans;Bratislava;Truck;3747;1056.5;8651.86;3;350.0;20.12.2024
CargoOne;Amsterdam;Truck;1150;166.0;2405.84;2;53.9;01.07.2015
RailCargo;Ljubljana;Truck;1899;299.9;6165.39;1;115.5;17.06.2021
GlobalFreight;Paris;Truck;21683;1057.7;7520.42;4;366.7;20.08.2021
CargoBridge;Munich;Train;65462;1182.6;19211.61;3;1934.0;18.11.2020
GlobalFreight;Brussels;Truck;6075;394.9;4308.74;3;120.6;08.12.2022
EuroTrans;Ljubljana;Plane;6844;3593.1;73268.66;3;24617.0;02.04.2022
FastMove;Ljubljana;Ship;104867;1465.7;13338.27;6;9251.0;26.10.2015
BlueLogistics;Dresden;Truck;10960;290.2;4486.37;2;116.1;26.04.2023
FastMove;Zagreb;Plane;11550;4325.9;127889.65;3;56002.6;09.04.2019
ShipLine;Dresden;Train;47639;909.4;10756.11;4;1504.7;07.04.2020
TransMax;Paris;Plane;6801;2538.9;128307.96;2;30353.5;16.03.2021
CargoBridge;Brussels;Truck;7587;275.6;5160.34;2;103.4;06.09.2022
GlobalFreight;Bratislava;Ship;262213;4318.1;24281.06;14;43262.0;16.02.2021
ShipLine;Munich;Plane;10535;3481.8;95199.22;4;35069.7;04.03.2024
NorthWind;Berlin;Ship;126337;3769.2;18421.29;10;19485.1;05.09.2015
RoadRunner;Zagreb;Train;70258;236.2;8580.91;3;316.2;17.12.2025
HeavyLift;Prague;Train;56936;1805.1;7470.18;6;3857.1;01.09.2016
BlueLogistics;Hamburg;Train;46957;780.6;11539.32;3;1209.2;03.05.2021
BlueLogistics;Amsterdam;Truck;2691;1002.3;6297.7;4;364.3;03.04.2019
RailCargo;Dresden;Truck;23080;782.3;15447.0;2;287.0;06.05.2021
MoveIt;Warsaw;Ship;125463;7417.9;58217.01;17;70198.0;10.07.2015
CargoBridge;Vienna;Train;71676;844.9;13209.03;4;1157.9;13.10.2025
BlueLogistics;Budapest;Ship;213821;5931.5;40293.44;21;41128.3;11.07.2024
RailCargo;Dresden;Truck;4635;919.0;3830.72;4;312.0;17.11.2018
CargoOne;Warsaw;Truck;11210;1014.5;7660.67;4;352.9;29.08.2018
CargoOne;Bratislava;Ship;124610;4044.0;24650.97;13;40007.1;30.05.2022
RailCargo;Vienna;Ship;134210;2926.7;15244.42;14;14148.6;09.02.2022
EuroTrans;Copenhagen;Truck;220;172.5;1417.5;3;48.4;24.12.2015
EuroTrans;Brussels;Truck;13420;688.0;11248.2;2;179.5;19.10.2023
GlobalFreight;Copenhagen;Truck;2825;525.9;5299.06;3;163.1;04.11.2020
EuroTrans;Copenhagen;Truck;8845;359.3;5714.35;2;86.5;06.06.2020
TransMax;Vienna;Truck;23672;1135.9;6493.82;4;438.2;01.06.2018
CargoOne;Copenhagen;Truck;10848;763.2;8692.03;3;239.4;31.08.2021
EuroTrans;Zurich;Truck;6631;1139.4;6017.64;4;289.5;30.03.2023
QuickCargo;Zagreb;Plane;5359;4800.9;86802.8;4;54874.3;28.04.2021
BlueLogistics;Dresden;Truck;931;932.8;4451.94;5;267.0;08.04.2018
MoveIt;Vienna;Ship;219508;6528.7;33330.67;20;39369.1;23.09.2016
QuickCargo;Brussels;Ship;256257;1332.5;19398.35;10;11684.4;10.09.2019
SkyCargo;Berlin;Ship;286493;3388.6;17017.27;14;38465.1;15.06.2022
GlobalFreight;Munich;Train;52878;301.9;5325.23;4;461.4;08.02.2016
HeavyLift;Amsterdam;Train;76589;1393.2;12248.2;5;2222.8;15.08.2022
RoadRunner;Frankfurt;Truck;15869;1197.4;12918.72;3;392.5;20.07.2025
QuickCargo;Budapest;Truck;6828;444.5;3526.52;3;126.9;28.01.2020
GlobalFreight;Vienna;Truck;3821;981.7;5396.09;3;269.5;05.06.2025
QuickCargo;Amsterdam;Train;43883;1469.4;9163.62;5;3067.5;25.01.2017
EuroTrans;Brussels;Truck;6515;898.0;4532.15;3;268.5;14.02.2018
TransMax;Vienna;Train;70871;2038.9;18447.16;4;3379.5;03.09.2024
ShipLine;Frankfurt;Plane;6387;2223.7;54091.51;3;22149.5;03.12.2021
EuroTrans;Zurich;Plane;11031;3745.9;83718.58;3;27329.5;11.10.2022
EuroTrans;Frankfurt;Truck;18885;735.9;9547.49;3;218.1;27.03.2022
CargoBridge;Munich;Train;18888;1326.2;16831.85;3;2365.5;03.09.2025
CargoOne;Zagreb;Truck;18451;987.5;8063.39;4;346.2;02.06.2024
ShipLine;Zagreb;Truck;7276;700.2;5780.37;3;191.7;17.02.2020
RoadRunner;Zagreb;Train;15469;460.4;12072.18;2;671.8;27.06.2023
CargoOne;Ljubljana;Train;13923;2476.5;8776.57;7;3858.6;13.05.2015
ShipLine;Bratislava;Truck;14437;989.2;6158.91;5;266.3;10.04.2023
RoadRunner;Milan;Ship;229482;5193.9;24667.02;13;31839.8;01.09.2015
RoadRunner;Milan;Train;22569;1572.8;10527.71;4;2631.8;15.08.2024
SkyCargo;Warsaw;Truck;13537;912.6;5753.56;5;386.7;17.09.2024
EuroTrans;Amsterdam;Truck;8161;420.4;4403.52;3;146.7;05.01.2018
NorthWind;Brussels;Truck;3100;136.8;2729.81;2;47.2;06.02.2020
ShipLine;Paris;Train;12708;2198.5;12345.51;6;2976.2;17.09.2015
TransMax;Dresden;Truck;6991;1163.3;5827.95;4;327.4;18.06.2016
RoadRunner;Zagreb;Ship;30380;7237.9;52312.17;15;51105.9;03.06.2025
MoveIt;Munich;Truck;14068;50.8;9607.78;1;18.8;13.10.2016
MoveIt;Bratislava;Truck;2750;464.5;4103.68;2;172.7;05.06.2018
QuickCargo;Amsterdam;Truck;3168;154.9;3545.4;1;45.9;17.08.2022
ShipLine;Prague;Truck;4001;445.1;1924.71;4;128.8;19.04.2019
FastMove;Warsaw;Truck;9855;472.7;7576.06;2;175.9;05.08.2022
EuroTrans;Vienna;Train;22011;219.5;3891.75;3;370.4;14.08.2019
RoadRunner;Ljubljana;Ship;57672;1424.2;12178.2;7;6146.4;25.10.2019
GlobalFreight;Budapest;Truck;8181;791.3;7621.69;3;265.3;29.09.2022
CargoOne;Zurich;Truck;6231;748.0;3577.14;4;204.9;15.09.2025
BlueLogistics;Zagreb;Truck;20958;327.2;8559.76;3;119.4;22.06.2025
GlobalFreight;Budapest;Truck;13840;1014.8;11777.08;3;374.5;22.08.2023
FastMove;Prague;Train;28777;231.7;18532.1;1;249.4;18.01.2022
QuickCargo;Frankfurt;Ship;215909;3849.7;27363.41;10;32254.6;23.06.2018
FastMove;Frankfurt;Plane;2565;5858.7;107238.39;5;47321.4;21.08.2022
NorthWind;Vienna;Truck;7869;553.1;7356.36;2;133.7;29.10.2021
CargoOne;Zurich;Train;23522;1713.5;15392.36;4;2886.1;08.09.2025
GlobalFreight;Frankfurt;Train;34480;2091.8;20476.83;4;2479.9;09.12.2024
FastMove;Prague;Truck;17215;543.7;8843.23;2;209.7;08.02.2020
SkyCargo;Milan;Truck;5518;1038.3;5818.33;3;274.4;08.02.2023
FastMove;Amsterdam;Train;2110;205.9;2825.6;2;265.1;11.06.2025
MoveIt;Berlin;Train;55467;2302.1;20681.6;5;3370.9;06.04.2024
FastMove;Milan;Truck;1775;824.3;8072.05;3;289.1;10.10.2015
CargoBridge;Ljubljana;Ship;167895;6369.4;22051.69;17;50939.3;28.04.2021
TransMax;Zurich;Train;48770;757.9;9448.86;4;1257.5;05.02.2025
SkyCargo;Amsterdam;Truck;833;1122.3;9720.32;3;297.6;31.08.2025
GlobalFreight;Prague;Ship;166224;3509.2;18822.34;10;27516.1;03.09.2015
EuroTrans;Bratislava;Truck;17081;1109.5;8262.6;4;463.9;06.07.2021
FastMove;Frankfurt;Truck;2502;993.0;5849.63;4;218.0;09.04.2018
HeavyLift;Paris;Plane;13649;2661.2;58156.02;3;24073.9;10.04.2017
EuroTrans;Warsaw;Truck;15321;239.0;7402.96;2;65.2;26.01.2020
HeavyLift;Ljubljana;Truck;5214;187.9;2517.27;3;51.1;30.05.2017
MoveIt;Paris;Truck;11706;867.8;7638.95;3;215.1;13.12.2016
CargoOne;Copenhagen;Ship;293421;4802.9;37878.63;13;41816.3;18.02.2015
CargoOne;Amsterdam;Truck;12247;997.2;5167.96;4;408.4;15.04.2025
MoveIt;Vienna;Truck;21217;124.1;9261.03;2;36.5;20.09.2018
FastMove;Berlin;Plane;9422;778.5;36486.55;2;8818.3;14.10.2019
EuroTrans;Milan;Truck;9220;265.2;5734.54;2;68.3;05.04.2022
HeavyLift;Zagreb;Truck;2048;683.3;7035.06;2;188.4;10.12.2023
SkyCargo;Amsterdam;Train;3059;2045.0;7357.28;7;3281.9;08.06.2020
GlobalFreight;Frankfurt;Truck;904;361.0;5066.52;2;87.5;28.08.2015
TransMax;Zagreb;Train;31008;1963.7;10091.93;7;2224.3;26.02.2024
TransMax;Berlin;Ship;208645;7624.2;58281.99;19;77170.5;23.08.2021
GlobalFreight;Milan;Plane;11497;655.1;55837.99;1;6882.8;20.05.2024
TransMax;Zagreb;Train;5475;603.8;7430.26;2;648.3;03.01.2015
GlobalFreight;Hamburg;Ship;98040;3253.5;16069.33;17;29431.5;30.07.2021
QuickCargo;Budapest;Ship;196307;6894.7;57448.31;23;49673.7;18.02.2016
GlobalFreight;Zurich;Truck;14365;1172.2;6407.97;5;493.3;11.11.2025
SkyCargo;Milan;Truck;5795;727.3;4834.52;3;255.6;08.01.2015
QuickCargo;Copenhagen;Ship;21977;6350.0;45352.48;15;32569.6;04.03.2022
RoadRunner;Warsaw;Plane;12231;1273.5;101902.84;1;11536.0;19.10.2025
FastMove;Paris;Truck;8226;355.0;4735.71;3;103.1;17.07.2015
RailCargo;Ljubljana;Train;54766;2428.9;13612.77;6;3860.6;17.05.2020
TransMax;Amsterdam;Truck;1144;134.8;2038.48;2;35.2;27.11.2016
CargoBridge;Copenhagen;Truck;3100;136.3;2811.93;2;52.8;02.11.2019
NorthWind;Munich;Train;7519;1198.7;9314.92;3;1273.0;05.02.2023
CargoBridge;Dresden;Truck;7833;373.8;12125.47;1;111.0;12.08.2015
GlobalFreight;Prague;Truck;21743;388.7;4795.08;3;139.5;27.02.2022
HeavyLift;Vienna;Truck;13074;182.8;5590.21;2;74.0;07.05.2019
EuroTrans;Milan;Ship;238714;3459.7;23317.35;9;27766.1;30.04.2021
CargoOne;Budapest;Ship;49935;5605.8;30053.59;18;46799.6;20.07.2017
SkyCargo;Berlin;Ship;224483;6692.5;57512.26;23;62690.2;23.08.2017
ShipLine;Zurich;Truck;23456;1088.2;11999.01;3;414.6;15.12.2021
EuroTrans;Warsaw;Plane;2758;2969.7;38029.98;4;32746.8;30.08.2022
RailCargo;Hamburg;Plane;13686;3949.7;102880.3;4;35796.3;23.12.2015
RailCargo;Dresden;Truck;9100;425.0;3718.49;3;168.1;03.08.2021
SkyCargo;Brussels;Truck;18616;222.1;10113.16;2;88.5;23.04.2021
TransMax;Warsaw;Ship;185286;7045.8;49237.41;23;45358.6;21.04.2020
CargoOne;Munich;Truck;19994;215.4;6260.8;3;73.0;29.09.2022
BlueLogistics;Berlin;Train;49316;2317.9;16841.5;4;4606.3;06.07.2020
MoveIt;Warsaw;Plane;4943;1753.8;63664.34;3;15364.8;04.09.2019
RoadRunner;Vienna;Truck;13392;293.1;5715.68;3;111.8;11.10.2020
TransMax;Munich;Truck;13268;866.0;9002.05;3;344.2;28.02.2017
CargoBridge;Hamburg;Ship;244310;2596.3;15516.51;8;19745.8;16.03.2020
SkyCargo;Copenhagen;Train;4505;484.9;7700.82;2;641.3;27.04.2020
RoadRunner;Dresden;Truck;8525;238.0;2750.46;3;83.9;29.10.2016
MoveIt;Hamburg;Ship;113386;5461.1;20718.96;15;35993.6;10.08.2023
NorthWind;Prague;Truck;5725;202.2;3643.65;2;44.6;05.06.2018
QuickCargo;Bratislava;Truck;11476;482.9;4889.85;3;134.0;29.12.2021
RailCargo;Warsaw;Truck;12312;1199.3;6950.1;4;417.3;27.05.2020
FastMove;Paris;Plane;14134;4023.3;162991.79;3;46176.9;10.02.2017
EuroTrans;Frankfurt;Ship;216863;7277.7;54512.11;21;67341.8;25.04.2018
HeavyLift;Brussels;Truck;19154;897.2;6575.45;4;329.1;29.06.2017
NorthWind;Dresden;Train;47488;1294.2;17766.35;4;2590.4;11.01.2017
HeavyLift;Warsaw;Truck;23812;902.1;7214.08;4;375.9;06.10.2018
NorthWind;Vienna;Truck;10112;306.8;5792.09;2;120.7;14.03.2020
MoveIt;Warsaw;Truck;19172;1046.4;7097.06;4;393.1;05.05.2016
MoveIt;Copenhagen;Train;20262;1150.1;12517.7;3;1325.2;02.03.2025
ShipLine;Budapest;Truck;2698;873.0;4876.98;3;281.6;20.01.2015
ShipLine;Bratislava;Truck;18933;939.6;7403.26;4;330.0;21.11.2021
RailCargo;Brussels;Truck;12610;1160.1;12423.06;3;392.2;01.01.2025
GlobalFreight;Frankfurt;Truck;20585;828.3;7808.26;4;256.2;25.02.2016
RailCargo;Frankfurt;Train;6492;584.1;7378.67;3;665.6;15.10.2018
RailCargo;Budapest;Truck;11821;1086.6;7439.24;5;292.4;20.03.2015
BlueLogistics;Amsterdam;Train;3372;501.8;4620.23;3;498.9;03.06.2015
RailCargo;Bratislava;Ship;30145;5286.6;17306.86;18;38184.3;04.09.2019
ShipLine;Copenhagen;Truck;23048;340.6;9114.38;2;136.9;03.06.2022
FastMove;Frankfurt;Truck;4544;746.5;5956.57;3;281.4;03.03.2018
FastMove;Warsaw;Truck;8667;750.4;4445.06;4;303.2;18.10.2016
CargoOne;Dresden;Truck;15800;288.8;9251.43;2;73.1;14.05.2024
RoadRunner;Zagreb;Truck;16817;153.6;14649.42;1;59.3;14.02.2020
HeavyLift;Bratislava;Truck;5774;164.8;2216.92;3;61.4;11.10.2019
QuickCargo;Warsaw;Truck;1553;921.9;10675.6;2;212.1;11.01.2025
ShipLine;Bratislava;Ship;184685;1469.2;16948.21;7;10653.9;29.04.2019
QuickCargo;Zagreb;Ship;92440;5471.7;21557.63;13;44328.5;14.10.2016
FastMove;Brussels;Plane;9341;3154.7;77520.59;3;23705.3;29.04.2015
MoveIt;Budapest;Truck;13526;611.3;6050.11;3;156.8;26.09.2024
NorthWind;Frankfurt;Ship;122432;4951.9;26377.51;20;40820.4;09.11.2022
RoadRunner;Warsaw;Truck;15841;885.6;9176.54;3;331.7;05.04.2021
CargoBridge;Berlin;Truck;16616;1124.5;7010.15;5;459.6;06.07.2020
GlobalFreight;Amsterdam;Truck;16661;369.9;7018.22;2;137.4;24.02.2020
ShipLine;Ljubljana;Truck;10406;623.2;8917.96;2;202.1;16.08.2019
CargoOne;Dresden;Train;79694;2099.6;15589.07;7;4273.2;05.05.2022
NorthWind;Ljubljana;Plane;909;2498.4;55939.5;3;27560.9;23.09.2021
ShipLine;Milan;Train;29564;462.3;14308.54;2;636.5;21.02.2021
SkyCargo;Milan;Train;22016;305.3;5817.19;3;545.6;07.11.2017
RoadRunner;Hamburg;Truck;12924;1119.7;7694.24;3;438.4;29.06.2023
RailCargo;Berlin;Plane;9667;5106.1;101254.04;4;63985.6;27.08.2020
EuroTrans;Zagreb;Truck;18178;896.6;5587.91;5;369.0;01.05.2025
CargoBridge;Munich;Train;17327;599.4;11656.67;2;951.5;19.11.2024
RailCargo;Brussels;Plane;12510;5537.5;96599.45;4;52346.5;10.01.2024
EuroTrans;Budapest;Truck;16836;855.0;11058.29;3;326.9;28.06.2025
SkyCargo;Hamburg;Truck;9571;767.8;4292.45;4;305.4;08.12.2025
EuroTrans;Frankfurt;Train;15626;1664.8;9719.2;6;2463.0;18.12.2022
RailCargo;Dresden;Truck;468;1024.4;3743.77;4;211.1;29.03.2017
HeavyLift;Munich;Plane;2419;4258.6;68730.55;4;43253.3;13.05.2015
GlobalFreight;Ljubljana;Truck;18461;1048.2;6000.9;5;414.2;18.10.2023
TransMax;Zurich;Train;50514;308.1;8848.27;3;658.0;11.03.2021
CargoOne;Prague;Train;58573;667.1;11625.05;4;1434.8;20.06.2023
RoadRunner;Dresden;Train;25862;651.9;9061.05;3;763.6;12.12.2016
QuickCargo;Frankfurt;Truck;9195;96.7;3065.94;2;24.6;15.09.2018
ShipLine;Budapest;Truck;19608;1117.9;12310.0;3;484.3;02.07.2020
TransMax;Dresden;Truck;10465;951.6;6661.02;4;387.4;14.10.2016
RailCargo;Dresden;Train;29492;411.5;4508.89;4;693.2;28.08.2025
TransMax;Frankfurt;Truck;21326;695.5;14694.28;2;272.3;18.11.2021
CargoBridge;Amsterdam;Plane;5278;4254.0;71321.07;3;47973.1;13.02.2023
HeavyLift;Prague;Plane;6163;5021.6;100714.0;4;47117.1;22.04.2022
BlueLogistics;Paris;Train;22440;2380.9;11111.48;7;4146.6;13.05.2017
NorthWind;Hamburg;Ship;59487;3854.3;30413.49;11;33021.2;18.11.2019
NorthWind;Vienna;Train;60691;553.6;5965.59;4;715.8;28.10.2017
SkyCargo;Vienna;Train;34401;723.6;9486.47;3;1092.0;15.05.2019
NorthWind;Warsaw;Train;8788;1675.3;9441.09;6;2431.7;29.05.2025
SkyCargo;Warsaw;Truck;19925;838.8;13047.21;2;339.0;30.05.2022
CargoOne;Zagreb;Truck;12862;302.8;4364.33;3;119.8;05.05.2018
NorthWind;Milan;Plane;14352;561.3;21754.54;2;4364.8;09.01.2021
SkyCargo;Vienna;Truck;23837;910.5;11276.09;3;322.1;21.10.2016
EuroTrans;Amsterdam;Train;15523;781.3;12083.88;3;1340.8;15.06.2025
SkyCargo;Ljubljana;Train;9329;368.2;8032.61;2;393.0;02.01.2019
EuroTrans;Amsterdam;Truck;6390;762.4;6549.85;3;230.6;20.07.2021
EuroTrans;Milan;Ship;93415;7702.3;34645.64;16;41678.7;22.11.2019
HeavyLift;Milan;Truck;15777;892.9;8101.77;3;283.2;20.12.2016
NorthWind;Vienna;Ship;78401;6982.7;48816.55;23;34652.4;27.02.2023
FastMove;Prague;Ship;217407;5347.7;20897.1;19;34496.1;09.01.2025
SkyCargo;Zagreb;Train;51945;541.9;16282.02;2;1063.1;18.03.2020
SkyCargo;Frankfurt;Truck;397;468.4;3969.79;3;165.8;10.11.2016
TransMax;Frankfurt;Truck;18608;233.1;6311.38;3;88.7;03.06.2020
GlobalFreight;Berlin;Truck;2109;610.8;7531.35;2;152.2;16.11.2023
GlobalFreight;Copenhagen;Truck;1571;572.8;4526.32;2;184.4;08.02.2022
MoveIt;Bratislava;Ship;290396;2695.9;21213.69;13;22009.1;27.01.2025
MoveIt;Vienna;Train;29715;1065.6;12445.56;4;1466.0;28.05.2020
CargoBridge;Prague;Train;22206;519.6;8351.43;2;769.6;06.10.2016
GlobalFreight;Warsaw;Train;43783;1153.6;8481.93;5;1857.2;22.10.2016
NorthWind;Brussels;Truck;18842;99.6;8049.05;2;28.6;24.08.2016
CargoOne;Munich;Truck;13335;257.0;4011.15;3;88.9;03.06.2022
MoveIt;Zurich;Plane;9957;1691.3;36115.74;3;20969.9;27.09.2021
EuroTrans;Munich;Train;22483;1374.9;9174.09;5;1802.9;30.07.2017
RailCargo;Copenhagen;Truck;17178;69.0;2673.87;3;24.0;30.01.2016
EuroTrans;Zagreb;Plane;14401;3799.0;51584.27;4;39674.6;17.06.2016
CargoBridge;Dresden;Ship;231228;7258.2;29338.55;20;54687.2;28.07.2017
TransMax;Zagreb;Ship;56231;3544.9;26306.73;13;18041.5;10.12.2015
HeavyLift;Dresden;Truck;23287;267.4;6235.35;3;74.6;17.03.2019
NorthWind;Hamburg;Train;47983;926.6;13511.94;3;1469.5;04.01.2021
RailCargo;Milan;Train;52595;2481.1;14990.68;7;3988.8;25.02.2019
SkyCargo;Dresden;Truck;18978;1186.8;10518.69;4;463.1;24.05.2022
FastMove;Amsterdam;Truck;5351;854.2;12381.61;2;264.2;20.11.2021
QuickCargo;Berlin;Truck;223;1159.3;4559.22;5;404.5;28.12.2015
FastMove;Bratislava;Truck;1287;142.0;1143.82;3;52.8;19.03.2018
QuickCargo;Berlin;Plane;10510;5011.3;140369.56;4;32454.7;23.10.2020
HeavyLift;Hamburg;Truck;16952;739.4;6299.65;4;271.5;06.05.2022
CargoOne;Munich;Truck;13138;367.3;7660.52;2;115.7;07.04.2023
QuickCargo;Vienna;Plane;11917;3522.8;65563.15;4;45775.2;06.02.2018
BlueLogistics;Hamburg;Truck;202;514.5;3561.04;2;141.0;20.04.2018
GlobalFreight;Warsaw;Ship;287016;7688.3;60939.04;23;71651.3;25.04.2021
ShipLine;Amsterdam;Ship;245568;7720.9;62447.05;22;83654.6;22.11.2017
FastMove;Copenhagen;Train;30637;2486.7;10332.36;7;3586.3;10.11.2022
MoveIt;Bratislava;Truck;22125;157.0;4084.18;3;52.6;09.07.2018
GlobalFreight;Hamburg;Ship;104702;2737.3;22065.71;12;14357.2;26.04.2017
BlueLogistics;Hamburg;Ship;191660;6821.6;57652.96;16;37905.8;10.06.2022
ShipLine;Prague;Ship;27158;4698.6;22509.2;18;25836.5;17.11.2024
CargoBridge;Bratislava;Truck;16798;1182.1;7725.99;4;349.9;18.12.2023
RailCargo;Zagreb;Plane;5709;679.1;47896.15;1;7175.1;31.10.2022
SkyCargo;Ljubljana;Truck;22139;59.7;14623.56;1;22.6;29.11.2017
EuroTrans;Dresden;Truck;20139;359.8;8626.94;2;108.0;08.06.2023
GlobalFreight;Milan;Ship;99313;2813.3;21508.61;13;27763.8;31.01.2023
HeavyLift;Amsterdam;Train;26198;2169.5;11026.62;5;4242.7;24.12.2016
RailCargo;Zagreb;Truck;20715;1077.3;9019.08;4;429.6;21.04.2021
MoveIt;Berlin;Truck;2017;844.1;7399.56;3;213.1;08.05.2023
GlobalFreight;Bratislava;Truck;8494;694.4;5907.46;3;210.0;16.10.2021
BlueLogistics;Dresden;Truck;11686;947.4;9786.39;3;313.4;18.11.2015
RailCargo;Zurich;Truck;5541;1150.1;6241.24;4;443.5;16.07.2019
MoveIt;Vienna;Truck;10322;445.2;6872.31;2;127.7;16.01.2018
CargoBridge;Ljubljana;Ship;278120;7559.1;32601.32;24;62477.0;28.02.2023
BlueLogistics;Bratislava;Plane;1331;4353.8;69993.78;3;34642.3;22.04.2020
SkyCargo;Berlin;Truck;2777;506.6;4446.5;2;162.4;16.05.2019
HeavyLift;Amsterdam;Truck;20578;376.8;6241.18;2;136.9;01.01.2019
MoveIt;Paris;Ship;288421;4163.8;26395.47;18;38204.9;17.01.2021
EuroTrans;Ljubljana;Train;74422;1662.5;17372.61;5;3321.6;26.05.2020
SkyCargo;Amsterdam;Ship;196775;3981.4;17211.35;13;23498.4;03.07.2023
MoveIt;Budapest;Truck;322;589.6;4783.79;3;170.8;04.08.2023
RailCargo;Zurich;Train;72355;2032.6;16573.7;5;3566.0;30.10.2016
QuickCargo;Copenhagen;Ship;46528;2388.3;18030.06;11;11709.0;21.01.2024
QuickCargo;Bratislava;Truck;8858;904.4;5852.73;3;346.5;21.02.2022
ShipLine;Ljubljana;Truck;6203;766.2;7711.07;3;190.1;26.11.2025
FastMove;Zurich;Truck;23875;872.5;10402.27;2;258.1;18.09.2019
HeavyLift;Zagreb;Plane;12986;3050.3;158030.04;2;22245.9;27.12.2017
TransMax;Copenhagen;Truck;6347;590.7;3191.06;4;157.2;05.12.2025
TransMax;Amsterdam;Truck;8149;1171.2;5662.7;5;273.1;04.11.2020
NorthWind;Hamburg;Truck;10277;833.7;5336.17;5;219.1;01.03.2021
SkyCargo;Warsaw;Truck;6561;784.3;7647.48;3;181.4;24.08.2017
NorthWind;Brussels;Truck;9097;242.5;5497.35;2;73.1;08.07.2021
TransMax;Zagreb;Train;12228;556.5;7225.75;3;774.4;15.11.2025
TransMax;Berlin;Truck;23031;791.3;8847.84;3;234.3;06.04.2021
TransMax;Milan;Ship;106169;3958.8;28075.33;10;25052.5;11.06.2015
ShipLine;Ljubljana;Train;64737;1448.3;16145.17;4;2132.1;01.02.2018
MoveIt;Dresden;Truck;14775;660.8;5514.7;3;196.0;26.02.2022
SkyCargo;Copenhagen;Train;48220;2230.7;13529.1;7;3124.0;16.01.2021
MoveIt;Copenhagen;Truck;18120;835.7;8035.74;3;260.2;30.01.2016
SkyCargo;Vienna;Truck;5903;1128.5;4894.92;5;289.0;27.05.2021
NorthWind;Copenhagen;Train;77871;1409.4;14428.53;4;2467.0;07.06.2025
CargoBridge;Hamburg;Train;10980;2335.3;10435.97;6;3552.6;26.12.2024
RailCargo;Milan;Ship;144363;1219.8;10529.91;10;10794.5;03.06.2017
SkyCargo;Warsaw;Truck;12676;315.7;6453.02;2;106.4;02.01.2017
SkyCargo;Dresden;Truck;20976;171.3;7496.73;2;67.0;02.03.2016
EuroTrans;Munich;Train;21232;1360.8;12664.51;5;2121.7;03.03.2021
GlobalFreight;Milan;Truck;23835;778.2;9350.11;3;251.2;03.03.2021
CargoBridge;Bratislava;Truck;13061;570.3;6860.58;2;142.4;07.07.2016
CargoBridge;Zurich;Truck;7089;1182.1;6869.29;5;269.0;04.02.2018
CargoBridge;Dresden;Train;75422;1512.5;13338.36;4;2122.6;12.02.2019
CargoBridge;Amsterdam;Truck;3061;982.7;4076.04;4;307.2;22.08.2018
TransMax;Zagreb;Truck;22646;999.6;6937.12;4;422.8;03.06.2015
QuickCargo;Copenhagen;Truck;11007;114.3;5120.32;2;43.9;02.10.2024
TransMax;Amsterdam;Train;1998;2153.8;6332.92;6;3116.9;31.07.2018
SkyCargo;Budapest;Truck;5069;852.4;9146.7;2;297.1;03.09.2021
RoadRunner;Frankfurt;Truck;12971;546.7;9756.95;2;166.1;23.02.2021
RailCargo;Bratislava;Truck;22917;627.1;12918.47;2;188.5;25.04.2022
RoadRunner;Hamburg;Train;69214;2493.3;21280.46;5;3467.6;13.05.2025
RoadRunner;Vienna;Truck;12019;525.6;7643.6;2;156.5;02.06.2018
EuroTrans;Milan;Train;58461;2477.4;18233.95;6;4159.4;08.09.2022
GlobalFreight;Budapest;Ship;63915;6939.9;43290.49;21;35375.7;02.05.2024
MoveIt;Zurich;Truck;3696;847.9;5724.24;3;251.9;17.05.2017
BlueLogistics;Dresden;Train;63811;794.9;13311.35;4;1805.1;23.03.2019
RoadRunner;Frankfurt;Truck;9356;245.9;9100.13;1;87.7;07.08.2025
CargoOne;Vienna;Truck;21680;362.0;11084.39;2;105.6;03.05.2019
BlueLogistics;Copenhagen;Train;41847;1832.3;8642.4;5;3135.0;03.11.2025
ShipLine;Dresden;Plane;4073;618.2;27844.11;2;4746.3;17.03.2015
GlobalFreight;Milan;Truck;16475;397.7;7372.91;2;105.8;20.02.2024
CargoOne;Dresden;Plane;5619;1740.7;29456.97;3;18012.3;09.10.2025
NorthWind;Amsterdam;Truck;14024;708.8;5094.42;4;291.0;26.04.2017
NorthWind;Budapest;Train;27017;1773.3;11394.37;6;2325.9;07.07.2016
RailCargo;Budapest;Train;21215;1499.1;15628.45;4;2273.3;24.07.2018
MoveIt;Budapest;Train;54769;1960.5;13316.42;7;2968.4;21.02.2022
CargoBridge;Bratislava;Truck;4360;266.1;7752.46;1;93.6;11.05.2021
RoadRunner;Amsterdam;Train;3918;731.1;7158.13;3;1109.5;12.10.2021
ShipLine;Milan;Truck;15577;495.6;8451.92;2;142.1;03.03.2015
CargoBridge;Bratislava;Plane;11019;1724.0;33009.03;3;20297.7;05.12.2019
MoveIt;Zagreb;Train;32846;2193.6;16637.73;5;3998.0;28.01.2023
GlobalFreight;Copenhagen;Train;78331;1907.7;15300.1;5;3870.5;23.03.2016
ShipLine;Ljubljana;Ship;133828;1105.4;10956.85;10;7419.4;15.10.2020
TransMax;Berlin;Truck;10029;555.5;3193.08;4;158.3;22.04.2025
CargoOne;Frankfurt;Plane;10605;3049.7;55872.61;3;34987.8;08.07.2025
CargoBridge;Dresden;Truck;14824;525.6;12482.56;2;174.0;23.11.2024
ShipLine;Vienna;Truck;23363;845.5;5143.43;4;344.3;15.01.2020
NorthWind;Milan;Truck;23868;863.4;8864.31;4;320.9;08.04.2019
CargoOne;Munich;Plane;10825;3610.2;51106.11;4;27358.8;30.07.2015
RailCargo;Zurich;Truck;14672;933.9;12030.71;3;262.8;15.01.2015
RoadRunner;Bratislava;Truck;16389;622.3;7790.77;3;159.1;08.08.2021
NorthWind;Zagreb;Truck;19750;558.2;7927.4;3;173.0;02.04.2021
MoveIt;Hamburg;Truck;21456;220.5;7790.02;2;65.6;07.10.2021
HeavyLift;Paris;Plane;6851;769.7;29420.86;2;5420.9;06.11.2022
RoadRunner;Dresden;Truck;19021;573.6;7656.8;3;154.8;24.01.2025
RailCargo;Vienna;Ship;39039;6871.8;45193.61;17;28845.5;28.11.2020
RailCargo;Frankfurt;Truck;1956;290.4;7960.06;1;98.1;04.06.2020
QuickCargo;Zurich;Truck;8558;1025.0;5343.65;4;417.8;23.04.2021
ShipLine;Frankfurt;Train;24080;1344.8;6101.58;6;1631.7;29.04.2016
CargoOne;Ljubljana;Train;27675;471.2;5086.15;4;945.5;14.04.2021
TransMax;Hamburg;Truck;9278;281.4;5073.56;2;68.4;08.08.2023
CargoOne;Warsaw;Train;75069;985.1;10462.38;4;1371.4;16.10.2018
CargoBridge;Zagreb;Plane;10598;4884.9;131551.75;3;36640.5;17.01.2025
GlobalFreight;Ljubljana;Ship;34371;3780.5;25714.17;17;19430.9;03.01.2021
CargoOne;Hamburg;Train;46846;963.0;16229.9;3;1252.5;17.03.2019
NorthWind;Dresden;Ship;209244;4911.1;37971.77;13;28452.5;14.08.2024
GlobalFreight;Berlin;Truck;7837;149.8;3503.04;2;56.2;17.12.2016
FastMove;Milan;Ship;53551;6400.1;35984.63;18;23585.1;18.02.2017
GlobalFreight;Zagreb;Train;43404;1404.3;24469.24;3;2804.8;03.08.2022
EuroTrans;Hamburg;Train;68964;1256.5;18620.67;3;2045.8;11.10.2024
FastMove;Paris;Truck;17108;103.1;4325.82;3;40.3;01.03.2022
CargoBridge;Hamburg;Truck;9115;271.4;5140.4;2;100.3;07.10.2016
HeavyLift;Warsaw;Truck;16894;766.4;11768.71;2;271.3;30.07.2025
QuickCargo;Zurich;Train;41312;593.9;6146.34;4;860.3;12.04.2020
CargoBridge;Berlin;Truck;14024;111.9;5831.76;2;41.8;27.09.2022
QuickCargo;Ljubljana;Train;26471;918.6;10251.03;4;1533.5;23.06.2023
TransMax;Ljubljana;Train;61877;413.7;20944.58;2;651.4;11.04.2020
BlueLogistics;Amsterdam;Truck;8505;1080.1;6097.76;5;322.9;05.11.2023
MoveIt;Paris;Truck;15625;84.8;9282.07;1;28.7;28.11.2018
RoadRunner;Budapest;Train;14522;1133.1;11274.35;4;1765.8;30.06.2019
RoadRunner;Brussels;Truck;5260;330.2;2375.16;4;94.6;17.08.2021
RailCargo;Brussels;Train;31453;987.1;15766.22;3;1683.5;20.05.2024
ShipLine;Warsaw;Train;73256;1264.7;17732.21;3;2269.7;16.09.2021
FastMove;Copenhagen;Truck;2064;791.7;11147.44;2;280.2;18.02.2022
TransMax;Prague;Ship;242489;5558.3;36584.78;17;43159.0;23.08.2022
CargoBridge;Paris;Truck;22317;963.5;11976.92;3;428.0;11.11.2018
FastMove;Prague;Train;17218;1374.0;10186.48;6;1362.4;04.01.2015
QuickCargo;Dresden;Ship;152958;3386.6;25389.3;16;20119.9;27.07.2018
QuickCargo;Copenhagen;Truck;6971;550.5;3927.17;3;169.9;14.05.2025
GlobalFreight;Brussels;Truck;22006;1197.1;11782.37;3;329.7;03.12.2024
ShipLine;Brussels;Plane;2268;1246.8;49621.54;2;10240.5;11.10.2021
CargoBridge;Brussels;Train;56090;1245.1;10920.46;4;2080.2;12.10.2021
CargoOne;Zagreb;Ship;268050;2504.6;17681.04;10;28151.4;05.06.2015
RoadRunner;Zagreb;Train;63615;460.3;7800.94;5;624.7;20.08.2024
TransMax;Bratislava;Truck;20040;140.0;18992.56;1;49.3;16.11.2015
NorthWind;Dresden;Ship;32668;3050.0;10086.1;16;19937.5;28.02.2025
ShipLine;Paris;Truck;9704;1154.7;9375.64;4;275.6;25.02.2023
TransMax;Bratislava;Truck;5590;594.1;4556.61;3;200.1;22.04.2015
HeavyLift;Zagreb;Truck;9154;631.4;7207.74;2;215.5;25.04.2023
FastMove;Munich;Plane;10819;4564.3;73800.52;4;55216.2;09.06.2020
EuroTrans;Frankfurt;Ship;49250;3268.5;24964.6;17;23094.5;11.06.2023
RailCargo;Copenhagen;Truck;20942;556.2;10706.79;2;207.9;18.12.2017
TransMax;Warsaw;Truck;15655;583.6;11520.12;2;225.6;05.04.2019
NorthWind;Copenhagen;Truck;14295;216.9;13390.34;1;89.9;14.10.2025
SkyCargo;Berlin;Truck;11644;661.0;6541.19;4;209.2;04.10.2018
HeavyLift;Bratislava;Ship;210077;2638.5;17440.63;12;24148.9;22.08.2023
BlueLogistics;Frankfurt;Truck;5945;843.8;4112.11;3;187.1;12.08.2019
FastMove;Frankfurt;Truck;7239;562.8;3842.95;3;151.7;21.08.2015
RoadRunner;Hamburg;Plane;11621;4009.5;91929.58;4;28684.6;26.07.2023
CargoBridge;Munich;Ship;137820;5808.7;22878.11;15;48450.8;06.02.2018
TransMax;Brussels;Train;42889;1735.4;11811.96;4;3301.4;11.05.2019
GlobalFreight;Berlin;Truck;5880;984.7;7512.64;4;303.4;31.12.2016
NorthWind;Zagreb;Truck;14181;671.7;13637.98;2;243.9;28.02.2016
CargoOne;Vienna;Truck;14660;886.7;12300.02;2;300.1;04.06.2015
NorthWind;Copenhagen;Truck;12873;855.1;7567.99;4;287.0;22.11.2019
RailCargo;Vienna;Train;63685;207.6;13472.9;2;376.4;25.05.2018
RailCargo;Berlin;Train;12383;2405.3;10710.58;6;4200.2;12.07.2023
TransMax;Zurich;Train;5655;606.2;3166.92;5;911.2;13.03.2016
NorthWind;Milan;Truck;14401;1068.0;6424.77;4;291.8;25.08.2021
BlueLogistics;Zagreb;Truck;21133;961.7;11899.15;3;352.5;09.03.2015
CargoOne;Paris;Truck;1452;955.9;7433.43;3;232.2;17.07.2025
NorthWind;Dresden;Truck;2410;716.2;8701.55;2;167.2;18.04.2025
RoadRunner;Berlin;Truck;520;796.1;4610.82;3;167.8;12.02.2020
RoadRunner;Munich;Ship;60748;1260.5;11178.66;6;9047.0;10.04.2017
RailCargo;Paris;Ship;215768;7871.8;49331.5;19;86690.6;19.05.2024
TransMax;Hamburg;Ship;180900;5070.2;37136.26;12;32714.8;24.02.2019
SkyCargo;Munich;Truck;1383;1114.5;8446.52;3;386.7;08.10.2016
CargoOne;Zagreb;Truck;2970;58.3;1451.66;2;18.5;20.11.2023
TransMax;Zagreb;Train;36013;674.2;10130.81;4;999.3;04.06.2015
RoadRunner;Munich;Train;12037;1607.7;8218.6;5;2689.5;23.08.2017
BlueLogistics;Warsaw;Plane;10160;5872.4;124496.43;4;68604.7;22.08.2023
NorthWind;Hamburg;Truck;4939;272.8;2447.6;3;106.6;07.07.2022
CargoBridge;Berlin;Truck;6917;468.8;5465.46;3;132.8;27.06.2015
FastMove;Berlin;Plane;12889;1467.4;79387.88;1;15147.8;27.12.2019
RoadRunner;Paris;Truck;10722;909.1;6291.27;3;232.3;17.08.2019
MoveIt;Hamburg;Truck;15483;303.8;4108.44;3;79.4;01.11.2021
ShipLine;Munich;Truck;23637;206.9;14750.38;1;71.0;12.05.2015
QuickCargo;Berlin;Truck;15304;177.8;7259.89;2;50.1;08.10.2021
EuroTrans;Munich;Train;30607;1471.3;19300.78;3;2775.6;20.08.2021
ShipLine;Ljubljana;Truck;8132;889.5;6687.27;3;271.5;11.08.2025
EuroTrans;Prague;Truck;15472;100.9;3259.18;3;34.5;30.01.2024
TransMax;Warsaw;Truck;18350;326.6;4612.07;3;126.0;08.01.2019
HeavyLift;Amsterdam;Train;63386;408.7;8911.91;4;587.4;18.07.2021
CargoOne;Ljubljana;Truck;23090;209.4;8144.27;2;87.8;07.02.2022
CargoOne;Vienna;Truck;17447;844.4;13641.97;2;282.7;30.01.2021
RoadRunner;Hamburg;Ship;181000;1382.9;16158.5;12;7106.5;16.12.2024
CargoOne;Warsaw;Truck;1389;585.2;4247.87;3;138.2;15.12.2022
TransMax;Hamburg;Truck;17732;435.2;11186.86;2;150.2;03.10.2025
QuickCargo;Hamburg;Ship;173015;6278.4;43357.54;17;39769.3;17.09.2015
GlobalFreight;Milan;Truck;4070;626.7;6285.4;3;193.8;26.01.2020
RoadRunner;Milan;Ship;39407;7606.6;26996.35;17;66161.8;02.01.2017
HeavyLift;Vienna;Truck;22891;367.3;11697.26;2;111.4;03.04.2015
HeavyLift;Brussels;Plane;2183;3477.9;115277.07;3;28630.0;13.02.2017
FastMove;Prague;Ship;277430;2472.8;19808.01;13;20386.9;29.08.2018
ShipLine;Frankfurt;Ship;164426;4005.8;23693.73;15;40194.0;17.07.2017
ShipLine;Milan;Plane;795;4733.6;184209.46;3;33592.8;20.10.2016
QuickCargo;Dresden;Truck;23253;1169.2;5399.6;5;464.7;18.06.2015
GlobalFreight;Budapest;Truck;6772;475.1;3798.41;3;108.7;08.03.2019
ShipLine;Dresden;Plane;2010;3435.0;69080.9;4;27823.3;20.02.2020
CargoBridge;Paris;Truck;17946;1165.7;7394.19;5;372.4;02.04.2018
TransMax;Budapest;Ship;236790;6045.5;35267.53;16;36525.7;09.08.2022
SkyCargo;Warsaw;Truck;7270;511.9;3719.29;3;123.3;17.07.2021
SkyCargo;Amsterdam;Ship;107611;6323.1;36296.8;14;46200.3;24.12.2015
SkyCargo;Copenhagen;Truck;19877;415.4;6523.37;3;114.8;11.01.2023
MoveIt;Brussels;Truck;9377;478.8;7342.45;2;137.3;02.06.2017
QuickCargo;Ljubljana;Train;58499;1155.9;16172.78;4;2363.1;19.01.2025
RailCargo;Budapest;Ship;80308;5105.1;40639.46;13;33952.8;28.09.2015
CargoBridge;Copenhagen;Truck;9006;520.9;6105.68;3;171.9;14.07.2016
BlueLogistics;Munich;Ship;262208;2884.1;25700.18;8;30512.5;09.04.2021
QuickCargo;Ljubljana;Truck;5097;959.9;9039.53;3;373.5;02.05.2022
NorthWind;Zurich;Truck;22589;615.7;9165.43;3;172.7;19.11.2025
FastMove;Milan;Train;34304;1500.8;11229.69;5;2301.2;30.09.2020
QuickCargo;Prague;Ship;35676;1972.5;13494.27;8;12077.7;05.08.2015
HeavyLift;Milan;Truck;11714;1098.9;9533.82;3;320.4;04.03.2017
TransMax;Munich;Ship;92627;5111.1;39292.81;16;46822.4;18.05.2018
HeavyLift;Milan;Truck;4759;717.1;7757.78;2;221.7;25.10.2018
CargoBridge;Munich;Truck;7295;227.7;3172.33;3;83.7;06.09.2025
SkyCargo;Dresden;Train;15437;1815.2;7480.32;5;3325.1;13.03.2015
ShipLine;Milan;Truck;14531;467.0;4586.3;4;166.3;17.12.2022
HeavyLift;Prague;Train;17370;472.8;3446.47;4;507.1;17.06.2016
FastMove;Brussels;Train;10688;2003.3;13834.09;4;2733.3;15.05.2015
TransMax;Frankfurt;Train;33662;1278.9;9154.34;3;1731.8;22.05.2016
CargoBridge;Hamburg;Train;46576;660.1;17501.47;2;854.7;02.07.2021
GlobalFreight;Milan;Truck;23923;625.7;8419.75;3;231.9;24.07.2023
CargoOne;Frankfurt;Truck;9285;270.3;9466.26;1;99.1;13.05.2025
BlueLogistics;Frankfurt;Ship;102059;4218.0;18575.07;14;41197.5;04.04.2019
RailCargo;Hamburg;Train;41693;1137.4;13763.98;3;1391.1;26.11.2022
HeavyLift;Dresden;Train;65211;389.2;15203.8;2;612.1;12.12.2025
MoveIt;Ljubljana;Truck;14073;518.4;10456.72;2;134.5;13.08.2022
GlobalFreight;Munich;Truck;22073;825.3;13281.8;2;290.9;10.08.2016
RailCargo;Copenhagen;Train;22614;2448.4;13614.59;5;4761.7;14.07.2019
FastMove;Amsterdam;Ship;151023;6021.4;40874.02;20;54831.2;25.12.2023
NorthWind;Copenhagen;Truck;13302;816.7;3777.13;5;274.7;15.05.2016
HeavyLift;Zagreb;Truck;4460;772.6;11014.4;2;268.6;20.04.2015
EuroTrans;Copenhagen;Train;40182;952.0;8872.46;4;1140.2;10.08.2023
ShipLine;Ljubljana;Truck;16114;811.4;9861.04;3;285.1;14.03.2015
TransMax;Berlin;Plane;1971;5340.7;94228.41;4;39866.8;15.05.2015
EuroTrans;Dresden;Train;22014;1992.6;14784.75;5;2191.0;24.03.2016
RoadRunner;Zagreb;Train;75500;1776.4;9769.95;5;3425.8;14.12.2017
ShipLine;Copenhagen;Train;37781;1011.4;11990.21;3;1124.2;29.11.2018
TransMax;Prague;Ship;204530;5301.1;29576.12;13;37723.5;01.06.2022
BlueLogistics;Amsterdam;Truck;2833;408.9;2066.82;4;90.5;22.03.2015
SkyCargo;Paris;Truck;13893;806.4;5550.92;4;329.5;05.08.2021
CargoOne;Paris;Truck;18810;498.8;9688.78;2;174.9;27.07.2020
SkyCargo;Paris;Truck;14336;394.4;7992.82;2;142.8;14.07.2024
SkyCargo;Hamburg;Truck;18843;104.7;4681.19;2;31.8;19.06.2024
RoadRunner;Warsaw;Train;74742;828.7;10635.36;5;1521.4;22.04.2022
MoveIt;Zurich;Train;71272;889.8;15232.9;3;1556.1;13.07.2022
TransMax;Dresden;Truck;23096;71.4;8071.78;2;22.2;28.03.2024
QuickCargo;Ljubljana;Truck;20183;783.6;8654.8;4;337.3;03.09.2015
SkyCargo;Hamburg;Truck;4980;219.9;2727.68;3;77.9;24.08.2024
MoveIt;Vienna;Train;35487;2145.7;8821.38;7;3673.9;21.07.2019
BlueLogistics;Warsaw;Truck;10225;81.9;4000.7;2;27.4;01.06.2015
BlueLogistics;Munich;Truck;9152;83.5;4651.74;2;21.9;13.06.2020
TransMax;Prague;Truck;10336;1081.0;8468.78;4;422.2;28.01.2019
NorthWind;Vienna;Truck;4655;1015.8;7359.73;3;323.3;13.06.2022
MoveIt;Frankfurt;Truck;7851;1067.2;5951.72;4;389.9;08.04.2023
RailCargo;Amsterdam;Plane;1770;1699.0;64719.23;2;20431.3;11.08.2021
CargoOne;Zagreb;Train;15306;1809.1;13387.15;5;2421.6;11.11.2024
TransMax;Budapest;Truck;10148;873.0;13142.11;2;356.1;05.06.2022
TransMax;Berlin;Train;31914;2014.2;15432.91;5;2868.3;16.02.2025
TransMax;Warsaw;Train;58486;743.7;17050.22;3;1597.8;12.11.2017
HeavyLift;Vienna;Plane;4892;4661.7;178456.0;3;55399.6;11.11.2024
TransMax;Brussels;Ship;46992;2773.1;15903.31;15;25271.0;07.06.2024
GlobalFreight;Brussels;Ship;89066;6705.7;34413.82;20;46461.6;14.02.2024
SkyCargo;Paris;Truck;1757;81.5;1329.56;2;19.5;13.01.2015
RailCargo;Hamburg;Train;11278;921.6;11931.93;3;1045.3;13.04.2022
TransMax;Budapest;Ship;172457;5737.4;23664.3;17;57176.7;26.08.2021
MoveIt;Paris;Ship;222315;2230.4;18689.07;10;16915.6;25.05.2021
BlueLogistics;Prague;Plane;10622;5577.1;55252.15;5;44712.8;08.12.2017
QuickCargo;Munich;Truck;19723;760.7;9628.46;3;214.3;25.04.2016
CargoOne;Frankfurt;Truck;14917;1108.0;4700.73;5;375.2;11.08.2025
MoveIt;Bratislava;Truck;4316;618.3;4213.51;3;155.5;24.02.2023
NorthWind;Hamburg;Truck;4832;519.8;5394.15;2;203.7;14.10.2017
GlobalFreight;Ljubljana;Truck;10642;589.2;3608.85;4;180.9;30.09.2019
QuickCargo;Bratislava;Truck;1757;690.5;6574.31;3;171.3;14.07.2025
NorthWind;Berlin;Truck;12532;630.2;7045.24;3;197.1;10.04.2021
CargoOne;Munich;Truck;11164;629.3;4290.37;4;164.2;03.08.2016
HeavyLift;Warsaw;Truck;16408;1175.3;8142.34;5;475.9;04.03.2018
CargoBridge;Bratislava;Train;35071;1951.6;10980.33;5;2925.1;05.07.2020
TransMax;Budapest;Train;58170;2322.6;15029.06;4;3216.6;01.12.2017
EuroTrans;Ljubljana;Truck;16267;1194.5;12292.97;3;380.3;12.07.2020
FastMove;Budapest;Truck;9359;157.6;7394.38;1;41.2;28.12.2024
NorthWind;Hamburg;Train;69445;2434.7;15812.35;7;3655.5;02.08.2020
NorthWind;Warsaw;Ship;68958;986.9;10075.56;8;7136.9;21.09.2016
CargoOne;Vienna;Truck;15773;863.9;7890.48;3;366.7;16.11.2025
CargoOne;Ljubljana;Truck;18700;891.3;10216.75;3;372.3;14.12.2023
CargoOne;Vienna;Train;12630;1585.3;17118.9;4;1700.6;01.01.2016
CargoOne;Hamburg;Truck;9386;946.4;4509.83;4;381.5;26.12.2023
RailCargo;Zurich;Plane;5902;3819.3;79279.37;4;44347.1;05.12.2024
RailCargo;Zagreb;Truck;3006;740.4;4436.3;4;263.6;11.10.2019
FastMove;Berlin;Train;29890;2438.5;17428.16;6;4237.7;05.04.2022
SkyCargo;Vienna;Truck;15700;553.0;9989.34;2;237.5;15.10.2017
SkyCargo;Brussels;Truck;2557;104.9;1147.01;3;31.6;18.03.2020
NorthWind;Bratislava;Truck;16546;723.4;12788.47;2;281.0;14.06.2024
RailCargo;Berlin;Truck;9803;1058.3;10259.3;3;384.2;22.01.2024
HeavyLift;Paris;Plane;3086;5292.4;157652.29;4;31537.5;21.07.2022
FastMove;Brussels;Train;15793;213.4;10857.1;1;335.9;18.05.2022
QuickCargo;Zagreb;Truck;20259;985.1;11008.43;3;383.0;24.05.2018
FastMove;Budapest;Truck;570;269.4;1220.81;3;63.5;17.08.2016
NorthWind;Amsterdam;Truck;17698;770.0;8213.11;3;241.1;31.03.2015
FastMove;Munich;Plane;7315;4563.3;126729.1;4;42328.1;04.04.2017
HeavyLift;Copenhagen;Truck;20707;59.1;4218.5;3;20.5;28.06.2021
RoadRunner;Dresden;Plane;6568;703.6;36414.78;2;7045.2;28.02.2024
MoveIt;Zagreb;Truck;673;119.8;1031.57;2;31.0;05.09.2019
CargoBridge;Zagreb;Truck;21224;766.1;6391.35;3;303.6;26.02.2017
ShipLine;Milan;Truck;19306;633.8;6924.08;4;206.2;14.05.2022
ShipLine;Budapest;Ship;209666;6005.6;44946.05;22;60627.4;05.12.2023
ShipLine;Munich;Train;11797;849.7;5602.29;4;864.6;18.02.2016
TransMax;Brussels;Plane;3865;3215.5;46795.97;3;18793.6;02.01.2019
NorthWind;Munich;Truck;16547;1038.4;9938.46;3;276.9;09.05.2016
SkyCargo;Amsterdam;Truck;11690;1192.7;6742.48;5;450.3;27.07.2024
QuickCargo;Frankfurt;Train;7108;439.5;3845.99;4;567.5;30.03.2016
FastMove;Warsaw;Ship;60265;1102.2;7593.28;6;4751.6;03.03.2023
HeavyLift;Ljubljana;Ship;57058;4388.4;31920.32;12;25246.5;06.04.2017
ShipLine;Brussels;Ship;253336;847.4;9448.28;7;7256.7;19.06.2023
RailCargo;Milan;Train;69922;764.5;16564.31;3;1187.0;04.08.2019
CargoBridge;Ljubljana;Plane;11197;3338.9;59920.3;3;22374.9;16.01.2024
SkyCargo;Vienna;Truck;5434;412.0;4666.81;2;119.0;10.09.2016
CargoBridge;Berlin;Plane;13111;5890.3;78104.72;5;61180.1;20.08.2022
QuickCargo;Dresden;Ship;169466;5995.2;30750.25;21;28429.7;28.04.2025
EuroTrans;Copenhagen;Truck;17889;285.9;4714.13;3;106.0;08.02.2024
TransMax;Copenhagen;Ship;49187;7143.0;48909.8;15;39278.1;31.05.2016
SkyCargo;Dresden;Truck;18130;156.7;4739.81;2;50.4;25.12.2024
TransMax;Dresden;Train;40338;755.1;5376.1;4;1577.8;08.03.2019
HeavyLift;Frankfurt;Truck;21380;104.9;3038.23;3;36.9;20.10.2018
BlueLogistics;Dresden;Ship;161867;2483.6;21211.88;10;23165.5;04.01.2023
RailCargo;Frankfurt;Train;68192;442.0;8162.61;3;943.4;24.12.2022
RailCargo;Brussels;Truck;4311;121.5;2322.2;2;35.8;06.08.2021
SkyCargo;Frankfurt;Ship;266529;7078.5;55865.5;21;82424.6;17.03.2023
RailCargo;Munich;Truck;23352;196.2;8684.58;2;88.7;15.10.2022
BlueLogistics;Ljubljana;Truck;18368;908.5;9709.09;3;393.0;10.05.2016
GlobalFreight;Zurich;Truck;12222;226.3;3927.61;2;69.7;08.08.2016
EuroTrans;Brussels;Truck;9339;1078.4;8303.83;3;408.3;29.11.2018
FastMove;Berlin;Truck;18588;709.0;8727.19;3;228.8;07.05.2024
RoadRunner;Budapest;Ship;246663;4434.3;24458.81;17;41992.6;01.01.2016
TransMax;Brussels;Truck;11158;1085.3;8997.75;4;444.6;30.03.2022
FastMove;Munich;Train;40981;1515.6;10861.4;5;1865.9;09.12.2021
SkyCargo;Berlin;Plane;12317;3369.6;63591.16;3;43536.3;06.01.2017
CargoOne;Bratislava;Ship;237904;2566.1;18391.63;8;22017.9;06.07.2020
MoveIt;Prague;Truck;838;257.6;1488.49;3;67.0;11.02.2016
SkyCargo;Munich;Truck;2986;260.1;6985.26;1;99.2;11.10.2025
GlobalFreight;Munich;Truck;12827;117.3;8776.33;1;31.5;23.07.2025
MoveIt;Warsaw;Truck;19612;325.6;5909.15;3;115.3;16.04.2016
HeavyLift;Berlin;Truck;2194;686.1;4144.81;3;192.6;07.01.2018
SkyCargo;Warsaw;Truck;4164;687.9;3927.2;3;197.5;13.04.2017
TransMax;Budapest;Truck;8083;1183.1;8947.66;4;358.7;05.01.2015
MoveIt;Ljubljana;Plane;10719;3914.0;115687.26;4;25178.8;14.09.2021
HeavyLift;Copenhagen;Plane;3505;5133.4;57445.51;4;46404.0;25.04.2021
FastMove;Zurich;Truck;4626;853.2;6044.12;4;337.2;29.08.2020
TransMax;Paris;Ship;142028;7606.9;37446.75;24;65927.5;10.08.2018
GlobalFreight;Hamburg;Truck;570;739.4;5033.11;4;167.1;18.01.2015
CargoBridge;Prague;Train;64591;1150.3;13449.0;5;2096.5;14.11.2015
SkyCargo;Prague;Ship;238400;6675.6;55457.86;20;50080.1;06.01.2019
RailCargo;Munich;Ship;9420;6645.5;26445.95;15;35334.7;02.05.2023
CargoOne;Bratislava;Train;25601;1831.2;13517.59;4;2939.9;17.08.2017
ShipLine;Milan;Truck;23120;616.8;6461.91;4;194.1;11.06.2019
FastMove;Bratislava;Train;72823;1336.2;24050.28;3;2786.0;19.12.2016
FastMove;Budapest;Train;75198;493.1;9199.73;4;1107.0;04.07.2024
NorthWind;Prague;Plane;8751;4311.4;120668.09;4;47130.3;16.10.2019
NorthWind;Berlin;Ship;218320;3125.6;21219.31;11;28956.3;06.07.2023
CargoOne;Amsterdam;Truck;17496;1106.2;5751.14;4;286.8;31.05.2021
TransMax;Prague;Plane;11317;1741.0;57116.11;2;12239.3;27.06.2018
FastMove;Warsaw;Truck;837;546.7;3284.35;3;172.5;17.03.2016
ShipLine;Amsterdam;Plane;13481;5078.8;152342.43;4;62754.9;12.12.2021
ShipLine;Warsaw;Train;11711;1531.5;7403.13;6;2763.7;11.10.2022
FastMove;Budapest;Truck;1845;972.7;4628.92;3;310.2;09.04.2021
CargoOne;Zurich;Ship;220538;3692.1;25530.69;11;32500.9;22.04.2019
ShipLine;Brussels;Ship;183056;5258.5;21129.3;18;46722.9;04.08.2021
BlueLogistics;Warsaw;Truck;2263;734.5;6767.72;3;263.6;15.09.2020
HeavyLift;Milan;Truck;14619;883.3;5598.82;3;241.6;22.07.2021
RailCargo;Frankfurt;Plane;5118;4649.1;61667.38;4;44028.9;07.10.2021
GlobalFreight;Zurich;Truck;19266;59.3;7338.75;2;17.2;10.04.2021
MoveIt;Berlin;Truck;6615;274.7;2105.03;3;70.9;02.05.2020
QuickCargo;Ljubljana;Train;76313;961.6;11135.46;4;1642.4;05.03.2016
ShipLine;Berlin;Truck;20981;1107.9;11158.57;3;345.0;28.03.2023
TransMax;Paris;Ship;214879;3506.6;19505.16;11;38881.4;03.05.2015
SkyCargo;Warsaw;Truck;20737;556.5;4666.75;3;226.5;21.03.2017
HeavyLift;Munich;Truck;5760;351.3;3560.88;2;112.1;14.06.2024
HeavyLift;Warsaw;Truck;12466;829.1;4921.29;4;332.3;12.02.2020
BlueLogistics;Milan;Ship;281261;5558.5;51403.44;21;65583.5;25.09.2015
FastMove;Budapest;Ship;104426;1741.7;11406.82;8;10996.1;15.12.2025
NorthWind;Amsterdam;Plane;9642;4697.0;165014.43;3;47129.1;07.08.2015
NorthWind;Bratislava;Ship;261371;6930.8;44919.22;16;42292.8;23.09.2015
EuroTrans;Frankfurt;Truck;16734;1064.8;6726.24;4;371.8;22.11.2020
QuickCargo;Zagreb;Train;35671;1338.0;12354.92;5;2282.1;28.04.2017
BlueLogistics;Hamburg;Truck;7212;319.5;6150.58;2;122.7;13.03.2019
HeavyLift;Dresden;Truck;9718;914.4;8265.47;3;270.4;19.12.2021
GlobalFreight;Brussels;Truck;12092;547.4;3707.36;4;162.8;15.08.2017
HeavyLift;Vienna;Truck;16491;144.8;8085.07;2;53.7;08.02.2016
FastMove;Vienna;Truck;10986;677.9;9617.2;2;200.6;31.08.2022
MoveIt;Bratislava;Truck;4567;744.6;5302.67;4;261.1;04.02.2015
TransMax;Zurich;Truck;13282;448.6;3787.12;4;175.9;03.05.2022
SkyCargo;Budapest;Ship;115034;2438.6;20664.1;11;17668.4;07.02.2023
MoveIt;Ljubljana;Truck;6205;148.8;3036.1;2;58.1;25.07.2024
SkyCargo;Prague;Truck;4255;714.1;5662.32;3;247.8;23.12.2018
GlobalFreight;Amsterdam;Truck;13267;838.6;5516.72;4;309.0;13.05.2021
TransMax;Berlin;Plane;5430;1345.3;79933.42;2;15226.1;21.05.2019
RailCargo;Hamburg;Plane;6351;850.4;80725.96;1;5618.8;12.01.2025
HeavyLift;Vienna;Truck;5870;826.1;9387.96;2;283.8;12.10.2015
CargoBridge;Copenhagen;Truck;21662;318.0;6369.2;2;112.6;31.08.2018
MoveIt;Brussels;Truck;4281;1188.0;4723.89;4;356.8;15.09.2024
BlueLogistics;Budapest;Ship;253921;3030.3;17878.0;9;27241.7;14.01.2023
NorthWind;Ljubljana;Truck;4725;58.6;1671.07;2;21.3;09.09.2018
CargoBridge;Zagreb;Truck;3035;712.6;5248.42;3;262.7;24.12.2022
TransMax;Zurich;Truck;5788;996.9;6217.13;4;250.8;25.04.2019
CargoBridge;Munich;Train;6223;419.7;6016.0;2;720.7;10.04.2018
NorthWind;Vienna;Train;28976;1861.5;11643.69;6;2659.3;19.02.2019
FastMove;Warsaw;Train;54252;1992.9;14960.2;5;2908.9;27.10.2015
NorthWind;Ljubljana;Truck;6420;907.9;5813.79;3;202.8;01.09.2018
NorthWind;Ljubljana;Truck;18020;128.5;6140.24;2;49.9;17.02.2018
MoveIt;Munich;Truck;3343;70.8;3029.58;1;16.5;13.07.2022
TransMax;Prague;Train;47435;553.0;19192.59;2;1034.2;16.12.2019
QuickCargo;Berlin;Ship;58893;6642.9;22266.82;18;36129.9;30.08.2023
RailCargo;Hamburg;Plane;3928;2560.5;55367.89;2;14431.0;14.03.2024
BlueLogistics;Vienna;Truck;21811;1064.6;9320.87;3;322.3;01.09.2018
GlobalFreight;Dresden;Train;71502;1636.7;9957.02;5;2887.4;17.08.2018
EuroTrans;Prague;Truck;12802;413.7;7563.67;2;116.8;30.12.2021
GlobalFreight;Berlin;Truck;9930;301.3;4988.1;3;97.3;16.11.2023
CargoBridge;Munich;Truck;10678;159.0;4011.12;3;57.4;12.10.2022
EuroTrans;Paris;Truck;22582;926.0;9704.6;3;396.8;28.10.2021
CargoBridge;Ljubljana;Truck;7666;786.7;4046.29;3;277.2;06.07.2023
CargoBridge;Warsaw;Truck;8030;898.6;4970.21;4;213.5;13.09.2016
RailCargo;Hamburg;Train;78890;747.5;8911.73;5;1372.0;24.07.2018
NorthWind;Berlin;Train;38308;2448.4;13374.31;7;3222.9;23.04.2017
SkyCargo;Berlin;Plane;4088;4157.5;61938.29;4;43317.0;05.11.2020
GlobalFreight;Munich;Truck;16160;56.9;7529.36;1;16.4;16.04.2017
EuroTrans;Vienna;Truck;6746;681.2;9621.73;2;161.1;03.02.2023
BlueLogistics;Amsterdam;Truck;9982;746.7;7016.97;3;234.4;06.10.2023
ShipLine;Vienna;Plane;6208;2477.7;104721.55;2;22094.6;12.07.2023
EuroTrans;Zagreb;Truck;2777;488.6;3869.47;3;183.3;24.02.2023
EuroTrans;Bratislava;Truck;9330;401.7;4440.19;2;136.7;06.04.2020
BlueLogistics;Budapest;Plane;14137;523.0;34163.87;2;6256.3;18.07.2025
RailCargo;Milan;Truck;19327;404.0;18602.75;1;171.2;15.06.2025
RoadRunner;Munich;Truck;8414;551.7;3813.46;4;200.4;13.02.2022
QuickCargo;Milan;Train;56079;1697.1;9295.25;6;2482.8;28.01.2022
QuickCargo;Prague;Train;34753;1684.3;8381.14;5;3376.9;26.06.2021
NorthWind;Munich;Truck;21165;936.6;9622.35;4;318.2;26.11.2015
SkyCargo;Hamburg;Ship;228803;1993.9;22436.96;9;14159.4;17.04.2019
RoadRunner;Zurich;Train;12148;1930.7;18436.64;4;2826.0;06.01.2018
QuickCargo;Hamburg;Plane;5067;2688.8;108617.03;2;18430.1;05.09.2023
QuickCargo;Brussels;Train;56985;1705.4;17433.51;4;2732.1;15.01.2017
SkyCargo;Warsaw;Truck;6132;986.5;9045.7;3;350.6;12.02.2025
MoveIt;Brussels;Truck;3628;1099.9;4035.22;5;266.2;07.02.2018
FastMove;Paris;Truck;15948;320.0;5003.67;3;86.8;30.01.2015
NorthWind;Berlin;Truck;287;650.7;5984.35;3;191.7;13.06.2020
ShipLine;Paris;Train;45467;974.1;11390.97;5;1907.1;31.03.2019
RoadRunner;Berlin;Plane;13229;5301.9;132444.79;4;52819.1;16.12.2024
CargoBridge;Budapest;Truck;17437;191.3;6726.91;2;73.5;07.12.2021
NorthWind;Zagreb;Train;910;1718.5;10193.89;6;3032.1;15.01.2019
MoveIt;Berlin;Plane;11127;4547.0;85958.89;4;48793.6;30.11.2015
GlobalFreight;Brussels;Plane;7820;5678.1;130224.91;5;68377.8;18.04.2018
RoadRunner;Hamburg;Train;75459;2200.7;10665.09;6;4583.2;23.12.2015
HeavyLift;Dresden;Plane;14706;3067.4;99844.33;3;23835.4;16.05.2017
EuroTrans;Vienna;Truck;1007;1192.4;10740.84;3;441.9;21.06.2017
QuickCargo;Bratislava;Train;16634;2388.5;13411.38;6;4412.7;03.12.2023
QuickCargo;Paris;Ship;38904;7508.8;50710.11;21;42433.0;13.04.2019
NorthWind;Dresden;Plane;3843;2903.3;69711.2;2;18355.3;22.04.2023
RoadRunner;Hamburg;Train;48700;467.0;16940.19;2;690.5;27.06.2018
CargoOne;Dresden;Truck;13933;496.4;10568.98;2;155.0;29.10.2020
NorthWind;Amsterdam;Truck;15143;60.6;7451.9;1;24.1;17.08.2022
ShipLine;Budapest;Train;5001;535.5;5585.73;4;613.9;04.07.2024
QuickCargo;Zagreb;Train;38706;696.1;9719.95;4;1021.2;14.04.2024
QuickCargo;Hamburg;Ship;123002;7527.9;57048.74;22;34217.5;19.06.2020
QuickCargo;Copenhagen;Truck;5266;987.3;4115.25;5;312.2;27.11.2018
TransMax;Copenhagen;Truck;9324;657.0;6896.79;3;261.0;03.02.2016
EuroTrans;Paris;Ship;33376;4978.8;26823.88;19;37795.5;17.07.2016
ShipLine;Zagreb;Truck;7197;216.5;2802.75;3;56.1;07.08.2024
RoadRunner;Warsaw;Train;19846;2473.5;14070.23;6;4777.7;19.08.2015
FastMove;Milan;Plane;879;1488.0;50447.26;2;12983.2;31.08.2016
NorthWind;Copenhagen;Truck;13047;186.6;6676.17;2;68.5;18.03.2019
TransMax;Vienna;Ship;205330;7027.2;36780.35;17;63051.4;05.12.2015
FastMove;Zagreb;Train;29982;2289.5;19044.19;4;3658.3;11.05.2023
FastMove;Munich;Truck;23077;1199.9;6098.98;4;455.7;11.03.2025
MoveIt;Dresden;Truck;697;984.8;8187.68;3;344.2;19.09.2015
SkyCargo;Dresden;Train;16764;2017.2;11271.33;6;2285.9;31.08.2024
RoadRunner;Munich;Truck;10348;564.3;6372.85;2;145.4;22.04.2021
HeavyLift;Berlin;Truck;9833;193.4;5618.89;2;64.0;01.01.2015
BlueLogistics;Zurich;Truck;9664;1137.7;7618.45;4;355.3;10.11.2020
CargoBridge;Milan;Train;13477;1374.4;5224.42;5;1299.9;07.08.2024
MoveIt;Hamburg;Plane;3559;3811.8;94782.11;4;28269.5;02.03.2021
HeavyLift;Bratislava;Truck;13159;1089.2;8752.46;4;450.8;09.08.2016
SkyCargo;Hamburg;Truck;20796;892.6;7310.53;4;271.3;14.03.2024
SkyCargo;Munich;Truck;14259;226.5;5013.32;2;95.4;16.12.2020
FastMove;Dresden;Truck;2965;428.8;4602.84;2;115.7;13.07.2017
HeavyLift;Prague;Truck;7331;1176.4;8625.95;4;286.3;03.03.2023
CargoBridge;Zurich;Train;13022;2055.6;13423.32;6;3285.1;24.10.2021
FastMove;Berlin;Truck;12815;1138.5;11653.85;3;441.5;09.03.2021
RoadRunner;Copenhagen;Truck;361;196.7;1523.37;3;64.8;13.05.2021
QuickCargo;Bratislava;Truck;12179;884.2;6812.74;4;252.4;19.01.2017
ShipLine;Milan;Ship;149610;4416.1;34754.85;19;33649.2;26.07.2017
HeavyLift;Vienna;Plane;5143;2735.8;43729.28;3;27709.5;19.01.2016
EuroTrans;Berlin;Truck;16199;378.7;6912.96;3;96.9;16.06.2025
QuickCargo;Budapest;Truck;22226;642.3;6390.43;4;256.7;19.03.2025
MoveIt;Prague;Train;45727;1816.0;23218.74;4;3417.6;14.11.2024
SkyCargo;Berlin;Train;69118;2418.7;10678.69;7;3611.6;18.12.2018
CargoOne;Brussels;Truck;3760;246.1;4483.44;2;82.4;14.08.2024
FastMove;Zurich;Truck;7031;387.6;12457.41;1;130.6;02.06.2025
CargoBridge;Frankfurt;Ship;247775;1055.1;5990.16;13;11150.1;29.02.2020
GlobalFreight;Zurich;Truck;23722;55.9;13955.19;1;19.2;14.12.2015
SkyCargo;Frankfurt;Ship;260544;3757.2;22255.2;9;38406.6;14.03.2019
HeavyLift;Milan;Truck;8880;259.5;10130.41;1;80.1;19.12.2018
QuickCargo;Brussels;Truck;23289;1066.1;8447.63;3;332.4;06.05.2023
GlobalFreight;Berlin;Truck;15755;278.8;4205.21;3;119.7;22.07.2020
TransMax;Budapest;Truck;13153;929.1;7586.44;4;381.0;25.03.2016
FastMove;Prague;Truck;497;445.7;3475.41;3;108.9;13.12.2025
RoadRunner;Prague;Truck;15972;382.9;19080.41;1;126.5;04.02.2017
BlueLogistics;Bratislava;Ship;134684;7022.0;42213.8;21;48604.8;27.02.2016
QuickCargo;Frankfurt;Train;77989;633.9;9242.89;4;972.2;26.01.2018
BlueLogistics;Budapest;Truck;3029;758.9;4367.12;4;211.4;28.12.2025
BlueLogistics;Amsterdam;Truck;16757;601.1;5519.43;3;159.4;29.07.2025
GlobalFreight;Brussels;Truck;6005;1079.4;9449.21;3;247.6;17.04.2020
HeavyLift;Warsaw;Truck;16148;340.1;4940.84;2;105.0;10.03.2021
TransMax;Budapest;Truck;11891;902.5;6181.76;4;311.9;04.02.2018
BlueLogistics;Copenhagen;Truck;20679;172.3;6452.04;3;50.1;04.05.2022
MoveIt;Hamburg;Truck;3282;562.6;6015.38;2;174.0;15.07.2023
BlueLogistics;Dresden;Train;25627;300.8;7711.22;3;512.5;27.06.2024
CargoBridge;Dresden;Plane;7367;5422.0;103901.56;4;36892.7;15.11.2020
CargoBridge;Frankfurt;Ship;148732;2001.9;10474.15;13;10531.8;28.11.2023
QuickCargo;Hamburg;Train;70291;1114.2;10921.52;5;2561.2;23.04.2019
SkyCargo;Copenhagen;Truck;6081;362.2;9749.6;1;117.1;31.05.2025
TransMax;Frankfurt;Truck;17255;863.9;7402.93;3;355.0;02.05.2016
EuroTrans;Amsterdam;Truck;1330;323.9;1945.58;3;121.1;17.10.2024
TransMax;Berlin;Train;28021;772.7;7518.26;4;781.6;20.02.2019
GlobalFreight;Vienna;Plane;4346;5361.9;96294.53;5;45243.0;23.08.2015
NorthWind;Prague;Ship;151638;2378.8;19497.01;9;24611.1;23.09.2023
TransMax;Warsaw;Train;34230;1782.7;11458.91;6;3014.6;22.06.2017
GlobalFreight;Bratislava;Truck;13008;774.3;12376.85;2;220.7;12.02.2025
ShipLine;Vienna;Truck;5820;578.3;8680.38;2;177.9;28.03.2015
HeavyLift;Munich;Ship;103486;6686.0;32114.17;15;29867.4;18.11.2025
RailCargo;Warsaw;Train;2045;515.8;2378.14;4;615.5;25.07.2023
MoveIt;Berlin;Truck;8820;935.6;6114.28;3;320.3;27.09.2025
TransMax;Warsaw;Train;11636;2082.0;13073.28;5;2847.5;30.10.2016
HeavyLift;Paris;Truck;17860;330.4;5800.85;3;123.1;26.02.2016
SkyCargo;Zurich;Truck;13658;1069.4;6804.75;3;438.2;26.08.2016
GlobalFreight;Zurich;Truck;12657;1060.8;8767.69;4;393.4;27.03.2016
BlueLogistics;Warsaw;Plane;1269;2050.0;78608.04;3;12295.2;16.01.2025
CargoOne;Budapest;Truck;19698;660.1;15077.22;2;225.9;03.01.2022
MoveIt;Zurich;Truck;16409;169.5;7543.02;2;71.6;09.11.2015
TransMax;Prague;Ship;81854;7842.0;54557.42;19;48323.5;13.05.2020
MoveIt;Vienna;Truck;23862;541.6;12419.23;2;160.2;27.04.2019
GlobalFreight;Paris;Truck;13614;603.5;6367.37;3;217.2;02.05.2025
BlueLogistics;Copenhagen;Truck;17540;621.7;5355.4;3;220.7;07.01.2023
RailCargo;Frankfurt;Train;29248;1795.0;7525.17;6;2251.9;12.03.2015
GlobalFreight;Dresden;Truck;3659;203.6;7901.3;1;56.0;08.03.2024
EuroTrans;Zurich;Truck;18121;1010.5;5809.18;5;429.2;17.08.2015
QuickCargo;Budapest;Truck;4738;850.1;8562.34;3;187.5;12.11.2022
FastMove;Vienna;Truck;5233;733.0;5795.28;2;207.6;20.05.2021
MoveIt;Brussels;Truck;4641;259.8;2254.82;3;88.6;13.10.2018
ShipLine;Prague;Truck;21101;229.3;11460.48;1;93.0;03.05.2024
RailCargo;Ljubljana;Train;75481;2107.9;11995.14;6;4374.9;29.11.2025
FastMove;Frankfurt;Truck;6992;1143.7;6475.23;4;266.9;11.12.2025
SkyCargo;Vienna;Ship;169201;4172.7;22425.56;16;29720.5;02.03.2019
NorthWind;Brussels;Truck;2599;174.7;2082.3;2;60.9;28.10.2016
SkyCargo;Warsaw;Truck;10179;736.7;12112.31;2;199.1;15.12.2015
RoadRunner;Berlin;Train;6487;2017.5;12701.22;4;1900.2;06.06.2023
HeavyLift;Copenhagen;Train;51702;923.3;10157.33;4;1995.8;27.07.2019
CargoBridge;Frankfurt;Truck;4971;978.6;7624.97;3;352.2;03.06.2015
HeavyLift;Munich;Truck;20561;582.6;14891.98;2;231.8;03.05.2022
EuroTrans;Munich;Plane;11959;3258.9;115226.79;3;33428.3;21.06.2016
GlobalFreight;Zurich;Truck;14169;1034.3;9957.55;3;388.4;05.11.2021
RoadRunner;Vienna;Plane;8171;3618.0;125064.04;3;22410.1;23.09.2024
TransMax;Vienna;Truck;5611;573.0;3054.55;4;142.0;01.01.2016
FastMove;Munich;Train;62531;1259.7;11106.65;6;2559.9;16.07.2025
FastMove;Zagreb;Truck;13187;1037.9;7691.76;4;369.0;30.09.2020
MoveIt;Paris;Truck;16628;834.5;9636.91;3;344.9;17.12.2025
NorthWind;Berlin;Train;74005;763.1;17028.44;2;1685.0;24.06.2019
MoveIt;Vienna;Truck;21976;1055.3;13346.37;3;376.9;19.03.2020
FastMove;Vienna;Truck;13057;174.6;3060.1;3;48.8;11.10.2021
ShipLine;Hamburg;Train;36987;1295.3;14570.71;4;2101.6;24.05.2017
GlobalFreight;Berlin;Plane;1042;4758.1;71076.43;5;36491.7;10.08.2015
BlueLogistics;Prague;Plane;4441;4260.2;74403.7;3;29075.3;01.12.2015
HeavyLift;Ljubljana;Ship;141025;4578.4;37445.82;12;21668.2;20.10.2025
TransMax;Zurich;Truck;13783;451.7;7294.75;3;154.6;25.11.2019
GlobalFreight;Copenhagen;Ship;109102;4838.5;31581.09;12;39186.0;27.03.2024
QuickCargo;Paris;Truck;4882;1081.0;7453.06;4;295.4;12.12.2017
SkyCargo;Prague;Plane;14065;5688.3;169890.7;4;57000.4;14.06.2017
QuickCargo;Hamburg;Truck;5492;678.0;4224.29;3;174.4;15.08.2022
RoadRunner;Prague;Truck;9944;468.4;4661.03;4;151.5;11.04.2022
ShipLine;Brussels;Truck;17825;455.0;10767.33;2;197.8;23.02.2020
RailCargo;Milan;Truck;17835;734.1;9362.54;3;228.1;10.02.2022
HeavyLift;Warsaw;Plane;1720;4932.7;188876.49;3;26361.9;30.05.2023
TransMax;Dresden;Truck;19095;560.7;5605.39;4;215.2;18.09.2023
ShipLine;Dresden;Truck;15437;274.9;5055.87;3;86.5;08.03.2025
MoveIt;Copenhagen;Truck;7387;480.8;4763.5;3;131.2;14.02.2025
TransMax;Brussels;Train;54836;209.6;34545.72;1;259.4;26.10.2020
MoveIt;Paris;Truck;14140;1153.0;8762.97;3;487.0;16.04.2024
CargoOne;Brussels;Truck;23908;781.7;14260.1;2;345.9;12.02.2016
QuickCargo;Budapest;Train;51881;1652.3;9421.89;6;3001.3;21.08.2025
GlobalFreight;Hamburg;Truck;428;79.5;635.85;2;24.5;28.04.2025
FastMove;Copenhagen;Truck;14917;894.3;5711.65;4;348.5;27.06.2017
HeavyLift;Hamburg;Train;50059;764.1;10999.76;4;1401.9;13.01.2022
CargoOne;Warsaw;Truck;4070;1116.3;10285.87;3;295.2;17.07.2020
MoveIt;Milan;Plane;1669;1643.8;39336.48;2;8837.5;09.11.2015
BlueLogistics;Brussels;Truck;14824;410.6;3669.63;3;115.7;12.05.2021
NorthWind;Berlin;Truck;11413;444.2;4578.07;3;154.8;26.04.2023
HeavyLift;Warsaw;Truck;804;84.0;848.41;2;28.5;28.01.2025
BlueLogistics;Prague;Truck;23896;302.7;4963.27;3;91.5;12.01.2016
GlobalFreight;Dresden;Train;65485;1274.2;16405.47;4;2851.0;21.03.2017
NorthWind;Bratislava;Plane;13015;1065.9;67781.01;2;9504.0;21.06.2020
RailCargo;Ljubljana;Truck;10494;909.1;5842.16;4;313.0;12.03.2019
CargoBridge;Vienna;Truck;16806;1072.9;11898.63;3;353.8;28.08.2025
SkyCargo;Milan;Truck;10623;181.8;3695.89;2;48.9;03.03.2019
GlobalFreight;Budapest;Ship;172032;1680.6;11487.14;12;15160.9;10.08.2018
CargoBridge;Amsterdam;Train;79379;1086.9;22488.85;3;1753.0;11.08.2025
CargoBridge;Vienna;Train;57543;1686.4;15661.01;4;2616.8;04.08.2020
CargoOne;Bratislava;Truck;5657;192.7;2454.66;2;62.7;15.03.2015
NorthWind;Prague;Plane;13809;2064.0;63130.22;3;14654.9;13.10.2018
NorthWind;Prague;Truck;13651;159.4;3608.86;3;47.0;29.03.2021
TransMax;Paris;Truck;9829;104.1;5185.49;2;32.7;12.05.2016
MoveIt;Milan;Plane;3690;1065.1;55544.24;1;5927.0;17.09.2022
QuickCargo;Brussels;Truck;23777;151.2;7633.72;3;52.3;23.06.2025
QuickCargo;Berlin;Truck;3680;952.7;5948.4;3;254.4;17.11.2023
TransMax;Copenhagen;Truck;4564;245.9;2995.95;2;58.2;20.07.2021
CargoBridge;Brussels;Train;68888;1736.9;18656.28;5;3290.6;11.08.2018
TransMax;Zagreb;Truck;9757;353.4;4407.55;3;104.6;04.04.2022
QuickCargo;Hamburg;Train;65328;372.8;19869.89;2;485.8;08.02.2017
ShipLine;Warsaw;Truck;17339;986.1;9544.63;4;309.8;08.05.2022
EuroTrans;Frankfurt;Truck;11965;199.6;4685.77;2;64.1;28.06.2019
BlueLogistics;Vienna;Truck;10114;238.8;2909.95;3;80.6;14.03.2016
QuickCargo;Warsaw;Truck;6178;1078.2;8372.49;3;330.3;29.04.2016
CargoBridge;Dresden;Truck;4985;546.2;4040.75;3;160.7;23.02.2019
FastMove;Berlin;Train;55889;1883.6;13308.45;4;2653.3;24.10.2021
ShipLine;Frankfurt;Truck;21229;833.3;9149.74;3;242.3;14.06.2021
HeavyLift;Amsterdam;Truck;7470;166.2;2289.78;3;58.3;19.06.2017
QuickCargo;Bratislava;Truck;6720;246.7;4915.89;2;67.7;22.01.2016
EuroTrans;Frankfurt;Plane;12129;3921.7;81564.0;3;50840.4;12.10.2015
EuroTrans;Munich;Truck;467;573.5;2480.32;3;159.8;18.11.2024
FastMove;Munich;Train;78357;2162.1;14910.41;5;4024.8;19.04.2020
FastMove;Berlin;Ship;157388;4884.3;21004.72;19;37733.6;20.01.2016
FastMove;Zurich;Ship;262248;3216.9;20239.81;15;37191.3;01.02.2019
ShipLine;Prague;Ship;179975;2968.2;28293.46;16;28040.3;06.09.2021
ShipLine;Warsaw;Truck;21014;647.2;15004.27;2;288.8;03.08.2016
GlobalFreight;Zagreb;Truck;22850;714.2;6628.62;4;243.4;15.09.2025
RailCargo;Warsaw;Plane;11141;5324.3;163481.15;4;68535.5;17.12.2016
HeavyLift;Milan;Ship;223782;3615.4;20419.57;18;24929.3;14.11.2022
GlobalFreight;Warsaw;Truck;11420;573.3;9434.17;2;236.5;25.03.2020
NorthWind;Budapest;Train;73656;866.5;13801.8;4;1435.0;05.03.2015
ShipLine;Berlin;Truck;4094;999.3;7159.83;3;268.5;03.01.2015
CargoOne;Bratislava;Truck;16499;1060.5;5329.36;4;417.2;13.01.2018
EuroTrans;Hamburg;Truck;9579;1106.0;8781.68;3;350.7;22.02.2022
RailCargo;Brussels;Truck;8610;1089.8;4131.15;5;366.4;27.10.2024
GlobalFreight;Budapest;Train;18285;658.9;6821.93;3;748.9;25.05.2025
NorthWind;Ljubljana;Train;57764;1064.7;18551.81;3;1873.7;07.09.2022
QuickCargo;Milan;Truck;13829;541.8;4753.26;4;178.3;07.08.2023
RailCargo;Vienna;Ship;163539;5229.5;30126.0;19;42449.5;03.02.2025
RoadRunner;Zurich;Truck;4176;1021.9;7138.87;4;219.7;29.02.2020
MoveIt;Berlin;Truck;21345;360.7;21695.69;1;136.4;29.09.2022
GlobalFreight;Berlin;Truck;16788;722.3;4392.81;4;191.8;21.04.2023
ShipLine;Budapest;Truck;5121;827.0;8222.37;3;225.8;09.06.2020
RoadRunner;Hamburg;Truck;19835;50.0;2710.46;3;18.0;11.04.2015
MoveIt;Frankfurt;Truck;4041;114.0;3452.5;1;34.3;04.07.2024
SkyCargo;Bratislava;Ship;69590;5705.5;24793.39;16;42865.9;16.05.2022
BlueLogistics;Munich;Train;26760;1809.1;14495.33;5;2335.1;12.07.2020
GlobalFreight;Bratislava;Truck;3567;852.3;4624.94;3;305.4;07.05.2016
RoadRunner;Copenhagen;Truck;21188;398.2;7875.37;3;154.9;23.12.2018
EuroTrans;Ljubljana;Ship;9781;4100.1;30090.9;19;21502.1;29.11.2018
CargoBridge;Frankfurt;Truck;21543;122.2;14212.56;1;47.6;18.08.2024
TransMax;Budapest;Truck;9976;927.0;5816.32;5;227.6;17.10.2025
ShipLine;Munich;Train;69369;2333.0;19502.35;5;4708.1;22.07.2021
RoadRunner;Copenhagen;Truck;5265;84.0;5080.82;1;28.3;18.08.2018
TransMax;Amsterdam;Plane;12023;4947.1;141514.98;4;36317.1;23.04.2019
TransMax;Brussels;Plane;4123;840.6;45444.2;1;9647.9;20.10.2021
NorthWind;Prague;Plane;11467;2266.4;111120.29;2;16910.6;12.03.2017
HeavyLift;Zagreb;Truck;6642;379.0;4132.37;3;113.8;19.12.2015
RoadRunner;Prague;Train;27178;1737.9;10197.95;4;1988.8;16.05.2021
SkyCargo;Vienna;Truck;23914;834.7;8833.23;4;308.0;24.04.2020
SkyCargo;Milan;Truck;4567;1084.7;5449.78;5;319.1;20.05.2021
FastMove;Budapest;Ship;66827;2947.2;17520.43;12;11721.4;18.03.2024
HeavyLift;Bratislava;Truck;5222;461.6;3399.54;4;106.6;13.06.2025
RoadRunner;Frankfurt;Truck;17939;761.4;7128.58;4;213.0;13.12.2017
NorthWind;Prague;Truck;6620;534.6;5731.72;2;192.3;25.03.2023
GlobalFreight;Berlin;Truck;18526;133.8;3162.44;3;52.0;17.10.2015
RailCargo;Vienna;Ship;72876;4247.2;15336.13;13;16900.5;17.04.2022
GlobalFreight;Brussels;Truck;7513;948.8;14229.9;2;223.0;28.12.2020
RoadRunner;Copenhagen;Train;72916;1897.2;12570.14;5;3289.7;12.11.2022
RailCargo;Dresden;Truck;20223;553.6;4766.79;4;184.7;26.08.2015
BlueLogistics;Amsterdam;Truck;13585;61.6;4786.15;2;25.0;29.12.2023
CargoOne;Amsterdam;Ship;71435;1351.6;8183.02;9;7312.1;26.12.2024
BlueLogistics;Zurich;Truck;21597;507.5;10334.2;2;145.1;20.07.2020
QuickCargo;Milan;Ship;237543;6983.1;52651.84;21;76981.6;01.05.2022
BlueLogistics;Frankfurt;Ship;288859;3095.8;32227.39;13;19232.9;22.12.2021
ShipLine;Bratislava;Truck;17121;1098.9;8477.23;3;429.2;26.02.2024
TransMax;Budapest;Truck;14477;320.4;4176.65;3;105.7;19.05.2015
HeavyLift;Bratislava;Train;11574;890.9;12201.34;2;1551.4;17.04.2019
RailCargo;Ljubljana;Truck;6093;286.6;2836.29;3;90.6;23.07.2023
GlobalFreight;Prague;Plane;5528;4649.6;123837.38;4;56210.0;29.06.2023
CargoOne;Paris;Train;56539;1629.5;13800.48;6;3507.7;16.03.2021
RailCargo;Zurich;Ship;248008;7553.4;56118.78;19;73988.6;08.10.2025
RailCargo;Ljubljana;Train;17784;2326.7;11448.77;7;2824.8;20.10.2017
TransMax;Dresden;Truck;1315;706.7;5616.37;3;190.4;01.02.2024
TransMax;Prague;Truck;10568;703.7;4227.67;4;272.9;06.02.2015
ShipLine;Berlin;Plane;13853;3141.1;93882.55;3;30491.7;22.01.2025
RoadRunner;Dresden;Truck;5941;123.7;5310.58;1;44.7;20.07.2017
NorthWind;Munich;Truck;1674;760.6;4104.12;3;246.0;09.12.2019
RoadRunner;Paris;Truck;2042;875.0;4964.64;5;337.2;22.06.2024
MoveIt;Milan;Train;31262;302.9;9732.53;2;336.8;28.08.2017
BlueLogistics;Paris;Train;55021;2107.0;14343.47;4;3453.7;22.10.2021
TransMax;Milan;Truck;21414;519.4;7924.66;2;229.1;17.02.2019
CargoOne;Zurich;Plane;438;5515.3;89867.12;4;36063.2;28.04.2023
SkyCargo;Milan;Plane;9566;2583.6;100607.16;2;29347.8;18.11.2015
FastMove;Amsterdam;Train;72357;2495.0;12026.11;7;4694.7;14.12.2023
CargoOne;Zagreb;Train;42041;1396.8;10750.88;4;2725.6;22.09.2017
TransMax;Milan;Truck;3831;412.0;4412.09;3;120.7;23.11.2015
GlobalFreight;Dresden;Train;63959;2303.7;14136.03;6;3982.3;09.04.2024
EuroTrans;Dresden;Truck;22139;1095.7;6961.13;4;327.2;09.07.2018
FastMove;Vienna;Truck;4912;630.8;6353.76;3;208.3;29.10.2024
ShipLine;Prague;Truck;18222;531.4;6890.44;3;183.5;08.05.2024
RailCargo;Prague;Train;17851;2476.8;11428.59;6;3624.0;06.06.2016
RailCargo;Dresden;Truck;11086;387.4;3785.95;4;154.4;06.02.2023
CargoOne;Vienna;Train;59337;1016.4;10833.12;5;1906.6;01.07.2023
ShipLine;Budapest;Train;77774;1864.5;12314.5;6;4325.5;28.08.2021
RoadRunner;Milan;Train;42500;1243.1;15073.92;4;2023.0;01.02.2016
BlueLogistics;Zurich;Truck;17013;105.5;3873.13;3;38.1;15.08.2018
RailCargo;Paris;Ship;26985;7665.3;61349.09;23;58851.1;27.10.2020
HeavyLift;Paris;Truck;3934;377.5;3729.68;2;113.5;13.07.2025
CargoBridge;Bratislava;Plane;3815;4644.1;67351.4;4;30166.6;19.06.2023
EuroTrans;Prague;Train;71256;291.4;14306.37;3;445.7;22.02.2019
BlueLogistics;Zurich;Plane;12014;3641.4;100185.3;3;27256.3;12.01.2023
QuickCargo;Warsaw;Truck;8669;547.1;7279.68;2;138.7;10.11.2025
GlobalFreight;Vienna;Train;10245;711.6;6774.86;3;984.8;01.10.2020
NorthWind;Vienna;Train;5527;924.1;8496.48;4;1639.2;08.06.2024
SkyCargo;Berlin;Plane;4049;3950.1;154116.7;3;32285.5;22.12.2017
ShipLine;Budapest;Truck;16326;265.2;9787.18;2;77.0;11.08.2024
QuickCargo;Hamburg;Truck;18325;127.4;6761.7;2;49.5;17.11.2021
RailCargo;Amsterdam;Train;24101;1313.7;9817.31;6;2392.8;30.06.2020
TransMax;Copenhagen;Train;39220;1449.9;23990.16;3;1749.3;22.03.2018
RailCargo;Ljubljana;Truck;3845;811.8;6731.35;3;312.5;19.06.2019
QuickCargo;Budapest;Ship;261468;4282.9;18185.2;16;41706.9;31.05.2017
CargoBridge;Brussels;Truck;8622;937.6;6976.68;4;283.9;03.12.2017
CargoBridge;Berlin;Truck;11185;887.4;5442.97;4;217.9;26.10.2024
EuroTrans;Dresden;Truck;20146;769.1;7876.84;4;223.4;28.03.2015
TransMax;Copenhagen;Truck;11607;860.4;6486.17;4;291.0;23.01.2019
SkyCargo;Hamburg;Plane;6500;5109.8;108830.97;5;38180.5;19.09.2018
RailCargo;Hamburg;Train;2287;772.0;15117.3;2;646.3;18.06.2019
TransMax;Zagreb;Truck;844;375.6;3186.94;2;128.4;21.05.2016
MoveIt;Copenhagen;Train;35889;501.7;7485.79;4;574.8;20.03.2023
RailCargo;Prague;Truck;19870;1004.8;6320.54;5;284.8;28.04.2024
RoadRunner;Zurich;Ship;17285;3861.1;14183.12;12;22882.0;18.06.2021
ShipLine;Copenhagen;Truck;13364;157.0;5930.45;2;52.1;28.09.2017
RailCargo;Prague;Plane;6126;4501.6;87918.59;4;48702.1;12.04.2015
RailCargo;Amsterdam;Truck;3620;598.3;5928.16;3;162.7;26.01.2016
SkyCargo;Munich;Truck;19494;1133.4;11816.42;3;329.2;09.02.2023
MoveIt;Amsterdam;Truck;13545;617.4;5106.97;3;188.9;04.05.2021
RoadRunner;Brussels;Ship;114693;2730.6;17864.68;14;24343.6;24.04.2022
BlueLogistics;Paris;Truck;18229;605.4;3701.5;4;266.0;04.11.2022
FastMove;Copenhagen;Truck;17087;65.7;4895.89;3;18.8;09.06.2015
CargoBridge;Brussels;Truck;17239;770.1;8267.87;3;302.1;30.04.2018
FastMove;Brussels;Plane;14441;4459.7;103595.52;4;47196.2;17.04.2022
EuroTrans;Budapest;Truck;20169;837.8;5836.33;5;279.9;12.05.2017
CargoBridge;Paris;Plane;13985;4460.7;112893.08;4;35749.5;25.07.2018
RailCargo;Munich;Truck;233;127.1;1535.66;2;29.8;17.09.2018
FastMove;Berlin;Train;9251;1567.2;9345.96;4;2238.8;28.05.2025
BlueLogistics;Bratislava;Truck;14014;1098.2;7837.2;4;331.4;09.11.2017
SkyCargo;Dresden;Train;78178;666.0;17931.07;2;1409.9;24.02.2016
EuroTrans;Frankfurt;Train;43774;1961.9;13966.04;6;3887.9;08.04.2023
MoveIt;Zagreb;Truck;7646;53.1;1434.7;3;12.8;06.11.2016
ShipLine;Prague;Truck;1760;1080.3;7092.78;3;379.4;24.05.2018
SkyCargo;Warsaw;Truck;12683;502.2;6251.12;3;153.8;17.11.2015
CargoBridge;Hamburg;Plane;13677;5700.2;111091.54;4;44597.2;18.10.2022
TransMax;Bratislava;Train;57570;1483.2;16694.33;5;2091.0;23.08.2023
NorthWind;Milan;Train;73873;691.7;7422.97;5;1573.4;19.06.2025
QuickCargo;Prague;Truck;6436;465.1;9480.57;1;129.0;05.11.2017
SkyCargo;Prague;Train;36538;277.1;9064.9;3;408.0;28.01.2018
NorthWind;Berlin;Plane;14162;5028.3;115835.78;4;51207.9;12.12.2016
ShipLine;Dresden;Ship;20118;1075.0;7325.76;10;8042.1;17.07.2024
EuroTrans;Vienna;Truck;1886;1022.7;4698.62;4;341.8;10.02.2018
MoveIt;Hamburg;Train;44103;1896.1;10718.17;6;3752.4;26.02.2025
RoadRunner;Milan;Train;53344;2363.3;8992.0;6;4414.2;16.07.2023
SkyCargo;Budapest;Train;58617;393.1;15880.79;2;726.5;15.02.2022
QuickCargo;Prague;Truck;3907;694.6;6128.52;3;219.0;11.03.2020
FastMove;Warsaw;Plane;1435;1503.8;89376.1;2;14029.5;05.11.2023
CargoOne;Hamburg;Train;32839;1258.8;16307.68;4;2174.2;20.05.2023
TransMax;Budapest;Truck;9456;486.2;6170.29;2;124.9;10.02.2017
HeavyLift;Hamburg;Truck;22907;389.2;9105.15;2;114.0;30.08.2023
NorthWind;Frankfurt;Truck;5636;775.7;8676.99;2;286.3;12.05.2017
QuickCargo;Brussels;Truck;9509;982.5;8846.6;3;351.4;28.11.2023
HeavyLift;Vienna;Train;29107;684.7;8390.61;3;718.8;02.02.2017
ShipLine;Budapest;Truck;18523;421.4;8723.79;2;154.9;22.01.2022
GlobalFreight;Prague;Truck;11082;596.8;7018.84;3;152.2;27.03.2020
SkyCargo;Munich;Ship;244308;3960.9;32272.9;15;38064.5;24.09.2017
HeavyLift;Milan;Train;53079;1309.9;18309.7;4;2841.0;06.02.2025
CargoBridge;Frankfurt;Truck;8876;539.8;2936.7;4;162.9;05.05.2025
HeavyLift;Frankfurt;Truck;4622;1168.3;11864.94;3;321.7;20.06.2018
TransMax;Budapest;Ship;91686;4102.7;17809.29;14;32282.1;13.06.2018
FastMove;Munich;Truck;3004;283.8;2668.99;3;67.5;21.01.2015
ShipLine;Munich;Truck;22554;591.4;7618.98;3;185.4;13.03.2020
QuickCargo;Amsterdam;Ship;72372;1489.9;8882.56;8;13908.7;05.03.2018
MoveIt;Brussels;Train;45964;1428.5;10878.27;5;2692.9;28.10.2021
EuroTrans;Amsterdam;Truck;102;440.8;3934.75;3;148.0;19.07.2016
ShipLine;Hamburg;Truck;3092;397.2;4442.13;2;130.3;04.05.2019
NorthWind;Zagreb;Truck;13869;1152.3;9504.15;3;366.3;16.01.2024
FastMove;Milan;Train;53515;433.2;7778.02;4;525.7;22.04.2019
NorthWind;Ljubljana;Truck;22010;801.9;7761.87;3;330.6;10.02.2022
FastMove;Ljubljana;Train;44417;1996.3;7929.21;6;4202.0;03.10.2019
SkyCargo;Copenhagen;Ship;8647;1376.1;8326.58;8;11960.4;12.02.2024
RoadRunner;Ljubljana;Truck;1355;584.5;5729.54;2;171.1;12.09.2022
GlobalFreight;Bratislava;Truck;821;826.2;3725.44;4;194.1;22.08.2018
HeavyLift;Berlin;Train;5298;1021.7;5656.37;4;1262.8;31.05.2016
QuickCargo;Budapest;Train;36504;1191.5;13992.71;4;1825.2;18.02.2025
MoveIt;Frankfurt;Train;43306;293.5;9851.44;3;373.2;21.11.2024
FastMove;Copenhagen;Train;44772;1868.4;9400.95;6;3522.0;28.08.2025
QuickCargo;Bratislava;Train;10891;1908.2;6406.76;6;2509.5;04.12.2017
HeavyLift;Frankfurt;Train;6900;2025.6;14340.29;5;2683.2;18.05.2023
QuickCargo;Munich;Truck;19862;822.2;6672.83;3;245.7;28.04.2017
CargoOne;Brussels;Train;61113;832.0;8713.35;4;1858.9;16.03.2015
QuickCargo;Paris;Truck;23910;753.1;7764.42;4;322.7;08.09.2018
SkyCargo;Copenhagen;Truck;11287;691.3;6441.8;3;207.4;30.04.2023
ShipLine;Hamburg;Train;51626;591.0;16596.31;3;720.7;30.01.2022
ShipLine;Dresden;Plane;12275;957.0;24580.74;3;8824.5;25.07.2022
ShipLine;Prague;Truck;20505;722.7;8993.11;3;250.1;30.11.2025
HeavyLift;Dresden;Train;49689;2476.3;14362.95;7;3230.0;02.02.2016
RailCargo;Hamburg;Truck;9531;177.2;10740.83;1;46.1;01.07.2019
SkyCargo;Brussels;Truck;19686;300.4;9605.11;2;121.5;14.09.2022
NorthWind;Paris;Train;30004;1424.8;8896.01;6;2165.5;15.01.2020
EuroTrans;Munich;Truck;10996;53.8;1757.17;3;19.1;04.07.2021
NorthWind;Brussels;Plane;10447;2756.6;129279.53;2;21948.8;26.11.2015
RoadRunner;Brussels;Plane;4115;2287.6;112354.21;2;22709.3;04.04.2015
QuickCargo;Copenhagen;Train;21652;2185.9;11016.59;5;3684.2;29.12.2022
CargoBridge;Hamburg;Truck;1062;386.9;3403.55;2;110.9;17.09.2017
TransMax;Munich;Plane;1841;3251.2;90081.95;4;36122.8;29.09.2017
ShipLine;Vienna;Truck;22229;87.2;6463.5;2;32.1;13.10.2023
RailCargo;Bratislava;Ship;285059;4668.9;36692.07;17;39600.3;07.02.2024
RailCargo;Berlin;Truck;16812;874.1;6929.46;4;293.0;01.07.2024
HeavyLift;Warsaw;Train;45042;1042.9;13579.25;3;1440.1;13.09.2018
NorthWind;Vienna;Truck;8069;865.4;5947.61;4;249.7;19.01.2020
QuickCargo;Bratislava;Train;18852;1567.2;9800.32;4;1927.4;25.01.2019
QuickCargo;Zurich;Truck;18650;873.2;6307.89;4;303.6;05.05.2023
TransMax;Budapest;Truck;12640;386.2;8737.89;2;109.4;30.08.2016
RoadRunner;Prague;Truck;16985;879.3;7063.52;3;323.5;30.09.2016
RoadRunner;Frankfurt;Truck;15950;480.5;6093.84;3;197.0;05.04.2019
CargoOne;Vienna;Truck;7400;405.7;6195.86;2;135.6;17.03.2017
GlobalFreight;Zagreb;Truck;449;1099.6;5445.83;5;389.0;24.07.2017
QuickCargo;Hamburg;Truck;20575;87.8;13196.24;1;28.8;30.12.2020
MoveIt;Dresden;Ship;34346;7787.1;34053.47;20;50469.4;18.01.2017
QuickCargo;Amsterdam;Truck;5864;875.0;10180.64;2;288.0;17.02.2017
QuickCargo;Vienna;Plane;4980;1229.0;113867.83;1;8919.0;16.03.2020
FastMove;Dresden;Ship;43301;1167.8;5348.26;7;4824.7;30.01.2021
RoadRunner;Hamburg;Train;1758;889.9;4381.24;4;1490.0;20.09.2023
NorthWind;Hamburg;Train;60302;1660.3;9828.03;6;2497.1;29.01.2022
EuroTrans;Paris;Train;39774;1382.7;12648.0;4;2254.5;22.08.2020
HeavyLift;Ljubljana;Truck;6019;920.1;7167.67;4;255.3;30.10.2016
EuroTrans;Vienna;Ship;54580;5645.4;36369.41;21;35029.7;18.01.2017
BlueLogistics;Warsaw;Ship;268077;2335.2;20702.93;10;24004.2;27.05.2025
RoadRunner;Hamburg;Train;20998;555.6;7933.21;2;752.1;06.06.2022
EuroTrans;Paris;Plane;10726;5896.3;117746.22;5;55121.5;12.12.2017
ShipLine;Zurich;Truck;23862;402.2;10113.73;2;166.4;31.05.2019
TransMax;Brussels;Truck;1862;1131.0;5922.65;5;305.2;08.08.2023
HeavyLift;Prague;Ship;139180;2255.9;15092.17;9;14962.6;27.08.2018
SkyCargo;Dresden;Train;66421;2034.2;10214.04;5;3198.0;08.02.2023
ShipLine;Zagreb;Plane;12819;5706.9;131985.1;5;65765.2;21.02.2018
RoadRunner;Copenhagen;Truck;11279;114.5;7276.44;1;34.8;04.07.2016
CargoBridge;Vienna;Truck;13608;941.5;7071.82;4;379.1;20.04.2021
FastMove;Ljubljana;Truck;21699;708.6;6326.16;3;260.7;29.08.2023
TransMax;Vienna;Ship;169606;5834.6;45544.18;21;40045.4;29.05.2017
EuroTrans;Paris;Truck;10962;579.9;8023.04;2;238.6;17.06.2025
CargoOne;Budapest;Truck;13036;522.4;4442.25;4;202.2;29.09.2020
GlobalFreight;Prague;Train;66588;2490.0;12888.81;7;4049.9;29.09.2018
NorthWind;Vienna;Train;73676;1500.2;17897.05;5;2826.9;26.12.2015
RoadRunner;Ljubljana;Train;10079;2483.8;8525.3;7;3245.2;15.11.2024
QuickCargo;Budapest;Train;75895;368.0;16349.34;3;698.1;07.11.2019
CargoBridge;Prague;Truck;20487;387.9;5603.0;3;105.4;26.11.2017
MoveIt;Amsterdam;Train;70278;1965.9;19034.69;5;3917.0;23.12.2018
CargoBridge;Budapest;Truck;10158;220.5;12138.75;1;52.6;28.09.2023
EuroTrans;Dresden;Truck;10382;129.7;2036.98;3;45.8;15.01.2018
BlueLogistics;Hamburg;Ship;235498;996.5;15466.96;6;11004.4;30.07.2024
QuickCargo;Hamburg;Truck;13130;563.8;8538.51;2;215.7;14.11.2025
EuroTrans;Frankfurt;Plane;2013;4484.9;173408.69;3;30209.7;07.01.2019
QuickCargo;Paris;Truck;3025;291.9;1941.9;3;80.2;15.02.2020
CargoOne;Prague;Truck;3328;533.0;7644.23;2;203.2;04.07.2024
NorthWind;Zurich;Truck;21363;856.4;8331.67;4;292.3;30.01.2018
QuickCargo;Paris;Truck;5861;1024.5;4669.53;4;248.5;20.07.2023
CargoOne;Berlin;Train;38915;682.6;7470.61;3;1028.5;02.07.2025
SkyCargo;Budapest;Train;24304;2063.7;15231.3;5;3936.0;15.04.2017
HeavyLift;Copenhagen;Train;35257;2290.7;7352.38;6;2503.5;11.04.2020
CargoOne;Budapest;Plane;6197;755.7;22649.83;2;8225.0;29.11.2018
CargoBridge;Amsterdam;Truck;3733;1186.4;4983.97;5;351.2;09.12.2019
EuroTrans;Prague;Truck;8466;589.9;7865.97;2;204.3;13.01.2023
FastMove;Zagreb;Truck;18768;1005.8;9551.02;3;303.8;12.07.2017
NorthWind;Vienna;Train;37501;1849.7;8067.92;6;2194.6;24.05.2022
HeavyLift;Paris;Train;77935;1262.9;20786.49;4;2477.4;23.06.2016
GlobalFreight;Brussels;Truck;1171;217.0;1873.0;3;75.5;26.12.2025
EuroTrans;Prague;Truck;7843;89.2;6218.14;1;25.4;09.11.2018
BlueLogistics;Copenhagen;Truck;20409;297.1;10029.21;2;103.2;08.10.2020
CargoBridge;Paris;Truck;8415;1076.4;7687.14;4;414.4;31.01.2016
NorthWind;Paris;Ship;196586;2692.6;17916.17;11;13781.7;07.12.2025
ShipLine;Warsaw;Truck;4188;869.6;4955.67;4;234.1;06.12.2015
MoveIt;Frankfurt;Truck;16791;993.0;6982.91;3;404.3;24.03.2023
QuickCargo;Milan;Train;74278;1993.9;15476.19;6;3752.8;01.08.2017
QuickCargo;Frankfurt;Truck;22345;232.6;21286.48;1;90.4;04.06.2023
QuickCargo;Budapest;Train;56076;2396.8;17681.88;7;3592.8;29.04.2018
RailCargo;Frankfurt;Plane;7687;5415.6;88074.46;4;59981.9;11.12.2022
SkyCargo;Zurich;Truck;19513;893.5;4835.93;5;246.3;22.03.2024
EuroTrans;Amsterdam;Truck;13780;233.4;5396.32;2;65.5;20.10.2025
HeavyLift;Budapest;Ship;84611;1689.0;9070.68;8;7939.2;21.02.2022
FastMove;Frankfurt;Truck;20646;168.0;8974.63;2;52.2;25.01.2021
QuickCargo;Ljubljana;Truck;23643;1062.3;13811.68;3;348.2;29.12.2024
HeavyLift;Warsaw;Train;22579;1179.6;10365.54;5;1959.1;09.07.2017
SkyCargo;Warsaw;Truck;19679;891.5;8447.62;4;275.5;13.11.2022
RailCargo;Brussels;Truck;9231;171.0;3439.4;3;62.0;08.09.2018
RailCargo;Bratislava;Plane;1676;957.0;42352.45;2;8251.5;12.11.2019
NorthWind;Bratislava;Truck;23267;948.1;8544.45;4;366.7;05.10.2024
CargoBridge;Copenhagen;Truck;21109;174.0;5637.11;3;65.1;17.01.2019
RoadRunner;Brussels;Ship;25900;5971.7;44065.99;16;47700.9;11.11.2020
CargoOne;Copenhagen;Ship;231386;5322.5;33536.39;18;29101.9;10.08.2025
GlobalFreight;Warsaw;Truck;979;524.0;3037.1;3;186.6;10.11.2018
GlobalFreight;Amsterdam;Truck;10683;951.3;5727.38;4;393.8;07.05.2017
SkyCargo;Dresden;Train;46183;1903.6;10387.38;6;2509.8;11.12.2018
RoadRunner;Dresden;Train;30328;2123.3;17301.55;5;2831.0;22.07.2019
GlobalFreight;Zagreb;Train;26996;1940.1;12077.57;5;3317.3;17.01.2025
GlobalFreight;Munich;Plane;1846;2275.2;92961.9;2;16881.6;28.04.2018
TransMax;Dresden;Train;10452;1115.3;13063.12;3;1080.7;16.07.2019
MoveIt;Bratislava;Truck;11643;441.2;7547.42;2;178.5;19.02.2024
CargoBridge;Zurich;Train;42945;2432.7;8226.89;7;3806.3;27.06.2022
HeavyLift;Prague;Truck;7225;1008.2;8536.9;3;266.9;20.02.2015
HeavyLift;Amsterdam;Plane;7937;5216.4;89980.21;5;46738.7;16.08.2019
EuroTrans;Frankfurt;Train;51238;1642.7;14943.25;6;3106.4;15.12.2017
RailCargo;Milan;Truck;7740;1114.3;8357.42;4;323.2;23.08.2024
MoveIt;Amsterdam;Ship;55657;4968.5;28862.84;20;41049.2;08.07.2018
FastMove;Amsterdam;Train;73123;1850.4;12954.74;6;2909.5;29.02.2020
RoadRunner;Ljubljana;Truck;5664;551.6;8303.16;2;165.3;06.05.2020
MoveIt;Budapest;Truck;23605;457.6;9960.64;2;148.3;14.09.2021
ShipLine;Brussels;Train;52436;2368.3;18207.06;5;3896.8;15.09.2018
BlueLogistics;Frankfurt;Plane;8861;1293.3;52788.37;3;13307.5;05.08.2015
QuickCargo;Milan;Train;9807;1981.6;11814.02;6;2780.8;16.10.2017
RoadRunner;Munich;Ship;264509;1012.3;9360.91;11;7729.8;11.11.2022
NorthWind;Copenhagen;Ship;253726;3545.3;17575.86;10;26933.8;06.12.2022
RailCargo;Bratislava;Truck;13203;262.3;5302.88;2;80.6;25.01.2020
TransMax;Warsaw;Train;79950;246.9;11920.82;2;483.1;08.01.2015
SkyCargo;Prague;Truck;956;492.5;3067.16;3;150.4;07.12.2016
BlueLogistics;Zagreb;Truck;11363;301.1;10035.31;1;108.7;25.12.2016
CargoBridge;Ljubljana;Train;23764;2223.2;11506.03;6;3985.3;27.06.2025
SkyCargo;Warsaw;Ship;157793;3044.0;20483.72;9;26410.1;13.02.2016
ShipLine;Hamburg;Train;44723;2493.9;12401.83;7;5147.5;09.01.2020
FastMove;Dresden;Truck;4682;333.2;3704.65;2;120.9;07.01.2019
CargoOne;Zagreb;Ship;56789;7349.6;48232.95;23;30233.4;25.04.2021
RoadRunner;Dresden;Train;26836;1940.9;14811.8;5;2206.3;09.01.2022
RailCargo;Copenhagen;Truck;830;144.7;1638.85;2;37.7;31.07.2020
TransMax;Zurich;Ship;281588;5832.1;30449.01;20;40500.2;22.05.2023
CargoBridge;Dresden;Truck;1621;410.7;2528.1;3;87.8;24.10.2025
SkyCargo;Berlin;Ship;232438;5726.0;27192.63;19;48489.4;03.11.2022
CargoOne;Hamburg;Truck;7310;1142.5;4099.31;5;271.3;08.03.2022
RoadRunner;Prague;Truck;22639;488.7;13674.08;2;160.2;06.04.2025
MoveIt;Paris;Plane;13562;5929.0;109843.19;4;78448.7;18.09.2021
BlueLogistics;Bratislava;Ship;167392;3844.5;28736.37;11;38237.4;28.09.2022
CargoOne;Brussels;Ship;104350;3515.3;24098.95;16;24511.5;08.06.2019
CargoOne;Ljubljana;Truck;2360;842.9;5897.77;4;192.7;21.01.2017
SkyCargo;Paris;Truck;22361;901.1;6287.34;4;360.1;05.08.2024
RoadRunner;Bratislava;Truck;6673;187.3;2094.14;3;60.3;27.05.2015
ShipLine;Zagreb;Truck;12766;312.9;6679.25;2;118.8;25.11.2021
GlobalFreight;Ljubljana;Train;5880;1216.7;10134.41;5;1639.8;17.02.2023
GlobalFreight;Berlin;Train;45241;2381.8;9106.05;7;3311.0;09.02.2025
NorthWind;Berlin;Truck;9611;226.1;4803.64;2;61.6;01.02.2023
ShipLine;Prague;Ship;133857;1299.6;8481.27;11;7882.6;24.07.2018
CargoOne;Warsaw;Train;70528;1142.8;19501.02;3;2342.1;07.06.2015
EuroTrans;Warsaw;Train;948;213.6;2518.43;3;346.2;08.07.2017
TransMax;Berlin;Train;62946;370.0;8502.7;4;709.2;16.01.2020
CargoBridge;Amsterdam;Train;45739;1609.0;11334.05;6;2863.6;04.02.2020
SkyCargo;Milan;Truck;5763;379.9;2102.47;4;109.8;20.04.2023
CargoOne;Brussels;Ship;246136;1836.7;23084.6;10;19726.5;27.05.2016
MoveIt;Milan;Truck;13738;516.7;7175.52;3;169.1;15.10.2018
GlobalFreight;Copenhagen;Truck;8111;659.4;7981.32;2;172.4;24.05.2022
TransMax;Milan;Plane;12536;3515.1;60406.71;4;32673.5;10.04.2020
FastMove;Dresden;Train;54517;890.7;19092.45;2;1270.2;24.04.2019
CargoBridge;Frankfurt;Truck;831;1134.7;5220.15;5;308.9;14.05.2023
NorthWind;Budapest;Train;26427;1522.7;11344.17;4;2001.9;21.07.2023
CargoBridge;Zagreb;Truck;20114;1123.0;5370.98;4;426.9;25.09.2015
FastMove;Prague;Truck;1778;1041.6;9632.54;3;231.4;04.05.2023
EuroTrans;Hamburg;Truck;20472;125.9;4799.58;3;47.0;21.11.2022
EuroTrans;Zurich;Truck;5286;972.7;4235.23;5;238.3;07.12.2021
RailCargo;Munich;Train;37361;1646.0;16159.14;5;3265.4;23.08.2016
CargoBridge;Ljubljana;Truck;12532;95.3;4924.81;2;31.2;04.03.2024
GlobalFreight;Ljubljana;Train;3102;618.2;3979.12;5;1094.1;15.12.2015
CargoBridge;Milan;Truck;9883;205.2;3474.98;3;81.7;08.10.2025
NorthWind;Hamburg;Plane;11675;2263.8;59293.62;3;27307.6;19.07.2020
CargoOne;Brussels;Plane;4160;2508.7;106320.44;2;18856.4;28.06.2020
GlobalFreight;Munich;Truck;10097;324.6;5100.75;2;134.0;09.07.2023
NorthWind;Ljubljana;Train;4612;965.7;10670.21;3;1750.7;20.03.2015
HeavyLift;Copenhagen;Truck;12776;590.6;9909.4;2;214.7;03.01.2024
SkyCargo;Brussels;Truck;11395;443.4;4631.25;3;149.6;30.03.2025
ShipLine;Vienna;Ship;271753;7376.1;35798.72;23;43191.3;22.09.2017
FastMove;Munich;Truck;7814;227.1;1770.39;3;86.6;19.01.2024
GlobalFreight;Vienna;Truck;15148;770.0;6683.35;4;238.7;19.08.2015
QuickCargo;Budapest;Truck;2709;908.0;4552.15;3;307.2;09.09.2022
BlueLogistics;Hamburg;Truck;10549;141.3;5252.89;2;38.1;21.07.2020
RoadRunner;Munich;Truck;19442;891.3;4903.29;4;245.9;21.12.2016
BlueLogistics;Bratislava;Truck;6254;673.3;2864.69;4;233.9;09.08.2018
TransMax;Amsterdam;Truck;19458;780.6;8544.34;3;264.7;24.10.2017
MoveIt;Milan;Train;33486;1420.3;9199.7;4;1722.0;14.02.2025
QuickCargo;Berlin;Train;10979;2080.7;10267.93;6;3705.7;25.07.2022
FastMove;Paris;Train;47879;2307.6;18101.91;6;4072.0;26.02.2023
MoveIt;Paris;Truck;15793;903.5;9034.8;3;277.1;10.05.2023
BlueLogistics;Amsterdam;Train;46754;298.2;9821.49;3;605.5;07.08.2025
RailCargo;Ljubljana;Ship;85050;4143.6;22036.97;11;34614.9;25.07.2016
TransMax;Paris;Truck;4945;1050.8;7267.0;4;230.1;08.12.2016
EuroTrans;Munich;Truck;15525;68.8;8740.38;1;21.5;28.05.2018
MoveIt;Dresden;Truck;19934;268.4;5065.7;3;92.4;13.11.2025
NorthWind;Berlin;Truck;10643;171.9;2835.95;3;59.3;17.07.2020
TransMax;Hamburg;Truck;10142;64.9;3678.82;2;19.1;10.11.2021
FastMove;Budapest;Train;49436;984.5;10316.72;5;2003.3;16.09.2015
CargoOne;Ljubljana;Truck;10738;333.0;5169.36;3;133.1;10.02.2025
ShipLine;Bratislava;Train;43892;1527.6;16116.64;5;3102.6;02.06.2021
CargoBridge;Amsterdam;Train;33149;1601.6;7690.03;5;2431.8;27.01.2016
RailCargo;Budapest;Train;64848;387.0;14748.0;3;846.3;02.10.2015
ShipLine;Copenhagen;Ship;149813;6497.2;48385.22;20;43406.7;03.07.2017
NorthWind;Prague;Truck;15862;998.6;9008.67;4;393.4;10.07.2018
RoadRunner;Dresden;Truck;6216;982.3;3571.34;5;322.5;01.04.2023
CargoBridge;Hamburg;Train;33035;1359.5;10778.13;5;1999.5;05.12.2017
BlueLogistics;Budapest;Truck;21152;83.1;5873.75;3;23.7;27.08.2016
ShipLine;Copenhagen;Train;41668;1565.8;13465.41;4;2170.3;31.01.2020
HeavyLift;Munich;Train;2722;942.4;9471.14;3;1590.9;15.07.2018
MoveIt;Copenhagen;Train;42952;1646.4;13368.86;5;2385.2;04.03.2018
GlobalFreight;Berlin;Ship;74136;1202.2;5416.39;9;11184.1;31.10.2016
QuickCargo;Amsterdam;Truck;11750;464.4;8844.69;2;145.6;10.02.2021
CargoOne;Frankfurt;Truck;22810;958.2;12064.43;3;406.4;17.04.2016
TransMax;Bratislava;Truck;22447;115.0;6271.92;2;32.7;23.06.2015
CargoOne;Amsterdam;Ship;77180;7639.8;54120.16;20;43619.4;20.03.2015
SkyCargo;Zurich;Truck;22893;820.1;6729.52;3;236.6;29.07.2017
RoadRunner;Zagreb;Truck;19107;857.1;7852.8;4;304.6;15.09.2016
SkyCargo;Prague;Plane;4630;4593.4;111563.1;3;37837.8;17.06.2023
RoadRunner;Bratislava;Truck;8580;426.1;6386.45;2;147.3;07.11.2025
NorthWind;Frankfurt;Ship;64083;2273.0;20094.41;7;19249.2;30.03.2017
TransMax;Zurich;Ship;164053;5654.3;39094.5;16;28083.4;01.12.2024
MoveIt;Bratislava;Truck;455;77.4;1597.05;1;18.1;27.01.2023
RailCargo;Paris;Truck;5465;499.4;3648.81;4;152.1;25.06.2022
MoveIt;Amsterdam;Truck;58;173.4;1501.28;3;54.0;06.06.2025
CargoOne;Zurich;Truck;5276;888.1;7993.52;3;252.1;27.04.2023
CargoBridge;Milan;Truck;783;530.1;3841.75;2;110.7;15.02.2020
CargoBridge;Hamburg;Truck;22392;782.2;7523.24;4;338.8;06.04.2016
FastMove;Amsterdam;Truck;22821;1069.4;9354.24;4;347.2;15.03.2023
QuickCargo;Budapest;Truck;12417;507.2;9628.62;2;167.8;29.11.2025
CargoOne;Berlin;Train;37308;2406.7;8596.18;7;4328.9;12.07.2022
HeavyLift;Hamburg;Truck;113;565.2;2989.57;4;117.7;08.04.2021
QuickCargo;Zagreb;Ship;29795;5952.1;29818.79;15;22787.3;08.02.2021
EuroTrans;Milan;Train;72723;1053.9;14127.0;4;1755.9;04.07.2021
RailCargo;Milan;Truck;9632;449.6;8999.85;2;158.8;29.07.2019
GlobalFreight;Brussels;Truck;4560;341.2;4875.16;2;95.5;30.08.2024
NorthWind;Munich;Ship;81048;3272.9;24632.3;14;23079.7;16.12.2023
RoadRunner;Budapest;Plane;13531;4857.5;91958.19;4;35830.6;15.08.2020
SkyCargo;Berlin;Train;33886;1523.6;6482.64;6;2618.7;17.12.2022
TransMax;Paris;Truck;12283;424.3;5265.85;3;132.4;21.06.2021
GlobalFreight;Brussels;Train;30097;2472.3;17442.69;6;3657.5;10.02.2017
QuickCargo;Prague;Ship;61518;7778.8;51546.24;20;70866.8;23.06.2023
RailCargo;Zurich;Ship;55639;4702.2;15538.05;19;22111.8;28.04.2017
EuroTrans;Vienna;Truck;3947;570.5;4369.9;3;158.3;14.05.2018
GlobalFreight;Copenhagen;Truck;20341;399.4;5213.2;3;141.4;05.07.2020
CargoOne;Zagreb;Truck;23008;85.7;8962.38;2;36.0;28.09.2019
QuickCargo;Milan;Plane;467;4266.7;143370.98;3;50354.1;29.10.2017
SkyCargo;Vienna;Truck;23499;882.9;6821.48;4;260.7;08.10.2021
ShipLine;Berlin;Truck;23119;685.5;5060.46;4;216.6;09.06.2016
RoadRunner;Prague;Plane;8245;2944.4;132568.34;2;23621.5;03.01.2021
NorthWind;Berlin;Truck;16982;185.3;4927.14;2;77.6;04.04.2018
RoadRunner;Paris;Truck;2567;839.8;3977.12;3;248.6;18.01.2024
NorthWind;Munich;Ship;100775;1115.9;10403.43;7;10267.6;02.01.2023
ShipLine;Warsaw;Truck;19881;210.1;8392.73;2;72.5;26.03.2015
QuickCargo;Frankfurt;Ship;289942;3451.7;22915.33;10;30172.6;26.09.2019
FastMove;Vienna;Truck;21830;1059.4;11195.09;4;365.5;26.10.2024
EuroTrans;Warsaw;Truck;6170;149.3;3626.05;2;44.9;13.12.2017
ShipLine;Vienna;Plane;9557;4109.4;82920.08;3;41882.7;29.06.2016
QuickCargo;Copenhagen;Truck;448;119.0;2688.2;1;38.2;15.11.2024
TransMax;Budapest;Truck;15791;330.2;5050.81;3;94.6;10.02.2016
EuroTrans;Copenhagen;Train;9795;1642.2;12827.96;4;1642.9;06.10.2015
ShipLine;Frankfurt;Plane;2718;899.2;99454.38;1;9564.2;12.07.2017
MoveIt;Bratislava;Truck;1456;915.2;2464.57;5;316.1;09.06.2025
GlobalFreight;Copenhagen;Truck;7413;1011.8;6820.21;4;250.6;19.12.2024
RailCargo;Munich;Truck;16340;649.4;3465.77;4;215.8;14.12.2015
QuickCargo;Budapest;Ship;150431;1087.6;13293.41;8;7930.1;28.05.2018
MoveIt;Dresden;Train;62092;2314.5;18742.8;6;3823.1;18.10.2022
SkyCargo;Budapest;Truck;16095;154.6;3005.48;3;54.0;20.01.2022
HeavyLift;Bratislava;Ship;124454;5079.9;41640.4;14;49170.4;28.11.2018
HeavyLift;Hamburg;Ship;220765;4527.2;32195.68;13;39813.2;16.11.2021
CargoBridge;Budapest;Ship;104596;5756.0;34942.76;19;35772.9;13.12.2023
ShipLine;Frankfurt;Truck;9600;883.3;7165.54;4;237.6;19.01.2017
CargoBridge;Zagreb;Truck;23546;500.4;9748.09;2;190.5;18.10.2021
FastMove;Bratislava;Truck;18094;483.0;5289.77;4;126.0;28.05.2025
ShipLine;Ljubljana;Plane;13473;3528.5;68974.81;3;37996.9;18.10.2019
NorthWind;Zagreb;Train;51209;1295.6;12078.79;4;1715.1;12.08.2015
CargoOne;Vienna;Truck;8845;680.8;10445.31;2;168.0;13.06.2015
CargoBridge;Berlin;Truck;20509;438.2;5226.27;3;140.0;08.10.2021
RoadRunner;Bratislava;Plane;3892;2444.5;81686.01;2;22965.8;14.01.2024
MoveIt;Copenhagen;Truck;5305;758.7;11684.57;2;266.3;14.06.2020
FastMove;Warsaw;Truck;7980;517.4;3681.02;3;132.7;15.03.2016
CargoOne;Amsterdam;Train;79106;1200.9;13074.64;5;2209.0;01.08.2019
QuickCargo;Ljubljana;Truck;12648;900.0;4955.91;4;339.6;20.04.2017
CargoBridge;Zagreb;Truck;11266;1056.4;10406.83;3;345.8;20.10.2021
BlueLogistics;Milan;Truck;22952;139.0;6156.03;2;42.6;17.12.2018
RailCargo;Bratislava;Truck;7615;384.3;7732.27;2;147.3;26.04.2021
BlueLogistics;Vienna;Truck;12792;970.1;4682.91;4;298.2;30.12.2019
CargoBridge;Brussels;Truck;7539;343.2;4264.97;2;133.6;16.06.2017
MoveIt;Frankfurt;Train;5257;2063.3;10244.7;7;2484.2;09.04.2025
EuroTrans;Vienna;Train;33319;1471.5;16261.26;3;2916.4;17.08.2024
RailCargo;Bratislava;Ship;219677;2139.3;11702.38;9;17798.6;02.08.2015
RoadRunner;Munich;Truck;13919;590.8;5121.09;4;170.7;28.12.2022
FastMove;Vienna;Ship;98706;2737.1;17864.91;12;23707.2;02.01.2017
EuroTrans;Dresden;Plane;163;1851.1;57329.26;2;11521.8;13.08.2020
SkyCargo;Berlin;Truck;15420;242.1;17352.44;1;66.6;08.06.2021
TransMax;Bratislava;Truck;23322;573.2;14329.35;2;184.8;02.10.2015
RailCargo;Budapest;Truck;16104;579.9;6752.72;3;188.3;20.11.2020
ShipLine;Frankfurt;Truck;23589;746.3;7528.57;4;262.4;14.11.2016
SkyCargo;Zagreb;Truck;2455;91.9;1519.72;2;25.2;17.08.2019
RailCargo;Copenhagen;Truck;16015;77.5;11502.79;1;19.9;25.08.2016
ShipLine;Budapest;Train;32546;894.5;14070.61;3;1739.4;24.06.2019
ShipLine;Ljubljana;Truck;4323;285.4;5498.62;2;63.8;07.05.2025
FastMove;Zurich;Truck;12716;453.1;2966.72;4;181.0;17.03.2024
SkyCargo;Dresden;Truck;15760;1124.1;9315.77;3;350.9;15.02.2015
FastMove;Budapest;Train;8349;1491.7;14646.38;3;1613.0;11.07.2019
GlobalFreight;Ljubljana;Truck;12107;425.5;12367.34;1;141.9;19.06.2020
RailCargo;Frankfurt;Truck;23926;946.2;8972.58;4;350.9;01.04.2024
RailCargo;Paris;Train;35510;1211.7;13180.15;3;2215.5;03.02.2018
RailCargo;Amsterdam;Truck;4406;398.3;5298.73;2;126.3;13.09.2016
RailCargo;Dresden;Train;28105;2478.0;19641.32;5;2668.8;30.05.2020
TransMax;Vienna;Truck;5476;1102.4;3519.94;5;338.5;31.01.2025
GlobalFreight;Milan;Ship;140310;7680.8;62183.79;21;59070.4;30.01.2022
NorthWind;Paris;Train;77803;1735.8;18572.71;5;2885.7;15.07.2017
MoveIt;Prague;Truck;16723;363.0;7938.29;2;156.4;20.08.2021
HeavyLift;Bratislava;Truck;7377;220.2;3338.69;3;58.1;19.09.2016
CargoBridge;Warsaw;Train;54586;1363.4;8631.48;5;2220.6;27.10.2016
RoadRunner;Zagreb;Plane;12717;4145.9;110851.85;3;53568.1;22.09.2016
RailCargo;Zagreb;Plane;6088;2335.8;132837.0;2;17428.6;30.09.2025
RailCargo;Hamburg;Truck;9436;1026.9;7857.73;3;386.4;27.08.2021
RailCargo;Vienna;Truck;328;144.7;4064.23;1;40.3;25.11.2023
TransMax;Budapest;Plane;2929;511.5;59557.56;1;3800.7;18.04.2025
MoveIt;Milan;Train;22155;401.3;3876.5;4;520.2;11.06.2015
RoadRunner;Prague;Ship;94094;2184.2;13603.39;15;19409.0;08.04.2018
RoadRunner;Frankfurt;Truck;4592;754.6;7540.93;2;244.8;06.11.2022
SkyCargo;Warsaw;Truck;9346;307.4;13067.71;1;118.2;01.02.2024
ShipLine;Milan;Plane;10726;2185.2;79591.01;3;20186.4;01.07.2024
HeavyLift;Paris;Truck;23093;580.5;10559.51;2;169.1;17.03.2016
ShipLine;Budapest;Truck;10952;134.5;4476.85;2;45.8;17.05.2016
CargoBridge;Dresden;Train;27995;895.9;6204.16;5;1492.7;14.11.2018
FastMove;Berlin;Truck;8313;1031.0;6633.72;4;385.6;16.10.2023
QuickCargo;Paris;Truck;23229;988.1;10020.31;4;330.1;06.11.2022
EuroTrans;Prague;Ship;136386;1982.1;17711.63;10;14440.0;30.11.2024
EuroTrans;Amsterdam;Train;36919;1339.3;8691.88;6;2407.6;30.01.2022
GlobalFreight;Paris;Ship;6435;3485.8;27454.17;10;26818.9;28.08.2016
GlobalFreight;Frankfurt;Truck;17375;499.3;5017.48;4;183.8;26.08.2025
QuickCargo;Berlin;Truck;17978;877.0;8378.88;3;385.3;15.03.2015
RailCargo;Vienna;Truck;15239;1060.0;4763.75;5;382.0;17.08.2021
BlueLogistics;Ljubljana;Truck;1318;1075.2;4708.86;5;349.1;18.01.2015
SkyCargo;Amsterdam;Truck;14771;1144.8;6626.26;3;285.8;04.01.2024
HeavyLift;Dresden;Ship;223499;4735.1;38929.75;11;49464.1;02.11.2023
HeavyLift;Berlin;Truck;17551;717.2;4382.68;4;222.5;13.05.2019
SkyCargo;Paris;Truck;515;804.5;4594.74;4;173.8;26.03.2015
FastMove;Budapest;Plane;2789;4520.6;84084.35;4;45543.0;15.04.2017
QuickCargo;Munich;Truck;9512;929.9;7559.76;3;306.2;29.09.2016
MoveIt;Warsaw;Ship;130593;824.0;12737.18;5;7356.6;03.01.2017
FastMove;Ljubljana;Truck;17567;625.5;7386.48;3;175.5;08.12.2015
GlobalFreight;Vienna;Truck;6252;496.1;3613.68;3;131.9;08.01.2024
TransMax;Vienna;Plane;5624;1392.6;61273.36;2;15954.2;15.05.2025
TransMax;Milan;Truck;14218;1031.5;10591.71;3;350.3;17.02.2017
RoadRunner;Zagreb;Ship;40075;6183.7;45876.34;22;48657.4;04.10.2023
ShipLine;Dresden;Ship;198394;3588.4;20897.39;11;18787.9;26.12.2018
CargoOne;Milan;Train;1474;1155.7;3597.99;6;1933.6;01.09.2021
SkyCargo;Dresden;Ship;253213;5068.8;38723.95;16;58336.5;03.01.2022
TransMax;Berlin;Ship;133994;5394.2;28888.86;15;50020.0;13.08.2015
HeavyLift;Budapest;Train;20558;2076.1;18684.14;5;3745.1;30.01.2019
FastMove;Zagreb;Truck;794;394.8;6194.35;1;100.3;16.07.2016
CargoBridge;Frankfurt;Train;48017;2158.6;22030.33;4;4608.1;21.05.2016
EuroTrans;Hamburg;Train;6932;381.3;6872.96;2;645.7;20.08.2024
FastMove;Dresden;Plane;8966;5286.7;88491.64;4;53195.0;09.06.2023
CargoBridge;Berlin;Truck;3096;1059.7;3672.97;4;274.2;23.08.2025
RoadRunner;Prague;Truck;15425;598.5;3579.35;4;194.2;15.07.2025
SkyCargo;Amsterdam;Truck;21299;243.6;6149.26;3;96.7;10.04.2020
BlueLogistics;Budapest;Truck;22412;1150.9;6676.51;4;521.2;24.01.2018
RoadRunner;Hamburg;Truck;14131;323.6;6490.77;2;118.8;11.11.2018
EuroTrans;Copenhagen;Plane;9495;2763.5;153750.92;2;22133.5;18.09.2019
HeavyLift;Zagreb;Truck;19407;181.8;10482.08;1;56.4;09.03.2022
RoadRunner;Warsaw;Plane;11670;1868.3;102569.71;2;25302.4;02.09.2022
RailCargo;Budapest;Plane;1865;2021.0;100050.77;2;19829.3;26.02.2015
RailCargo;Warsaw;Truck;4866;564.1;5642.38;3;201.7;11.08.2019
RailCargo;Frankfurt;Train;26917;1219.8;7448.38;5;1400.1;20.06.2022
MoveIt;Amsterdam;Truck;14384;1141.5;9063.9;3;283.7;20.12.2024
MoveIt;Berlin;Train;27217;1405.8;8658.89;4;2650.5;12.10.2019
TransMax;Prague;Truck;2189;927.0;5463.03;4;250.2;20.09.2022
MoveIt;Bratislava;Ship;146368;7737.3;59754.67;17;44776.3;18.08.2017
NorthWind;Zagreb;Truck;18129;1184.5;7093.22;4;507.6;08.11.2020
HeavyLift;Warsaw;Truck;10215;807.0;6153.58;4;191.8;15.09.2017
CargoBridge;Zurich;Truck;21953;330.9;7926.02;3;141.4;03.05.2025
EuroTrans;Zagreb;Plane;340;518.5;44194.85;1;5119.0;06.01.2015
ShipLine;Hamburg;Truck;23671;892.5;9108.67;4;289.3;19.01.2022
RailCargo;Milan;Truck;6481;592.6;4607.15;4;166.0;06.07.2023
BlueLogistics;Dresden;Truck;18479;311.7;13687.38;1;85.8;10.08.2019
MoveIt;Berlin;Truck;2429;524.2;6253.13;2;202.5;23.06.2017
QuickCargo;Hamburg;Truck;8453;161.4;6090.11;1;53.9;08.08.2021
CargoBridge;Ljubljana;Ship;129103;1473.1;9871.4;11;7147.6;16.05.2023
NorthWind;Amsterdam;Truck;17779;842.3;11173.77;3;333.2;28.06.2020
MoveIt;Hamburg;Ship;57477;7189.8;55868.99;16;50846.6;16.10.2019
QuickCargo;Milan;Plane;9134;4643.3;58897.74;4;29745.7;29.03.2015
NorthWind;Bratislava;Truck;7724;995.7;4578.86;4;356.0;27.06.2016
HeavyLift;Ljubljana;Truck;20321;566.9;11785.67;2;163.8;12.01.2022
TransMax;Zurich;Ship;38170;3909.1;19695.12;17;16950.3;24.05.2015
SkyCargo;Munich;Train;14724;2253.7;11204.88;4;2406.9;16.11.2019
BlueLogistics;Munich;Truck;18236;648.3;7034.82;4;231.0;14.10.2025
CargoBridge;Paris;Ship;284365;1933.3;14452.85;12;13798.3;20.05.2024
TransMax;Ljubljana;Truck;7067;349.3;2947.24;4;128.3;25.04.2018
RailCargo;Dresden;Truck;19101;154.7;12304.8;1;60.1;08.11.2022
SkyCargo;Warsaw;Train;76608;1107.6;7378.54;5;2427.0;27.10.2024
BlueLogistics;Budapest;Truck;19936;108.4;4707.43;2;30.3;20.11.2020
SkyCargo;Vienna;Truck;4512;431.9;3943.65;3;96.3;26.07.2016
TransMax;Amsterdam;Train;19875;405.6;7011.27;3;413.9;10.04.2023
TransMax;Paris;Truck;11115;833.5;14048.96;2;312.4;30.09.2022
CargoOne;Prague;Truck;20924;239.7;9937.38;2;68.2;07.02.2016
ShipLine;Dresden;Train;79781;331.7;16490.62;2;513.5;16.04.2016
TransMax;Frankfurt;Train;34684;1930.8;13141.85;4;3100.7;20.01.2021
ShipLine;Zurich;Truck;2560;1096.8;6605.3;3;391.5;23.06.2015
GlobalFreight;Copenhagen;Truck;15362;633.2;7234.61;2;227.4;03.10.2017
RailCargo;Milan;Train;68118;404.0;12187.55;2;590.2;19.08.2019
EuroTrans;Bratislava;Train;48939;2478.5;15960.94;7;3800.2;18.03.2019
QuickCargo;Berlin;Train;62073;290.6;19348.25;2;428.2;05.04.2021
ShipLine;Milan;Ship;280682;922.4;9606.42;6;5713.3;16.05.2016
MoveIt;Copenhagen;Truck;18262;657.9;5730.06;4;259.1;15.10.2025
MoveIt;Munich;Train;33138;1289.4;14143.34;4;1839.5;20.09.2015
RailCargo;Bratislava;Truck;4686;823.9;3915.36;4;269.5;29.05.2021
NorthWind;Zurich;Truck;8003;232.4;2869.84;3;84.3;23.06.2024
SkyCargo;Brussels;Truck;8302;406.0;7015.35;2;156.3;31.01.2022
RailCargo;Munich;Truck;9572;912.8;5239.74;4;218.6;30.07.2022
GlobalFreight;Paris;Train;25622;630.0;3079.68;5;1199.3;26.03.2019
HeavyLift;Brussels;Ship;273949;7014.2;49045.51;20;74545.7;29.08.2023
BlueLogistics;Warsaw;Truck;16465;689.5;7438.37;3;278.8;03.07.2016
ShipLine;Berlin;Train;38471;981.8;11409.44;4;1125.2;11.04.2025
BlueLogistics;Hamburg;Plane;3203;5031.7;66646.88;5;36384.7;05.06.2019
QuickCargo;Amsterdam;Ship;52216;6602.8;38832.73;15;47020.5;31.10.2023
FastMove;Dresden;Truck;7950;1171.9;5286.61;4;398.5;17.07.2019
NorthWind;Paris;Plane;6682;715.7;47998.4;2;7840.1;11.11.2021
TransMax;Frankfurt;Truck;12807;1156.0;12878.36;3;480.5;29.01.2023
MoveIt;Frankfurt;Ship;101903;876.8;11993.62;6;3663.7;02.10.2018
TransMax;Brussels;Truck;19618;197.1;6978.83;2;52.8;21.02.2022
QuickCargo;Zagreb;Truck;19582;376.2;6655.29;2;148.9;18.12.2021
NorthWind;Hamburg;Truck;11380;751.2;8392.03;2;186.6;19.05.2016
MoveIt;Frankfurt;Train;14767;1522.6;8810.26;5;1730.6;25.05.2024
CargoOne;Budapest;Ship;94443;3732.4;17870.43;17;18253.3;28.08.2016
FastMove;Amsterdam;Truck;13755;435.5;7403.65;2;127.1;13.03.2023
HeavyLift;Budapest;Train;6116;1136.7;8243.27;5;1678.2;09.07.2020
CargoBridge;Copenhagen;Truck;1569;1161.2;7156.04;4;258.4;29.06.2024
CargoOne;Berlin;Plane;927;5311.6;95036.24;4;34769.1;29.12.2015
MoveIt;Prague;Truck;2431;837.6;4124.45;3;286.7;14.06.2017
HeavyLift;Paris;Truck;16731;990.0;5996.82;4;331.0;10.06.2020
RailCargo;Dresden;Train;28137;528.0;5493.94;5;972.8;19.04.2016
BlueLogistics;Zurich;Ship;281724;835.7;8762.59;13;8773.8;04.09.2024
NorthWind;Dresden;Train;53906;1415.8;19868.12;3;2036.0;07.08.2015
FastMove;Milan;Truck;19896;848.1;8892.06;4;303.3;23.09.2015
TransMax;Zurich;Truck;566;259.0;1522.06;3;73.4;09.07.2019
TransMax;Brussels;Ship;202063;4923.5;41120.82;19;44120.7;08.07.2023
RoadRunner;Ljubljana;Truck;4807;650.5;5179.47;3;183.4;13.10.2017
EuroTrans;Paris;Train;66093;877.1;12787.8;5;1635.9;09.09.2025
EuroTrans;Hamburg;Truck;7358;1015.1;10567.76;3;253.7;12.04.2021
CargoOne;Brussels;Train;73626;252.8;13011.05;3;442.4;26.11.2025
CargoBridge;Prague;Train;28799;600.0;10209.78;3;1175.4;21.06.2017
GlobalFreight;Milan;Train;68684;2266.6;22280.49;5;5014.2;31.12.2025
HeavyLift;Prague;Ship;66763;7712.1;46509.05;25;70034.5;03.05.2015
SkyCargo;Budapest;Truck;17892;927.6;6883.69;4;313.3;16.04.2019
RoadRunner;Copenhagen;Truck;7148;774.9;9586.5;2;240.7;09.09.2022
CargoBridge;Budapest;Ship;169466;6612.1;47621.09;19;69939.5;25.02.2017
TransMax;Bratislava;Truck;19304;221.3;5478.7;3;70.9;16.06.2015
MoveIt;Prague;Ship;122301;1982.6;19290.59;6;16315.4;05.03.2025
CargoBridge;Copenhagen;Truck;12737;113.4;5813.87;2;29.0;03.10.2018
MoveIt;Prague;Truck;17345;126.2;12470.53;1;47.3;27.10.2015
MoveIt;Paris;Truck;5856;519.0;4502.6;4;162.7;14.03.2022
RailCargo;Budapest;Truck;20939;473.6;10293.02;2;129.2;27.02.2018
RailCargo;Munich;Truck;4628;1134.4;4570.83;5;400.2;15.07.2016
GlobalFreight;Prague;Train;64999;411.8;12527.28;4;870.3;21.10.2016
RoadRunner;Vienna;Ship;213288;2697.5;19978.46;16;24764.9;23.03.2017
BlueLogistics;Ljubljana;Truck;10345;1127.8;6261.95;4;453.4;02.07.2019
FastMove;Ljubljana;Train;1894;382.0;7624.97;2;691.5;18.11.2015
RoadRunner;Munich;Truck;13874;179.5;9398.29;1;60.8;23.07.2020
SkyCargo;Milan;Truck;14713;268.9;11080.26;1;99.3;21.07.2015
QuickCargo;Munich;Ship;78846;3125.8;12771.53;16;17356.2;02.11.2019
HeavyLift;Zurich;Plane;3376;1800.8;44678.18;3;20302.5;27.05.2025
EuroTrans;Ljubljana;Train;67791;1349.2;12422.07;3;2017.2;13.01.2016
CargoBridge;Zagreb;Ship;100625;5040.8;32159.52;12;26043.6;03.12.2016
RoadRunner;Dresden;Truck;22554;1004.2;8764.61;4;318.6;22.10.2024
MoveIt;Dresden;Truck;16935;182.2;8770.93;1;69.1;26.07.2017
RoadRunner;Ljubljana;Plane;12891;626.1;36122.12;2;6593.5;25.05.2025
FastMove;Ljubljana;Truck;16318;120.3;9314.31;1;39.4;20.11.2023
CargoOne;Milan;Ship;80303;3508.0;16007.84;10;31035.7;05.09.2018
NorthWind;Munich;Truck;21662;502.4;10972.34;2;207.0;05.03.2016
NorthWind;Bratislava;Truck;2437;222.9;2612.16;2;77.3;22.07.2016
GlobalFreight;Copenhagen;Plane;666;4652.3;110127.35;4;41073.4;28.12.2021
RoadRunner;Dresden;Truck;579;678.7;4635.32;4;152.5;15.12.2023
CargoOne;Amsterdam;Train;78910;1447.2;17980.87;5;2377.2;06.05.2018
CargoBridge;Paris;Ship;295214;5190.1;29883.01;17;51048.6;13.02.2021
SkyCargo;Ljubljana;Plane;606;4631.5;79512.0;4;37842.3;14.01.2025
SkyCargo;Copenhagen;Truck;17720;599.2;4587.01;4;226.1;30.01.2018
RailCargo;Vienna;Plane;10306;849.1;44463.91;2;8154.7;28.01.2021
EuroTrans;Brussels;Train;20673;1852.6;9586.52;6;2009.2;30.05.2023
CargoOne;Dresden;Truck;13111;653.0;7543.59;3;239.3;19.10.2022
HeavyLift;Prague;Train;51638;2195.9;18257.23;5;3967.6;06.05.2015
NorthWind;Warsaw;Truck;5814;1084.7;4415.59;5;304.9;23.06.2025
SkyCargo;Copenhagen;Truck;4649;503.2;5659.42;2;182.3;09.02.2022
EuroTrans;Dresden;Train;51799;2147.5;14634.76;7;3029.5;09.02.2025
CargoBridge;Warsaw;Truck;2658;239.1;1801.72;3;89.4;07.02.2023
CargoBridge;Zagreb;Truck;12799;1136.8;9566.17;3;393.6;26.09.2024
QuickCargo;Amsterdam;Truck;22543;749.1;11181.55;3;236.3;12.04.2021
QuickCargo;Copenhagen;Truck;21212;79.5;8444.46;2;25.3;21.08.2018
CargoOne;Paris;Ship;155630;6365.6;29765.48;21;37566.8;06.05.2016
CargoBridge;Frankfurt;Ship;64347;1336.5;6138.78;13;9672.9;05.05.2024
QuickCargo;Paris;Train;5440;819.0;10960.62;2;986.9;17.04.2018
ShipLine;Warsaw;Truck;3563;426.9;5430.18;2;103.8;15.09.2019
ShipLine;Frankfurt;Truck;14708;968.6;6616.11;5;249.2;29.06.2024
EuroTrans;Warsaw;Truck;2905;935.2;9921.62;2;255.7;18.08.2025
FastMove;Frankfurt;Truck;4363;119.2;1335.73;3;25.7;07.10.2020
SkyCargo;Dresden;Ship;90348;3307.9;22520.75;17;31473.1;13.09.2023
RailCargo;Brussels;Truck;19172;423.1;6108.82;3;172.0;08.05.2018
MoveIt;Munich;Truck;16768;862.0;9766.03;3;335.5;22.10.2018
QuickCargo;Brussels;Plane;5219;4881.3;78658.35;4;56559.1;01.06.2018
RoadRunner;Warsaw;Plane;7034;4968.3;114791.68;5;30384.3;11.06.2015
CargoOne;Budapest;Ship;125362;3482.0;13855.31;14;33162.8;17.03.2022
CargoBridge;Warsaw;Ship;41303;7053.1;39164.97;17;37782.7;07.02.2022
NorthWind;Brussels;Train;13655;618.9;7725.93;3;734.5;30.04.2019
RoadRunner;Zagreb;Truck;22671;1157.6;7279.52;5;365.3;12.12.2019
QuickCargo;Zurich;Train;1334;544.3;11081.12;2;901.3;23.04.2025
GlobalFreight;Zurich;Truck;17280;1152.5;13035.58;3;465.7;09.03.2016
QuickCargo;Budapest;Truck;6609;122.4;3417.95;2;46.5;31.12.2021
FastMove;Berlin;Truck;2994;59.3;1213.63;2;16.9;14.03.2021
ShipLine;Milan;Truck;15505;239.8;5854.07;2;90.8;10.01.2017
CargoBridge;Milan;Truck;11950;419.0;3549.73;3;120.5;28.05.2021
CargoOne;Paris;Truck;21997;153.8;4349.54;3;52.6;23.02.2016
RailCargo;Berlin;Train;58110;617.8;6482.34;5;1162.2;30.05.2017
BlueLogistics;Ljubljana;Ship;102595;6043.8;29534.45;22;57914.5;19.06.2021
RoadRunner;Hamburg;Train;13713;2227.6;12697.25;6;3791.9;07.03.2022
HeavyLift;Amsterdam;Train;22331;530.9;10467.67;3;706.7;05.08.2024
CargoBridge;Dresden;Truck;10144;689.3;7255.25;3;176.3;05.05.2023
CargoBridge;Zagreb;Truck;9547;979.5;7995.94;3;230.5;23.06.2021
TransMax;Zagreb;Train;24153;1867.6;12896.39;6;2959.7;12.01.2015
EuroTrans;Munich;Truck;10899;236.4;5426.79;2;94.2;31.07.2020
QuickCargo;Warsaw;Truck;10761;864.1;9856.51;3;351.8;19.06.2016
EuroTrans;Prague;Ship;56671;6219.8;43138.08;15;35779.7;11.08.2015
SkyCargo;Hamburg;Truck;8743;1065.9;6459.16;5;338.1;22.03.2020
SkyCargo;Frankfurt;Train;46285;1508.5;14789.47;5;2776.3;26.06.2022
SkyCargo;Milan;Truck;12971;783.0;7506.27;4;303.0;15.02.2024
TransMax;Berlin;Truck;9949;369.8;5420.65;2;112.0;28.11.2023
RoadRunner;Paris;Truck;5391;126.4;2266.16;3;47.4;19.01.2016
CargoOne;Budapest;Train;77423;585.2;7301.89;4;1196.5;09.02.2018
NorthWind;Frankfurt;Truck;6483;753.9;5836.65;4;245.3;14.09.2022
RoadRunner;Zagreb;Truck;4807;1162.5;7341.38;4;383.6;06.10.2016
FastMove;Ljubljana;Truck;4625;915.6;11797.11;2;297.1;06.04.2016
RailCargo;Copenhagen;Truck;1421;1100.3;7337.28;3;368.2;03.06.2022
QuickCargo;Frankfurt;Ship;108783;7513.3;32628.51;24;64377.5;27.02.2017
RailCargo;Copenhagen;Truck;21687;666.6;12585.69;2;259.6;03.11.2020
FastMove;Budapest;Ship;57669;2830.7;17654.92;9;10510.2;19.11.2020
EuroTrans;Paris;Ship;176253;4950.3;24391.09;20;28035.0;02.06.2024
MoveIt;Hamburg;Train;46371;1043.5;7906.74;5;2073.9;07.05.2022
CargoOne;Hamburg;Train;45751;1508.4;12435.87;4;2772.0;03.02.2016
BlueLogistics;Ljubljana;Truck;13939;366.8;3655.22;4;126.7;21.07.2023
CargoBridge;Budapest;Truck;2505;81.1;999.52;3;28.3;07.06.2025
CargoOne;Brussels;Truck;15756;756.4;6459.76;3;258.4;09.09.2015
ShipLine;Vienna;Truck;783;1041.3;6818.55;4;235.3;07.08.2025
CargoBridge;Warsaw;Truck;5246;350.2;3345.74;3;119.3;19.12.2022
MoveIt;Zurich;Truck;602;117.4;1253.32;2;42.9;02.04.2025
TransMax;Ljubljana;Truck;10151;1077.0;7533.49;4;323.7;26.11.2018
GlobalFreight;Zurich;Truck;8114;248.4;4638.14;2;94.0;06.03.2020
RailCargo;Prague;Truck;3933;688.2;2498.43;4;210.4;22.03.2025
QuickCargo;Brussels;Train;52750;430.9;14666.79;2;921.6;24.06.2015
SkyCargo;Prague;Train;48504;2068.4;11266.67;5;2713.6;04.12.2025
GlobalFreight;Berlin;Truck;1441;274.8;2244.27;2;61.3;22.09.2018
FastMove;Berlin;Ship;283236;2871.6;17715.58;16;25225.7;12.04.2016
QuickCargo;Hamburg;Truck;6004;699.9;6394.0;3;262.3;21.11.2022
RailCargo;Bratislava;Truck;18441;285.2;20105.81;1;84.8;31.03.2017
RoadRunner;Copenhagen;Truck;14450;981.3;6679.46;5;391.6;01.09.2016
FastMove;Milan;Train;18617;1406.6;6772.8;5;1989.8;09.07.2019
RailCargo;Brussels;Truck;20590;1159.8;8940.21;4;469.2;07.08.2021
ShipLine;Ljubljana;Truck;693;340.2;1948.02;3;84.9;11.03.2021
FastMove;Bratislava;Train;9121;924.6;8048.14;3;962.1;05.06.2015
TransMax;Zurich;Train;65630;1575.2;14099.9;6;2657.7;01.03.2022
BlueLogistics;Vienna;Truck;22501;728.9;15539.37;2;254.8;23.02.2016
RailCargo;Copenhagen;Plane;7965;1316.4;55587.64;2;8432.5;13.08.2017
MoveIt;Munich;Ship;115590;3945.6;28268.87;16;39290.9;15.07.2021
RoadRunner;Warsaw;Plane;260;2953.4;90508.73;2;31874.5;05.07.2024
NorthWind;Budapest;Truck;16944;587.4;7088.36;3;246.2;10.08.2019
CargoOne;Munich;Train;34512;1716.3;21146.65;4;3415.0;18.12.2023
FastMove;Amsterdam;Truck;20209;857.1;9113.64;4;321.0;12.01.2020
CargoBridge;Budapest;Ship;238023;1401.2;14819.36;14;13684.1;25.10.2025
HeavyLift;Frankfurt;Truck;2363;993.4;5446.82;5;372.5;20.07.2016
EuroTrans;Warsaw;Truck;11717;1062.2;6496.45;4;394.9;27.11.2025
SkyCargo;Milan;Truck;5704;63.3;4278.5;1;14.2;04.08.2018
ShipLine;Vienna;Ship;104045;2094.8;13849.62;10;9533.9;08.04.2022
NorthWind;Vienna;Plane;8206;3309.9;117972.0;3;33850.8;01.10.2019
SkyCargo;Frankfurt;Truck;12898;885.1;7718.96;4;374.2;15.02.2022
CargoOne;Bratislava;Truck;23426;457.8;10085.23;2;201.9;05.04.2016
GlobalFreight;Brussels;Truck;21097;1084.5;13216.92;3;388.3;15.03.2021
SkyCargo;Amsterdam;Truck;3556;484.0;4832.77;3;142.6;07.07.2022
NorthWind;Copenhagen;Truck;19866;786.0;6290.93;4;308.6;21.04.2019
SkyCargo;Amsterdam;Train;56770;2351.8;16453.77;4;3948.3;17.02.2015
EuroTrans;Dresden;Truck;5286;493.8;3929.17;4;139.1;24.07.2019
HeavyLift;Dresden;Train;75718;200.8;7182.01;4;431.0;24.10.2022
SkyCargo;Amsterdam;Train;18517;2224.8;7707.81;7;2968.0;29.11.2020
ShipLine;Vienna;Truck;2127;766.7;11123.87;2;169.0;18.01.2025
TransMax;Amsterdam;Truck;19700;918.8;7832.42;4;271.1;27.07.2019
FastMove;Amsterdam;Truck;63;877.7;3725.07;3;330.7;28.03.2021
SkyCargo;Warsaw;Truck;22998;946.7;17761.54;2;290.1;22.05.2018
ShipLine;Budapest;Truck;14104;758.7;5973.7;3;191.7;26.04.2015
TransMax;Brussels;Truck;15917;122.7;3544.93;3;51.6;07.11.2022
HeavyLift;Dresden;Train;5982;1457.2;10371.47;5;2624.8;06.03.2020
MoveIt;Dresden;Truck;14561;362.2;10138.12;2;123.7;01.06.2024
GlobalFreight;Munich;Plane;4362;3946.2;83846.43;4;39055.1;16.10.2017
QuickCargo;Copenhagen;Train;41344;1464.0;9295.66;6;2183.2;05.01.2016
GlobalFreight;Paris;Train;6961;2451.5;16946.37;5;3593.7;28.08.2015
MoveIt;Zagreb;Plane;6270;1855.2;33031.82;3;11404.7;27.09.2019
NorthWind;Berlin;Truck;18244;735.4;5489.86;4;219.2;15.12.2022
NorthWind;Budapest;Truck;10786;716.2;5954.64;3;176.2;30.08.2021
NorthWind;Zurich;Ship;136186;2950.7;17298.5;10;18063.5;13.09.2024
HeavyLift;Dresden;Train;54299;1192.1;11857.63;3;2379.9;12.11.2023
CargoBridge;Zurich;Truck;16107;1045.0;9258.12;4;329.0;11.10.2023
HeavyLift;Paris;Plane;8317;1557.6;31208.87;3;9830.3;22.02.2019
HeavyLift;Copenhagen;Ship;101639;6439.6;29977.07;21;38865.8;04.02.2022
GlobalFreight;Milan;Truck;22816;111.8;3823.34;3;39.4;15.09.2016
HeavyLift;Munich;Plane;7035;4890.1;91992.54;5;45412.2;04.07.2016
TransMax;Paris;Train;14086;1097.3;15410.38;3;1302.0;19.03.2025
MoveIt;Frankfurt;Ship;276093;2608.6;18157.81;13;30575.8;07.01.2021
CargoOne;Warsaw;Truck;13028;643.7;6291.27;3;214.0;21.11.2015
EuroTrans;Milan;Truck;496;953.4;2765.7;5;239.1;21.11.2023
HeavyLift;Munich;Train;19803;1177.5;5541.6;5;2199.6;26.07.2017
QuickCargo;Zagreb;Truck;22870;544.6;6979.68;3;188.3;19.03.2021
GlobalFreight;Munich;Truck;16894;354.4;9550.75;2;99.0;10.08.2017
SkyCargo;Paris;Ship;145695;3406.6;20323.26;9;28996.5;13.02.2019
HeavyLift;Ljubljana;Truck;6499;217.5;1926.82;3;51.2;25.06.2025
QuickCargo;Ljubljana;Truck;16147;667.9;5638.86;4;244.2;01.12.2019
CargoBridge;Copenhagen;Ship;158862;2548.9;12164.33;13;22072.8;23.02.2017
MoveIt;Dresden;Train;10038;1775.7;5455.8;6;2182.2;26.12.2023
MoveIt;Vienna;Train;32866;1090.2;8791.68;5;1418.8;03.05.2019
RoadRunner;Amsterdam;Truck;4795;677.1;4591.35;3;255.2;05.06.2018
CargoOne;Berlin;Ship;59440;7015.2;36387.53;19;55317.2;19.03.2018
SkyCargo;Vienna;Ship;95308;3286.5;22850.58;11;18008.2;08.12.2017
RailCargo;Berlin;Ship;285536;2313.9;20600.9;15;23106.5;19.01.2020
QuickCargo;Dresden;Truck;21379;788.1;6803.29;4;327.3;06.09.2021
FastMove;Budapest;Train;67673;2408.8;18940.08;6;5255.2;15.05.2021
RoadRunner;Brussels;Plane;12740;3402.3;111090.46;3;43909.2;12.07.2018
ShipLine;Budapest;Ship;240622;1553.5;14721.79;12;10764.2;31.08.2024
QuickCargo;Dresden;Train;33613;1077.1;11787.96;3;1275.6;16.07.2017
RoadRunner;Ljubljana;Truck;18662;320.8;5395.8;3;92.8;01.03.2021
ShipLine;Prague;Truck;18615;989.4;13270.34;3;290.0;25.12.2022
RoadRunner;Dresden;Plane;2004;1422.8;79743.95;1;8659.2;09.01.2015
CargoOne;Vienna;Train;57381;1087.7;11667.84;4;1387.5;10.09.2021
NorthWind;Dresden;Plane;11732;4222.0;69781.16;3;28045.5;07.03.2019
RailCargo;Vienna;Truck;7758;1104.9;4459.0;5;307.1;31.07.2025
FastMove;Frankfurt;Ship;149894;6460.4;51422.36;18;58178.4;09.03.2017
GlobalFreight;Zurich;Truck;10417;1179.8;3828.41;5;444.7;02.09.2023
CargoOne;Ljubljana;Ship;100619;3710.8;18308.58;9;33064.7;29.04.2023
RoadRunner;Copenhagen;Truck;690;135.7;1028.68;3;28.6;17.05.2019
RailCargo;Bratislava;Truck;21260;65.0;7860.09;2;21.9;23.11.2022
MoveIt;Amsterdam;Plane;7343;508.7;29625.58;2;3399.7;19.08.2021
HeavyLift;Zagreb;Truck;12085;757.5;5336.94;4;285.7;20.04.2018
SkyCargo;Budapest;Truck;18550;884.5;8032.04;4;257.0;02.12.2020
BlueLogistics;Dresden;Truck;20866;688.7;10840.06;3;244.2;10.06.2020
TransMax;Vienna;Truck;19427;476.6;7893.4;3;157.3;21.01.2025
RailCargo;Prague;Train;3419;744.5;5849.76;5;713.5;08.01.2019
ShipLine;Frankfurt;Train;24980;2111.4;10061.22;5;2723.9;15.07.2023
CargoBridge;Milan;Plane;12864;5674.1;98659.99;4;51432.9;01.03.2020
ShipLine;Ljubljana;Truck;4570;153.7;1962.58;2;43.7;28.01.2021
NorthWind;Dresden;Truck;23406;155.7;6216.35;2;69.6;31.07.2016
RoadRunner;Zagreb;Truck;14771;725.8;15633.0;2;273.3;01.02.2023
QuickCargo;Milan;Truck;18188;201.7;8549.57;2;63.2;30.07.2018
RailCargo;Frankfurt;Truck;4687;1021.7;7294.68;3;380.2;11.06.2021
CargoOne;Berlin;Truck;23122;509.2;6588.18;4;178.7;15.05.2017
MoveIt;Budapest;Truck;5870;1044.2;6779.44;4;402.1;05.12.2024
TransMax;Bratislava;Truck;17094;152.3;4938.57;2;64.2;08.12.2017
QuickCargo;Ljubljana;Truck;13802;206.7;14859.73;1;85.9;30.08.2023
GlobalFreight;Prague;Truck;11565;117.8;2287.1;3;41.7;20.04.2016
RoadRunner;Milan;Plane;13845;3857.3;159420.08;3;48204.0;14.07.2018
EuroTrans;Brussels;Truck;11935;1062.1;10120.46;3;410.9;21.05.2021
EuroTrans;Hamburg;Truck;14146;581.7;4945.15;3;215.0;28.02.2025
QuickCargo;Vienna;Ship;168713;4932.8;27816.37;16;32805.6;30.07.2016
TransMax;Frankfurt;Truck;18828;732.1;12112.86;2;305.4;16.02.2018
ShipLine;Warsaw;Truck;20510;892.6;5989.86;4;322.2;10.01.2024
HeavyLift;Dresden;Truck;23818;1087.0;5640.5;5;310.7;09.09.2023
SkyCargo;Copenhagen;Truck;15394;260.7;5858.12;3;75.5;14.01.2019
ShipLine;Bratislava;Train;32213;2227.0;12809.93;5;4364.9;31.08.2024
HeavyLift;Dresden;Truck;14723;907.1;12334.35;3;315.4;28.12.2024
HeavyLift;Dresden;Train;23683;1458.5;16731.61;4;1758.2;27.01.2022
MoveIt;Zurich;Truck;1604;208.6;3227.35;2;44.8;26.11.2022
CargoOne;Copenhagen;Truck;11598;762.9;8977.77;2;314.0;06.03.2023
MoveIt;Prague;Train;44187;1443.9;7126.96;6;2102.3;21.06.2018
QuickCargo;Prague;Train;31114;1580.2;10938.09;4;1764.6;22.07.2025
RailCargo;Warsaw;Train;19154;1779.4;15401.42;5;2203.9;10.08.2015
NorthWind;Munich;Truck;23547;77.4;9625.76;2;34.4;02.01.2018
QuickCargo;Vienna;Train;11338;2495.9;14183.81;7;2663.8;03.02.2025
RoadRunner;Milan;Ship;87789;1228.6;8995.28;13;10363.4;01.08.2018
FastMove;Paris;Truck;6049;877.4;5131.86;5;248.0;06.08.2021
HeavyLift;Ljubljana;Train;4693;1620.6;11867.05;5;1424.5;20.12.2019
QuickCargo;Hamburg;Ship;293748;4138.6;36671.78;10;33359.9;22.03.2022
CargoOne;Amsterdam;Train;6810;2107.2;21229.32;4;2620.8;16.11.2025
HeavyLift;Prague;Truck;3933;1081.9;10710.39;3;298.4;21.10.2019
CargoOne;Frankfurt;Train;37752;2436.3;19082.8;5;3961.2;18.09.2025
BlueLogistics;Paris;Ship;96363;5239.5;37295.63;20;32058.8;12.03.2019
NorthWind;Paris;Truck;2365;465.5;5518.46;2;130.9;23.02.2015
NorthWind;Prague;Truck;17990;542.7;11309.74;2;194.5;30.06.2015
TransMax;Amsterdam;Plane;11396;3255.2;132276.99;3;37552.2;24.05.2021
MoveIt;Zurich;Truck;12336;853.7;5567.43;4;209.0;05.07.2023
MoveIt;Munich;Truck;5315;59.3;1511.86;2;21.8;04.04.2019
GlobalFreight;Bratislava;Truck;9417;499.8;5378.51;2;164.0;04.02.2017
NorthWind;Budapest;Truck;10897;304.5;3633.31;3;75.8;13.06.2015
NorthWind;Brussels;Ship;133075;1134.0;18315.71;5;10111.4;21.09.2020
HeavyLift;Amsterdam;Truck;3872;1069.4;6029.36;3;303.3;27.05.2025
CargoOne;Zurich;Ship;244357;3208.5;26885.07;11;34338.4;02.02.2021
ShipLine;Paris;Ship;50994;6997.1;48954.19;16;55498.3;07.06.2019
CargoOne;Amsterdam;Plane;11014;1821.5;30514.03;3;14067.1;18.02.2020
GlobalFreight;Milan;Train;61047;378.8;6306.15;4;813.6;05.03.2025
ShipLine;Warsaw;Truck;5361;445.9;3798.22;2;157.5;08.11.2022
EuroTrans;Warsaw;Train;22902;1598.4;16832.42;3;3002.9;04.06.2021
CargoBridge;Zagreb;Train;74626;1778.7;14553.47;4;2607.8;02.01.2021
GlobalFreight;Paris;Train;77641;387.6;13287.55;4;756.3;16.11.2016
QuickCargo;Warsaw;Truck;23276;644.3;10660.97;2;293.9;31.12.2020
TransMax;Hamburg;Truck;19994;1176.0;8017.74;5;421.2;05.01.2024
SkyCargo;Bratislava;Truck;1800;1064.4;4081.22;4;410.0;06.05.2020
EuroTrans;Prague;Truck;20203;683.9;11436.24;3;198.5;08.07.2016
NorthWind;Budapest;Truck;9183;152.0;2928.58;2;42.7;28.05.2023
MoveIt;Frankfurt;Train;47673;351.9;10671.76;3;657.4;02.04.2023
NorthWind;Prague;Truck;1711;779.2;4152.97;3;260.5;18.06.2016
QuickCargo;Ljubljana;Truck;4217;1028.1;5053.45;4;239.2;28.01.2025
TransMax;Budapest;Train;6664;1161.2;5587.44;4;1446.7;24.08.2015
GlobalFreight;Amsterdam;Plane;7550;2919.8;49851.32;3;35996.2;24.06.2016
TransMax;Vienna;Train;78909;1699.1;25960.02;4;3524.7;31.10.2015
ShipLine;Zurich;Truck;5264;749.3;5225.73;3;291.9;30.04.2015
HeavyLift;Amsterdam;Ship;149654;6141.5;27449.68;14;41879.7;27.12.2023
MoveIt;Hamburg;Plane;249;2808.9;79281.74;3;21351.7;07.06.2024
RailCargo;Copenhagen;Truck;1379;916.1;8373.23;3;302.9;28.09.2020
TransMax;Copenhagen;Truck;19095;119.5;14044.34;1;47.9;12.12.2019
RailCargo;Copenhagen;Plane;9926;4266.7;93846.95;4;48403.3;23.05.2018
NorthWind;Copenhagen;Truck;5585;268.2;4410.85;2;79.6;11.11.2025
EuroTrans;Bratislava;Truck;4553;522.6;4201.89;4;182.0;06.08.2018
HeavyLift;Budapest;Truck;16867;641.9;7524.64;3;274.8;30.08.2021
NorthWind;Warsaw;Train;19835;2339.7;16201.15;6;3914.6;19.05.2022
RoadRunner;Copenhagen;Truck;11152;281.2;5111.64;3;111.6;27.02.2018
ShipLine;Munich;Ship;196192;5600.3;27254.72;17;35345.7;22.02.2024
CargoOne;Amsterdam;Truck;12037;862.4;5489.57;4;289.2;23.01.2023
HeavyLift;Milan;Ship;209684;6404.2;31990.16;22;54302.1;01.02.2020
RailCargo;Bratislava;Train;44475;2368.3;9320.18;7;3538.4;18.04.2020
MoveIt;Bratislava;Truck;19535;1120.9;7642.74;5;374.3;27.02.2025
HeavyLift;Budapest;Truck;12172;444.7;11227.75;1;162.8;28.05.2024
CargoBridge;Zurich;Train;24796;2074.0;10426.1;6;3280.9;16.06.2021
RailCargo;Copenhagen;Truck;3747;563.7;3453.76;4;144.1;13.07.2016
BlueLogistics;Milan;Ship;67213;5037.2;39861.94;14;30127.3;27.06.2022
HeavyLift;Dresden;Train;21132;770.0;4788.17;5;1366.8;19.06.2018
BlueLogistics;Berlin;Truck;21604;524.5;9443.64;3;164.0;16.03.2015
CargoOne;Dresden;Train;65470;1881.0;12259.08;7;3974.5;07.05.2016
FastMove;Milan;Train;73504;1227.3;17646.49;4;1850.4;18.02.2018
QuickCargo;Munich;Truck;15144;1091.7;11414.1;3;439.3;19.07.2015
FastMove;Zagreb;Truck;21287;1159.6;7551.12;5;455.4;30.10.2018
CargoBridge;Budapest;Truck;14892;561.4;10267.69;2;183.6;09.03.2017
ShipLine;Prague;Truck;21208;1097.7;6929.36;5;479.9;16.09.2016
MoveIt;Ljubljana;Plane;6040;845.8;104583.36;1;7983.8;29.04.2025
EuroTrans;Zagreb;Ship;72121;2082.9;15571.34;7;10079.3;09.03.2017
FastMove;Brussels;Truck;18847;396.3;7837.87;3;113.0;07.12.2020
TransMax;Vienna;Truck;1199;239.2;5838.31;1;57.3;23.09.2016
SkyCargo;Copenhagen;Truck;19741;879.0;7583.54;4;324.7;05.10.2017
GlobalFreight;Budapest;Train;46669;2422.6;14701.75;7;4869.0;30.08.2016
EuroTrans;Budapest;Train;58524;1973.0;24342.93;4;3659.7;14.12.2016
CargoOne;Zurich;Truck;22774;594.7;5101.8;4;247.8;13.06.2016
BlueLogistics;Brussels;Truck;1188;633.4;3011.24;3;139.6;06.07.2015
SkyCargo;Munich;Truck;4008;622.5;4350.4;4;223.2;08.06.2015
FastMove;Prague;Truck;3319;229.4;3859.95;2;83.3;05.01.2025
SkyCargo;Dresden;Train;12249;620.6;5360.0;5;859.4;08.05.2025
QuickCargo;Bratislava;Train;53261;794.0;9595.16;4;1209.9;09.05.2017
BlueLogistics;Budapest;Truck;23383;235.6;8215.63;2;92.4;22.09.2016
GlobalFreight;Dresden;Plane;9294;5219.4;159104.96;4;62366.7;24.01.2017
EuroTrans;Milan;Truck;20298;483.6;3913.55;4;158.8;15.05.2019
BlueLogistics;Zagreb;Ship;65156;2561.4;18052.84;12;13526.5;04.03.2016
MoveIt;Amsterdam;Truck;7557;819.4;6185.97;4;324.6;19.08.2018
EuroTrans;Prague;Ship;207043;1316.5;12742.98;7;11897.2;24.06.2019
BlueLogistics;Zagreb;Train;41634;1088.1;6109.98;5;2070.7;18.05.2021
FastMove;Munich;Plane;6054;4128.3;86015.25;3;52217.5;06.08.2023
CargoBridge;Paris;Truck;18713;362.4;4959.58;4;101.0;16.05.2017
RoadRunner;Paris;Truck;6107;621.1;8761.04;2;226.7;22.11.2016
RailCargo;Munich;Train;65528;363.6;12572.6;2;734.6;20.07.2025
BlueLogistics;Amsterdam;Ship;216567;3896.0;22931.78;14;33368.6;16.09.2025
SkyCargo;Zagreb;Truck;16124;239.7;6240.09;3;70.8;29.01.2017
EuroTrans;Ljubljana;Train;4211;1752.4;10772.68;5;2051.5;21.12.2021
ShipLine;Dresden;Truck;20936;322.8;7718.71;3;141.7;31.10.2022
QuickCargo;Zurich;Truck;20692;743.0;6812.57;4;243.8;15.07.2022
QuickCargo;Paris;Truck;1546;193.4;3922.12;1;60.1;30.11.2018
ShipLine;Copenhagen;Truck;21024;375.2;10642.99;2;163.6;05.01.2015
EuroTrans;Brussels;Plane;5036;3053.5;78144.6;3;31540.0;02.06.2021
ShipLine;Ljubljana;Plane;1478;5366.5;149696.07;4;35452.2;19.05.2015
HeavyLift;Paris;Truck;11617;517.7;7431.64;2;144.1;01.05.2019
HeavyLift;Brussels;Train;58352;2414.6;17819.03;5;5119.9;20.05.2021
QuickCargo;Copenhagen;Truck;22814;286.8;7404.27;2;103.2;27.03.2016
EuroTrans;Frankfurt;Truck;6812;525.6;3390.93;3;139.3;02.04.2018
CargoBridge;Frankfurt;Train;75200;1487.1;11348.7;5;2938.1;16.05.2022
RailCargo;Amsterdam;Truck;8626;430.0;2711.78;4;171.3;14.12.2022
HeavyLift;Vienna;Ship;68602;2998.5;20063.11;12;27748.2;20.09.2017
MoveIt;Bratislava;Truck;7469;568.5;4334.09;3;155.4;07.07.2023
NorthWind;Dresden;Truck;19491;308.2;8691.99;2;105.0;27.06.2025
BlueLogistics;Dresden;Train;76867;2229.4;9212.46;7;3669.8;02.02.2015
CargoBridge;Ljubljana;Truck;3823;845.0;4597.88;4;295.6;20.07.2024
SkyCargo;Milan;Truck;13576;774.8;8833.38;3;255.9;29.05.2016
CargoOne;Amsterdam;Truck;18619;397.0;8974.28;2;125.8;07.11.2021
BlueLogistics;Berlin;Ship;191526;1818.3;16215.14;7;17433.8;27.09.2018
MoveIt;Copenhagen;Ship;210314;4607.1;35688.12;12;39608.4;22.10.2025
CargoOne;Dresden;Plane;1312;5839.7;135217.22;5;55134.5;16.01.2019
SkyCargo;Zurich;Truck;13044;850.1;6933.27;3;219.9;28.02.2019
CargoOne;Hamburg;Truck;13399;261.1;13506.0;1;95.4;09.03.2017
HeavyLift;Ljubljana;Truck;6862;354.9;3085.56;3;80.3;01.07.2021
RailCargo;Frankfurt;Train;52436;1752.0;8196.9;6;3037.2;09.02.2025
NorthWind;Paris;Train;75090;2263.5;11626.18;7;3948.9;08.12.2024
TransMax;Vienna;Train;57929;2436.2;12382.32;7;3164.3;22.05.2018
BlueLogistics;Paris;Truck;12063;312.6;5072.39;3;84.3;22.02.2018
RailCargo;Copenhagen;Truck;11085;565.7;6087.37;3;210.8;30.06.2016
SkyCargo;Budapest;Train;18364;737.7;12844.56;2;935.3;17.04.2017
CargoBridge;Prague;Truck;8361;302.4;5174.53;2;92.9;07.02.2025
RailCargo;Ljubljana;Truck;14387;988.2;5647.68;5;270.3;03.06.2023
MoveIt;Paris;Truck;5737;910.7;5391.26;3;260.2;09.12.2016
CargoBridge;Amsterdam;Train;34357;1479.1;5652.67;6;1816.8;17.04.2025
TransMax;Budapest;Truck;15072;671.2;12243.14;2;285.4;15.04.2025
TransMax;Prague;Truck;5404;875.4;3483.1;4;211.7;05.12.2019
MoveIt;Brussels;Plane;14488;1924.2;125083.23;2;23166.0;04.05.2020
NorthWind;Zagreb;Truck;3519;349.5;3620.5;3;126.4;16.12.2017
CargoOne;Copenhagen;Truck;17640;672.9;6545.67;4;227.5;30.08.2016
GlobalFreight;Frankfurt;Ship;86553;1261.4;12708.25;8;5179.5;06.11.2018
RailCargo;Copenhagen;Ship;138547;2828.6;12984.73;16;24704.2;17.10.2017
NorthWind;Hamburg;Truck;2550;934.8;3624.17;4;211.7;03.05.2016
SkyCargo;Ljubljana;Plane;11437;730.8;75150.72;1;8289.8;20.11.2021
CargoOne;Vienna;Truck;15933;106.9;9182.54;1;27.8;10.09.2016
GlobalFreight;Warsaw;Train;33506;1624.7;11128.06;5;1997.6;28.07.2023
FastMove;Zagreb;Truck;16179;251.8;4511.7;3;97.9;14.01.2017
EuroTrans;Prague;Truck;4779;382.7;5925.84;2;94.8;03.12.2017
RoadRunner;Copenhagen;Ship;107392;2185.0;14153.68;13;8921.3;12.12.2025
HeavyLift;Zurich;Truck;656;1058.8;7186.43;3;374.3;06.05.2025
GlobalFreight;Prague;Truck;5496;73.9;5473.89;1;21.1;04.09.2022
GlobalFreight;Vienna;Train;25333;2212.4;8604.47;7;3181.9;14.01.2017
RailCargo;Brussels;Train;78846;681.2;10540.64;4;1229.9;01.08.2020
ShipLine;Paris;Ship;193058;1952.1;10886.15;11;9830.4;01.02.2021
FastMove;Budapest;Ship;198402;1763.5;10306.49;11;18602.6;20.10.2015
GlobalFreight;Brussels;Truck;10461;224.4;4648.14;2;79.6;27.09.2017
ShipLine;Budapest;Train;39383;596.4;5598.55;4;1222.2;05.10.2018
NorthWind;Bratislava;Train;72750;262.3;13441.96;2;404.0;13.01.2021
TransMax;Berlin;Truck;7404;710.0;5122.43;4;179.6;15.07.2024
EuroTrans;Warsaw;Plane;1269;1450.9;68649.56;2;10507.0;23.12.2022
GlobalFreight;Dresden;Truck;13719;550.8;4560.35;3;233.6;25.07.2023
RoadRunner;Warsaw;Train;70916;802.9;16935.21;2;1317.7;20.05.2024
NorthWind;Prague;Truck;18728;496.5;5410.87;4;212.1;21.05.2020
BlueLogistics;Paris;Train;51318;1984.7;16131.74;6;2910.9;10.09.2023
QuickCargo;Warsaw;Train;29035;1865.7;14027.22;5;2235.2;22.11.2019
TransMax;Budapest;Truck;610;272.3;2440.33;2;58.1;18.12.2020
BlueLogistics;Warsaw;Truck;16797;608.4;7011.64;4;218.0;04.01.2016
ShipLine;Ljubljana;Truck;19321;924.4;6946.95;4;406.9;31.01.2016
NorthWind;Munich;Train;72530;658.1;20423.59;2;1028.8;09.04.2023
QuickCargo;Munich;Train;46091;343.5;5220.38;4;650.5;11.06.2019
BlueLogistics;Warsaw;Truck;10753;776.6;7103.45;4;220.9;02.03.2021
QuickCargo;Prague;Plane;2671;3542.3;80086.92;4;39862.5;01.05.2021
TransMax;Berlin;Truck;22905;507.8;9943.94;3;215.5;14.08.2024
BlueLogistics;Munich;Ship;113427;7949.2;62764.02;24;56788.1;24.11.2024
BlueLogistics;Hamburg;Ship;48674;3734.1;29587.07;14;27246.8;28.03.2025
TransMax;Copenhagen;Truck;8170;573.1;5539.78;3;161.7;01.11.2015
BlueLogistics;Budapest;Train;26861;2019.5;7317.91;7;3470.2;10.07.2024
SkyCargo;Amsterdam;Truck;19713;264.9;6069.91;3;73.4;28.07.2023
QuickCargo;Prague;Truck;16204;1080.0;7584.85;4;400.8;25.02.2019
MoveIt;Munich;Truck;17686;1083.7;8716.1;4;447.7;04.11.2015
RoadRunner;Budapest;Truck;13476;561.3;9783.42;2;230.2;27.08.2021
RailCargo;Dresden;Train;39678;1444.3;13794.7;4;2303.8;12.01.2023
MoveIt;Budapest;Train;52830;1066.8;12165.02;4;2090.9;20.04.2024
FastMove;Budapest;Truck;20259;284.8;8790.05;2;105.2;04.07.2017
RoadRunner;Bratislava;Train;1683;1645.0;10330.34;6;2551.1;25.10.2021
CargoOne;Ljubljana;Truck;20279;596.5;7925.12;3;223.0;29.11.2019
RoadRunner;Copenhagen;Truck;18178;696.8;6543.05;4;238.9;09.04.2021
GlobalFreight;Zurich;Truck;16730;136.6;10521.83;1;49.9;11.08.2019
ShipLine;Amsterdam;Truck;20691;577.1;8981.64;3;196.6;13.03.2016
RailCargo;Zurich;Ship;144052;4642.7;32275.8;13;20891.1;09.10.2020
TransMax;Copenhagen;Ship;94601;3152.0;12027.73;9;29224.7;11.10.2025
ShipLine;Berlin;Truck;19770;383.4;4208.51;4;103.2;07.05.2024
HeavyLift;Milan;Train;571;1971.4;11623.68;5;2649.4;09.01.2024
CargoOne;Paris;Truck;17772;816.8;6838.3;4;302.7;01.08.2024
QuickCargo;Warsaw;Train;31506;1156.8;13544.0;3;2269.4;22.02.2015
CargoOne;Prague;Truck;23649;831.6;9662.9;3;333.5;24.09.2023
RoadRunner;Milan;Train;47349;239.8;7874.09;3;300.3;04.04.2024
ShipLine;Dresden;Train;39060;2263.6;12878.63;6;3763.1;01.02.2023
CargoBridge;Prague;Train;21733;1420.9;7096.2;4;2281.6;31.05.2023
BlueLogistics;Brussels;Truck;1609;841.1;5144.76;3;311.9;22.06.2016
RoadRunner;Berlin;Truck;11287;365.4;4465.78;4;123.6;13.03.2019
EuroTrans;Zurich;Plane;12920;2578.1;103284.23;3;19440.1;22.11.2019
MoveIt;Zagreb;Truck;5891;1122.3;5872.54;3;419.2;24.08.2017
BlueLogistics;Zurich;Truck;16398;83.8;8931.37;1;34.9;23.10.2023
GlobalFreight;Milan;Train;43263;1581.8;18131.0;4;3120.2;04.07.2018
CargoOne;Zagreb;Ship;155716;7780.0;32127.59;19;51685.3;31.08.2024
CargoBridge;Berlin;Truck;4235;336.5;3513.77;3;129.4;16.01.2023
TransMax;Zagreb;Truck;4741;945.6;4249.55;4;282.9;04.01.2021
NorthWind;Dresden;Train;73334;1620.2;16054.89;4;3281.1;21.07.2021
NorthWind;Zurich;Truck;4635;1018.0;5622.04;4;276.6;04.09.2018
ShipLine;Milan;Train;7674;1231.8;11564.95;4;1120.7;17.06.2018
RoadRunner;Vienna;Truck;8872;572.2;5690.3;3;210.1;01.08.2016
HeavyLift;Ljubljana;Ship;160082;6069.0;35515.9;14;56670.2;14.05.2018
QuickCargo;Ljubljana;Truck;19810;382.8;9502.21;2;124.8;29.06.2017
BlueLogistics;Warsaw;Train;9497;1169.0;8357.85;5;1298.6;29.12.2025
EuroTrans;Brussels;Plane;8310;3321.4;127234.43;3;24357.7;28.11.2023
EuroTrans;Zagreb;Train;37887;651.5;5593.76;4;989.6;13.01.2017
FastMove;Ljubljana;Train;28379;1139.8;9025.35;5;1985.3;27.09.2020
CargoOne;Warsaw;Train;47193;2186.0;14857.12;5;3568.2;26.07.2020
FastMove;Zagreb;Truck;5377;485.7;5780.05;3;140.6;08.07.2017
BlueLogistics;Copenhagen;Truck;8469;745.3;5182.86;4;254.5;30.10.2018
CargoOne;Prague;Train;70265;458.0;7183.98;3;763.6;27.02.2025
BlueLogistics;Paris;Truck;17754;859.9;5611.75;4;325.6;18.04.2022
HeavyLift;Copenhagen;Truck;16981;1128.6;10176.76;4;442.2;14.02.2023
ShipLine;Milan;Truck;12204;695.2;5015.42;4;278.7;28.11.2018
TransMax;Frankfurt;Truck;3692;646.1;2799.84;4;143.1;19.07.2021
ShipLine;Dresden;Train;10196;2263.5;9973.42;7;2661.2;05.03.2025
MoveIt;Ljubljana;Ship;177053;4127.3;34448.8;17;32792.5;08.09.2018
TransMax;Warsaw;Ship;113061;6522.6;29287.02;18;56706.9;13.11.2020
FastMove;Vienna;Truck;1022;300.3;3980.11;2;88.3;12.04.2016
TransMax;Vienna;Train;64946;1602.4;13520.91;6;2190.3;16.02.2015
CargoBridge;Prague;Train;75585;1619.5;11250.16;5;2484.0;12.07.2015
GlobalFreight;Paris;Truck;13909;1040.7;7669.86;4;297.8;18.04.2024
NorthWind;Paris;Train;3208;1438.5;10074.87;5;1853.9;02.07.2022
GlobalFreight;Hamburg;Truck;4032;503.7;6032.69;2;129.4;01.10.2025
MoveIt;Dresden;Truck;15592;709.5;5996.19;3;261.3;11.02.2023
RailCargo;Berlin;Train;43503;1787.2;14122.32;6;3438.3;24.06.2015
HeavyLift;Paris;Truck;7002;206.0;2031.98;3;53.7;26.10.2022
TransMax;Frankfurt;Truck;13224;486.0;6982.29;2;157.1;30.01.2023
RoadRunner;Copenhagen;Train;32218;680.7;5116.22;4;750.1;10.08.2018
MoveIt;Brussels;Truck;9614;777.8;8159.89;3;215.0;14.03.2024
RailCargo;Amsterdam;Train;47301;1506.6;10206.38;4;3061.4;29.05.2019
NorthWind;Berlin;Train;31955;2128.1;8525.22;5;2599.2;01.09.2021
RailCargo;Copenhagen;Truck;8221;444.6;5829.31;2;142.8;09.10.2015
MoveIt;Brussels;Truck;20479;1077.3;8414.62;5;378.6;18.04.2017
GlobalFreight;Dresden;Ship;162083;5370.7;48607.7;16;33375.9;03.06.2015
BlueLogistics;Dresden;Train;28548;511.3;11360.05;2;591.5;21.06.2025
MoveIt;Frankfurt;Ship;140876;2695.7;19071.28;14;19216.3;21.08.2021
GlobalFreight;Hamburg;Plane;9442;3664.4;69857.86;4;33667.3;25.08.2024
CargoBridge;Prague;Train;70830;598.2;10646.69;4;962.8;09.01.2018
MoveIt;Paris;Ship;129324;3324.4;23666.7;16;29569.7;10.07.2016
MoveIt;Zagreb;Truck;6490;355.8;13925.19;1;140.8;05.05.2016
TransMax;Warsaw;Ship;147076;6841.8;24543.44;21;62019.3;03.05.2017
RoadRunner;Frankfurt;Ship;270948;7288.3;46800.1;20;65592.8;14.10.2025
SkyCargo;Amsterdam;Train;37719;693.2;8086.86;4;1062.3;17.01.2023
CargoOne;Prague;Train;46258;459.2;21154.54;2;905.9;02.02.2017
SkyCargo;Budapest;Truck;5517;451.0;2477.71;4;173.5;02.09.2024
MoveIt;Amsterdam;Ship;191698;5200.7;26109.2;16;29751.6;22.03.2015
CargoOne;Zagreb;Train;36166;2129.4;17031.85;4;2739.1;10.09.2017
MoveIt;Dresden;Train;63771;336.8;11717.27;4;534.8;13.08.2016
TransMax;Bratislava;Train;77489;1270.9;9884.08;5;2464.5;13.11.2017
MoveIt;Brussels;Truck;2610;254.1;2447.56;3;91.5;27.02.2015
HeavyLift;Hamburg;Truck;17534;164.6;3770.89;3;44.1;03.11.2019
FastMove;Copenhagen;Truck;4942;596.1;5031.27;3;177.2;06.06.2025
EuroTrans;Berlin;Truck;7797;435.5;6505.16;2;161.3;16.01.2019
BlueLogistics;Brussels;Plane;183;3708.7;80447.49;3;30986.1;20.07.2020
BlueLogistics;Budapest;Truck;453;967.6;7100.67;3;275.3;10.06.2023
TransMax;Berlin;Train;12758;594.8;8601.41;2;854.3;17.09.2020
ShipLine;Vienna;Train;24831;1339.9;14072.76;3;2399.1;17.12.2022
TransMax;Bratislava;Train;65508;2022.4;26829.07;4;2949.7;25.04.2020
MoveIt;Prague;Truck;13388;402.4;19306.2;1;169.3;15.04.2018
MoveIt;Budapest;Truck;21281;215.9;9667.89;2;64.1;10.01.2018
TransMax;Vienna;Truck;21818;892.5;7667.63;4;337.1;12.12.2023
MoveIt;Zagreb;Ship;16850;3506.0;22111.42;11;14950.6;22.01.2016
BlueLogistics;Budapest;Truck;15307;140.7;7485.84;2;42.9;05.08.2022
EuroTrans;Bratislava;Plane;5903;5049.4;90306.4;4;41619.0;11.03.2016
RoadRunner;Warsaw;Truck;19102;1119.7;7786.82;5;313.6;16.07.2019
TransMax;Zurich;Train;54714;2045.4;20039.45;5;3612.9;05.10.2020
NorthWind;Brussels;Truck;1976;583.2;2643.92;4;173.0;07.04.2015
SkyCargo;Amsterdam;Truck;2952;806.0;2289.86;5;185.0;28.06.2024
RoadRunner;Budapest;Truck;1699;395.9;5447.83;2;133.9;14.08.2023
CargoBridge;Hamburg;Truck;20540;1156.2;9583.59;3;351.5;22.01.2021
HeavyLift;Frankfurt;Truck;1330;566.4;4253.97;3;127.7;28.07.2018
HeavyLift;Brussels;Truck;368;871.6;4494.91;3;331.9;12.09.2022
QuickCargo;Budapest;Ship;177413;3386.8;15947.27;9;20398.5;16.03.2015
SkyCargo;Frankfurt;Truck;23456;962.3;7017.56;5;346.2;14.01.2015
SkyCargo;Frankfurt;Train;12294;1989.7;18009.53;4;2012.2;16.09.2025
MoveIt;Vienna;Truck;20620;915.9;9876.58;3;284.9;14.02.2020
QuickCargo;Dresden;Plane;7553;3674.4;67872.15;4;37962.1;22.03.2023
GlobalFreight;Zurich;Train;11274;2138.1;9468.37;7;3744.1;22.11.2017
RailCargo;Amsterdam;Truck;19603;76.5;4753.41;3;33.7;17.10.2017
RailCargo;Warsaw;Ship;133093;6005.7;25757.57;22;28982.4;27.07.2018
FastMove;Dresden;Train;43717;1796.9;16534.59;5;3390.9;28.11.2025
CargoOne;Hamburg;Train;2077;2051.3;17732.38;4;2090.3;11.08.2019
CargoOne;Ljubljana;Truck;19947;1135.0;9698.22;4;360.4;15.07.2019
RailCargo;Ljubljana;Truck;1968;111.7;1568.1;2;28.4;24.07.2016
QuickCargo;Dresden;Plane;2513;4288.0;87815.66;4;42465.8;08.08.2023
HeavyLift;Prague;Truck;4661;1074.3;10248.47;3;298.6;22.09.2022
GlobalFreight;Budapest;Truck;11797;958.1;6358.46;4;262.5;29.06.2017
GlobalFreight;Ljubljana;Truck;5275;388.9;3397.54;3;154.1;12.11.2022
GlobalFreight;Warsaw;Train;9602;1779.2;14589.29;5;2950.5;15.03.2015
HeavyLift;Copenhagen;Truck;15275;86.5;4643.22;2;25.1;09.08.2015
FastMove;Budapest;Train;60567;1401.5;27887.62;3;1883.6;01.04.2017
CargoBridge;Budapest;Train;56496;2477.5;14172.9;5;3253.7;12.08.2025
SkyCargo;Milan;Truck;14311;895.7;8282.08;4;258.0;30.03.2025
TransMax;Bratislava;Truck;10059;884.2;7423.69;4;348.7;15.06.2017
MoveIt;Zurich;Truck;3558;1161.4;4013.78;4;315.6;04.05.2023
TransMax;Hamburg;Plane;13870;2200.2;101559.06;2;18687.4;04.07.2020
RailCargo;Dresden;Truck;3377;1131.2;4900.82;5;264.7;03.06.2019
ShipLine;Prague;Train;51280;2148.8;14645.22;7;4547.9;06.08.2024
EuroTrans;Bratislava;Plane;10201;5760.2;86575.21;5;72274.7;22.09.2020
MoveIt;Bratislava;Ship;249885;2912.9;24449.6;15;27594.5;21.01.2019
CargoOne;Berlin;Truck;16770;1122.5;11128.74;4;401.5;29.05.2016
BlueLogistics;Paris;Ship;166270;6644.2;54547.29;15;59924.4;21.02.2021
EuroTrans;Warsaw;Truck;20929;436.7;10337.59;2;137.7;01.01.2019
HeavyLift;Munich;Truck;22691;509.6;14198.22;2;166.4;19.02.2016
NorthWind;Zagreb;Ship;47104;4736.3;15684.59;16;29614.4;14.08.2017
HeavyLift;Amsterdam;Truck;9470;724.8;8123.16;3;280.6;03.12.2020
SkyCargo;Bratislava;Train;3540;1165.5;7244.81;6;1435.5;30.06.2024
FastMove;Warsaw;Plane;2657;1499.6;29305.42;3;11924.5;03.12.2015
TransMax;Munich;Truck;23257;83.7;7668.01;2;27.9;18.01.2015
MoveIt;Amsterdam;Truck;23970;165.6;5235.12;2;61.4;30.10.2016
CargoOne;Hamburg;Truck;19456;563.7;4757.42;3;241.9;04.02.2018
CargoOne;Prague;Truck;15609;1106.8;7056.18;5;326.9;10.02.2016
RoadRunner;Ljubljana;Ship;28900;4794.4;30119.09;18;18788.2;26.05.2025
EuroTrans;Milan;Train;7175;1618.7;10093.68;5;1800.3;20.12.2025
NorthWind;Ljubljana;Ship;196186;3166.3;18320.03;17;27654.4;27.10.2018
BlueLogistics;Paris;Train;3466;1824.2;10816.31;5;1810.5;23.12.2019
SkyCargo;Prague;Truck;19669;946.3;8415.33;4;373.1;09.03.2016
RailCargo;Prague;Train;62101;1377.6;13056.77;6;1956.7;09.11.2024
TransMax;Copenhagen;Truck;4002;614.0;5651.23;3;184.6;06.11.2024
RailCargo;Dresden;Ship;8656;7277.6;22650.12;17;34985.9;26.02.2021
GlobalFreight;Milan;Truck;1081;1165.8;8989.59;3;374.0;15.12.2023
TransMax;Budapest;Truck;6152;504.6;5645.29;2;186.1;24.04.2019
RoadRunner;Copenhagen;Train;34523;2147.9;13209.96;5;3288.6;28.08.2022
GlobalFreight;Vienna;Truck;8107;843.6;7000.73;4;340.7;15.07.2025
CargoBridge;Budapest;Truck;3832;113.2;1596.82;3;42.3;19.01.2015
ShipLine;Prague;Truck;21309;468.6;7062.86;3;148.8;17.05.2017
QuickCargo;Warsaw;Train;76244;2191.1;12933.47;5;4193.0;07.04.2015
CargoOne;Zurich;Plane;9861;4562.2;51488.49;4;31191.6;11.07.2015
EuroTrans;Warsaw;Truck;15656;132.0;5178.66;3;51.4;31.10.2022
HeavyLift;Copenhagen;Train;43753;763.7;8878.57;3;1281.6;13.03.2024
FastMove;Bratislava;Plane;12614;2813.4;78816.61;4;28460.2;05.10.2019
MoveIt;Warsaw;Truck;11091;333.8;6449.37;2;125.1;22.08.2023
FastMove;Ljubljana;Plane;1633;2312.3;118084.77;2;21651.6;08.02.2016
GlobalFreight;Milan;Truck;21004;482.8;9379.78;2;188.7;27.03.2023
RailCargo;Prague;Truck;14308;954.8;5902.49;4;381.3;02.09.2023
ShipLine;Ljubljana;Truck;14518;461.8;7061.88;2;153.0;16.05.2016
GlobalFreight;Copenhagen;Ship;257017;6233.8;33560.95;18;58706.6;08.09.2015
BlueLogistics;Warsaw;Truck;7529;402.9;4681.45;3;147.0;26.10.2015
MoveIt;Zurich;Train;60664;945.9;8177.58;4;1549.7;29.11.2017
TransMax;Copenhagen;Train;19833;1126.5;7507.02;5;1278.2;07.07.2015
ShipLine;Brussels;Truck;14642;206.5;3736.02;3;65.4;04.10.2015
MoveIt;Hamburg;Plane;9006;1645.4;42746.66;3;14820.1;08.10.2021
EuroTrans;Hamburg;Ship;269214;3904.9;27768.23;17;36457.8;04.05.2015
TransMax;Bratislava;Train;52061;2353.1;9366.1;6;3351.3;26.02.2019
TransMax;Amsterdam;Truck;882;448.9;3356.13;3;167.3;30.03.2017
RoadRunner;Brussels;Train;43409;2401.1;18946.7;6;3781.6;11.07.2018
BlueLogistics;Paris;Truck;15571;116.4;4922.04;2;47.8;09.11.2017
EuroTrans;Brussels;Ship;19481;5024.2;22284.52;14;39602.5;07.05.2020
BlueLogistics;Copenhagen;Train;27532;499.5;10793.33;2;855.5;28.05.2020
FastMove;Warsaw;Ship;199506;6818.6;48934.61;20;54109.9;12.03.2016
RailCargo;Munich;Truck;20260;388.7;7028.58;3;130.0;14.07.2019
RoadRunner;Dresden;Truck;3443;481.0;1975.07;4;184.4;17.01.2024
EuroTrans;Munich;Truck;13590;257.2;2699.09;4;108.6;25.12.2025
CargoBridge;Bratislava;Truck;16285;507.1;5629.28;4;134.5;20.01.2020
ShipLine;Prague;Plane;1337;4934.2;137115.78;4;32251.9;03.11.2018
NorthWind;Prague;Plane;3268;2101.6;82213.53;2;17503.4;19.02.2018
RailCargo;Amsterdam;Ship;235985;7013.8;45887.99;16;49318.7;09.04.2025
SkyCargo;Prague;Train;4761;2403.2;8297.06;7;3825.7;17.11.2024
GlobalFreight;Dresden;Truck;7225;853.7;4853.79;4;225.9;03.07.2023
ShipLine;Munich;Train;75550;400.1;11637.54;2;701.9;07.12.2025
TransMax;Brussels;Truck;23594;1005.0;6719.63;4;351.5;04.09.2024
EuroTrans;Dresden;Train;27423;1018.6;11356.45;4;1294.1;06.04.2015
ShipLine;Prague;Train;39998;1456.1;8802.55;6;2211.4;18.08.2019
MoveIt;Prague;Truck;21844;677.5;8594.68;4;197.4;03.09.2021
CargoOne;Munich;Truck;12220;139.4;2982.61;3;57.3;14.05.2015
HeavyLift;Bratislava;Train;77148;2301.9;14873.03;5;5242.3;24.04.2017
EuroTrans;Prague;Plane;1121;1845.7;104765.07;2;19964.2;10.11.2018
MoveIt;Berlin;Truck;7463;1067.4;6248.3;5;294.5;17.05.2015
BlueLogistics;Copenhagen;Train;73934;2070.3;19655.57;5;4426.0;02.10.2017
BlueLogistics;Munich;Truck;5398;333.2;3374.31;3;80.6;30.04.2021
QuickCargo;Dresden;Plane;2089;1767.7;59579.98;3;19089.7;12.11.2024
RoadRunner;Berlin;Truck;19659;433.3;10766.4;2;185.8;01.09.2025
CargoOne;Warsaw;Truck;13205;1162.0;8756.77;3;384.2;17.10.2016
FastMove;Prague;Truck;8838;734.6;5922.96;4;243.4;08.12.2023
FastMove;Budapest;Truck;23085;563.3;10339.92;2;204.8;03.08.2025
RailCargo;Bratislava;Truck;16718;223.8;5535.88;3;73.3;04.08.2016
QuickCargo;Prague;Ship;240179;3865.2;18357.98;17;26179.8;26.05.2022
QuickCargo;Dresden;Plane;2271;2234.7;108549.69;2;14838.8;01.10.2022
BlueLogistics;Paris;Truck;8927;415.5;5625.8;2;153.2;11.05.2018
BlueLogistics;Berlin;Train;78000;1215.7;18978.74;4;1853.5;14.03.2019
QuickCargo;Bratislava;Ship;53981;1903.9;15062.0;11;9438.4;29.07.2022
GlobalFreight;Dresden;Ship;8892;5053.0;27809.51;14;32062.8;10.02.2022
RailCargo;Hamburg;Plane;12431;5343.5;116575.15;4;57626.7;06.01.2019
MoveIt;Berlin;Truck;17839;587.4;7635.24;3;253.9;28.09.2018
NorthWind;Frankfurt;Ship;281452;3386.8;30357.16;13;36549.6;06.08.2018
QuickCargo;Brussels;Train;53522;1299.0;10740.16;5;1584.0;28.05.2016
NorthWind;Munich;Truck;20944;1112.6;5473.45;5;447.8;22.11.2016
SkyCargo;Munich;Truck;332;1050.0;4689.47;4;312.0;21.06.2025
NorthWind;Copenhagen;Truck;9876;1065.4;5691.72;4;354.1;16.11.2024
EuroTrans;Prague;Truck;5375;1137.6;7361.01;3;303.9;30.08.2021
CargoOne;Prague;Train;52197;1706.8;11461.83;4;3217.5;02.01.2015
HeavyLift;Paris;Ship;194428;1178.8;9955.97;9;7137.6;11.06.2015
CargoOne;Amsterdam;Train;11562;314.8;5047.68;3;356.5;28.12.2016
EuroTrans;Munich;Truck;2895;583.2;4210.54;4;145.6;16.09.2019
CargoOne;Frankfurt;Truck;1271;608.7;3069.71;3;155.1;09.09.2019
MoveIt;Berlin;Truck;4303;551.3;4856.7;3;139.8;12.02.2015
CargoOne;Paris;Truck;8942;249.5;4091.88;2;77.3;02.07.2017
NorthWind;Warsaw;Truck;6545;1047.4;5585.47;5;253.9;26.11.2017
HeavyLift;Vienna;Plane;3297;2148.2;46379.34;3;17536.2;21.04.2016
CargoBridge;Hamburg;Truck;21627;583.5;5683.65;4;213.7;20.04.2025
TransMax;Berlin;Truck;8275;846.4;7314.13;4;220.1;13.11.2024
RailCargo;Vienna;Truck;3329;1037.1;7851.67;4;301.3;18.07.2020
RoadRunner;Hamburg;Truck;1399;851.9;3466.19;4;218.4;27.08.2023
HeavyLift;Vienna;Ship;145859;2011.2;17690.27;9;18390.5;12.05.2019
RoadRunner;Bratislava;Truck;403;925.0;7578.87;3;331.8;12.07.2017
RailCargo;Budapest;Truck;9253;703.0;5114.38;4;184.2;26.12.2017
FastMove;Prague;Plane;5572;517.7;52564.63;1;6141.8;27.04.2023
HeavyLift;Munich;Truck;7732;885.0;5427.61;3;293.8;10.07.2021
TransMax;Amsterdam;Truck;22068;139.3;8673.59;2;45.7;07.04.2023
FastMove;Zurich;Truck;17172;631.0;9791.35;2;186.4;04.12.2015
SkyCargo;Ljubljana;Ship;189236;7733.7;43759.05;24;49733.9;14.08.2022
CargoBridge;Copenhagen;Ship;40202;3709.8;25031.06;12;19230.2;27.02.2024
SkyCargo;Berlin;Plane;7808;1320.3;48993.66;3;9518.9;18.10.2020
HeavyLift;Paris;Truck;18468;572.6;6198.71;3;179.7;22.11.2024
RailCargo;Berlin;Truck;23180;92.0;14812.43;1;29.9;15.05.2017
CargoOne;Copenhagen;Truck;6963;556.0;9050.82;2;164.6;07.05.2016
SkyCargo;Budapest;Truck;13495;260.9;3889.84;3;86.2;29.11.2015
RoadRunner;Prague;Ship;270848;4055.3;35777.9;14;28454.7;24.01.2024
MoveIt;Berlin;Truck;18814;914.1;11724.03;3;290.3;11.10.2022
RoadRunner;Frankfurt;Ship;17619;7909.4;63394.81;23;40066.4;31.03.2015
MoveIt;Zurich;Train;15959;519.7;5632.83;4;508.5;31.07.2023
QuickCargo;Vienna;Train;58536;1123.4;11269.96;3;1830.9;13.10.2015
RailCargo;Munich;Train;2443;2413.0;12128.94;6;4251.3;21.05.2024
SkyCargo;Vienna;Train;70821;1503.3;11252.64;6;2738.6;15.08.2018
CargoBridge;Hamburg;Ship;52415;2480.3;8705.37;11;22349.2;24.04.2024
HeavyLift;Bratislava;Truck;5218;725.4;9479.35;2;251.4;16.06.2022
BlueLogistics;Vienna;Train;43338;746.0;9991.2;3;1577.5;02.03.2018
GlobalFreight;Brussels;Truck;19671;1193.0;13466.9;3;449.3;09.01.2015
GlobalFreight;Bratislava;Plane;4469;3417.8;114759.5;3;40955.9;26.10.2023
BlueLogistics;Berlin;Train;10375;2000.5;11128.39;5;2833.9;26.05.2025
CargoOne;Copenhagen;Train;36030;2393.9;12185.82;6;4184.6;03.07.2021
MoveIt;Berlin;Truck;8327;798.1;5509.46;4;265.2;13.07.2024
NorthWind;Frankfurt;Truck;14755;51.7;3209.97;3;13.9;01.10.2016
RailCargo;Zurich;Truck;6721;1061.8;5831.08;3;356.4;17.09.2024
MoveIt;Vienna;Truck;17374;512.4;10825.59;2;219.4;22.08.2023
HeavyLift;Zurich;Ship;20828;3149.0;12291.8;14;10466.4;01.07.2021
GlobalFreight;Munich;Train;36624;1273.9;13345.5;3;1902.7;08.09.2022
FastMove;Copenhagen;Ship;252593;2034.7;18320.58;10;12860.4;05.06.2024
CargoOne;Amsterdam;Train;23467;1249.5;8699.46;6;1745.9;23.02.2018
HeavyLift;Hamburg;Truck;20700;734.1;6135.53;4;282.3;18.03.2024
CargoBridge;Zagreb;Ship;10742;1384.8;9056.95;12;6756.2;06.05.2018
EuroTrans;Milan;Truck;19237;736.2;15247.41;2;317.2;15.10.2017
CargoOne;Munich;Train;59659;812.4;14079.5;3;1676.6;24.03.2019
NorthWind;Ljubljana;Truck;9672;1106.0;11816.33;3;320.2;16.06.2018
CargoOne;Milan;Truck;13973;853.2;9910.55;3;326.2;09.11.2023
GlobalFreight;Bratislava;Train;52942;2433.1;15631.91;7;3574.3;24.08.2016
FastMove;Milan;Ship;266311;4903.7;43595.06;13;38639.9;15.09.2016
BlueLogistics;Budapest;Truck;13263;94.2;3227.94;3;33.3;08.03.2018
RoadRunner;Vienna;Truck;18627;718.7;7595.09;4;313.6;14.12.2016
EuroTrans;Berlin;Plane;8612;1523.0;61867.58;2;11131.3;15.02.2015
RailCargo;Brussels;Truck;18701;1161.5;9973.26;4;341.7;13.08.2021
CargoBridge;Budapest;Train;72348;1895.6;20218.49;4;3152.8;27.11.2025
RailCargo;Dresden;Train;59605;1833.3;14705.42;5;2968.5;12.05.2016
BlueLogistics;Bratislava;Train;33460;312.4;3436.95;4;582.3;02.12.2020
QuickCargo;Hamburg;Plane;2555;3797.2;41387.36;4;30976.9;01.04.2018
HeavyLift;Berlin;Train;61633;1713.9;13512.73;6;2415.0;03.10.2015
TransMax;Zurich;Train;4924;1721.1;8675.34;6;2698.7;29.04.2016
CargoOne;Hamburg;Train;42626;1522.3;13323.39;4;2672.0;19.08.2021
RoadRunner;Dresden;Truck;22049;426.3;13739.2;2;128.9;08.07.2016
HeavyLift;Prague;Truck;21315;1165.1;11221.4;3;424.6;07.05.2015
RoadRunner;Zagreb;Plane;13133;2854.6;130629.9;2;38120.3;27.05.2016
CargoBridge;Dresden;Plane;576;5884.5;85047.55;5;65188.2;18.01.2015
FastMove;Zagreb;Train;864;765.8;4806.69;3;930.4;31.05.2021
GlobalFreight;Zagreb;Truck;21085;929.2;6723.63;5;299.7;02.12.2023
HeavyLift;Zagreb;Truck;10469;867.4;6590.88;3;215.1;17.07.2018
MoveIt;Copenhagen;Truck;16112;109.6;7130.22;2;40.5;03.12.2018
CargoOne;Amsterdam;Truck;21783;921.2;12327.32;3;258.6;07.05.2023
MoveIt;Vienna;Train;25846;1386.0;9533.43;4;1433.3;18.04.2018
MoveIt;Zurich;Truck;18070;565.8;5753.72;3;226.7;30.05.2023
SkyCargo;Brussels;Ship;170262;6376.2;52575.04;23;65296.4;10.04.2020
RailCargo;Paris;Truck;2386;920.6;6749.07;4;295.8;27.07.2024
TransMax;Milan;Truck;21592;849.3;8198.44;3;313.3;20.04.2019
BlueLogistics;Bratislava;Truck;18345;986.0;6982.47;4;347.8;20.11.2015
QuickCargo;Warsaw;Truck;8588;1010.4;7574.79;3;376.6;02.10.2021
NorthWind;Warsaw;Plane;8079;757.9;29614.44;2;4620.2;02.01.2025
MoveIt;Prague;Train;41362;933.5;11519.5;3;1294.3;10.10.2021
CargoBridge;Dresden;Truck;17732;143.7;14823.13;1;42.6;09.08.2023
QuickCargo;Berlin;Truck;17875;477.5;7306.64;3;182.8;05.05.2023
CargoOne;Ljubljana;Train;51846;228.6;16970.22;2;410.8;15.04.2019
HeavyLift;Brussels;Train;27202;675.3;6025.28;4;909.3;16.06.2025
BlueLogistics;Ljubljana;Truck;16536;1027.5;7364.19;5;428.6;19.06.2020
CargoOne;Frankfurt;Train;63803;1591.8;11181.51;6;2102.9;10.01.2023
FastMove;Vienna;Train;37481;1862.6;9593.53;6;2160.6;17.08.2016
TransMax;Copenhagen;Truck;17650;160.7;4539.19;2;51.4;24.06.2019
BlueLogistics;Munich;Train;53358;456.3;19466.34;2;1001.3;12.10.2016
EuroTrans;Prague;Truck;15463;740.7;6953.88;4;249.8;14.02.2018
HeavyLift;Zagreb;Train;7932;2404.7;11337.53;7;3699.4;08.03.2022
CargoBridge;Hamburg;Truck;9528;913.3;8194.48;3;223.7;25.09.2017
RoadRunner;Bratislava;Truck;12747;961.6;4681.13;5;256.1;19.11.2022
TransMax;Copenhagen;Plane;242;2498.2;124024.05;2;19293.2;15.06.2016
GlobalFreight;Zagreb;Ship;8113;7332.0;36868.71;17;39671.3;11.02.2024
CargoOne;Copenhagen;Truck;7871;505.7;3901.6;3;115.2;12.12.2024
NorthWind;Vienna;Train;1550;1186.6;3935.91;5;1660.5;29.06.2015
RoadRunner;Warsaw;Plane;12156;822.9;65099.04;1;5614.2;10.12.2017
GlobalFreight;Munich;Train;60802;1965.0;13819.12;6;3585.0;13.08.2024
FastMove;Munich;Plane;10231;729.1;28463.68;2;6836.6;29.11.2018
CargoBridge;Zagreb;Plane;4243;4138.7;91144.62;4;51469.3;30.07.2018
HeavyLift;Dresden;Plane;4694;2048.3;34444.92;3;14751.4;27.01.2022
SkyCargo;Warsaw;Train;46094;1569.1;11724.27;5;2628.4;05.03.2018
TransMax;Paris;Truck;5550;517.1;3510.52;3;176.8;20.07.2020
CargoOne;Paris;Train;31267;1073.7;10717.4;5;1549.2;22.06.2018
SkyCargo;Brussels;Truck;14759;62.1;4138.41;3;17.2;07.03.2015
EuroTrans;Hamburg;Truck;12042;1193.5;6619.16;4;292.4;18.01.2015
FastMove;Ljubljana;Truck;3004;884.7;5376.34;3;314.6;26.11.2020
ShipLine;Berlin;Truck;9953;256.1;9708.85;1;71.0;22.12.2017
CargoOne;Copenhagen;Plane;6006;4525.6;102782.41;3;47794.3;17.04.2025
ShipLine;Berlin;Truck;18815;579.3;5917.72;4;160.5;15.06.2021
SkyCargo;Copenhagen;Truck;9891;905.1;4676.07;4;276.8;04.12.2024
FastMove;Dresden;Truck;23429;1063.3;9209.51;4;346.2;18.02.2021
CargoOne;Milan;Train;24844;313.1;5655.72;4;620.0;27.12.2023
QuickCargo;Vienna;Train;1283;762.0;3160.96;5;693.3;14.01.2019
RailCargo;Zagreb;Truck;4757;268.1;2863.14;3;87.0;29.06.2016
BlueLogistics;Copenhagen;Truck;18422;95.9;5142.54;3;30.6;25.06.2025
TransMax;Ljubljana;Truck;21439;1038.4;9874.3;3;312.8;18.06.2025
QuickCargo;Munich;Truck;11130;665.2;5018.17;3;163.3;14.06.2021
FastMove;Bratislava;Train;55980;200.3;9186.59;3;290.0;16.04.2018
EuroTrans;Hamburg;Plane;1176;3220.5;119582.38;3;28448.9;18.07.2022
ShipLine;Paris;Ship;177100;7006.5;29300.72;22;62436.8;05.04.2025
CargoBridge;Ljubljana;Truck;20017;703.7;8948.79;3;213.2;16.01.2015
QuickCargo;Copenhagen;Ship;116906;7889.7;58236.9;22;41617.3;16.02.2023
TransMax;Budapest;Plane;7678;3210.2;53984.38;3;23916.0;04.09.2020
QuickCargo;Berlin;Plane;4914;2709.9;95191.06;3;15861.4;06.04.2021
GlobalFreight;Berlin;Truck;11029;967.2;6134.21;4;258.5;25.01.2022
HeavyLift;Vienna;Train;62486;286.5;9347.69;4;448.7;11.01.2018
CargoOne;Brussels;Truck;16641;922.4;7657.61;3;310.9;10.01.2015
MoveIt;Brussels;Ship;25976;899.3;8106.09;7;5115.9;01.01.2019
NorthWind;Copenhagen;Ship;220809;6527.3;38492.21;20;45067.3;12.06.2020
NorthWind;Hamburg;Truck;19287;1114.1;8373.18;4;408.9;27.01.2021
QuickCargo;Bratislava;Ship;45572;5106.7;28744.97;14;45649.2;20.04.2023
RoadRunner;Paris;Ship;152899;902.3;8949.77;10;8419.9;10.09.2023
MoveIt;Brussels;Truck;7338;196.7;2122.75;3;53.3;04.10.2016
QuickCargo;Dresden;Train;70448;2349.5;14384.76;7;3296.3;27.11.2021
HeavyLift;Dresden;Plane;286;1753.9;166630.57;1;9735.5;03.11.2022
CargoBridge;Munich;Truck;19434;272.1;5150.39;3;106.5;08.12.2016
MoveIt;Munich;Truck;16565;872.4;6730.19;4;232.7;01.08.2016
CargoBridge;Budapest;Truck;17942;654.7;9619.47;3;176.9;03.04.2018
FastMove;Copenhagen;Train;10597;1084.2;6717.35;6;1170.3;24.02.2019
RailCargo;Zurich;Truck;19693;1176.5;6438.25;4;496.7;15.08.2022
GlobalFreight;Frankfurt;Truck;8875;560.4;4727.65;3;209.0;15.09.2017
CargoOne;Ljubljana;Truck;3960;504.2;6107.53;2;156.8;09.12.2015
RailCargo;Copenhagen;Truck;10622;163.8;4562.88;2;48.0;31.08.2025
HeavyLift;Paris;Truck;13111;1115.8;6772.71;4;422.9;14.02.2016
EuroTrans;Bratislava;Truck;274;365.8;6556.55;1;108.0;27.08.2019
TransMax;Frankfurt;Ship;35141;2896.4;14494.04;11;16914.2;22.09.2016
EuroTrans;Bratislava;Ship;273588;2672.1;15887.91;13;22899.2;05.07.2024
MoveIt;Hamburg;Truck;17561;517.5;6325.5;4;135.4;15.03.2024
ShipLine;Berlin;Train;32632;1241.1;13545.87;4;1353.2;01.01.2018
EuroTrans;Hamburg;Train;23222;1145.8;15726.74;3;1911.0;03.04.2023
SkyCargo;Amsterdam;Truck;9158;750.0;4999.88;4;201.6;21.08.2023
RailCargo;Vienna;Ship;259170;4224.5;41000.42;18;46923.5;06.07.2016
MoveIt;Bratislava;Truck;8855;225.8;9983.19;1;66.6;08.05.2018
GlobalFreight;Berlin;Truck;12424;457.0;7496.49;3;150.8;28.02.2015
RoadRunner;Paris;Truck;7349;785.0;6247.53;4;271.9;16.01.2022
TransMax;Dresden;Truck;14212;806.5;9234.08;2;303.6;11.10.2024
TransMax;Berlin;Ship;190479;7780.0;56811.94;24;66189.0;22.02.2018
RoadRunner;Prague;Truck;5082;1021.0;9218.68;3;239.2;13.04.2020
HeavyLift;Dresden;Truck;12020;467.0;3680.02;4;121.7;09.10.2019
QuickCargo;Bratislava;Plane;11843;4277.0;122973.53;3;28249.2;29.05.2024
RoadRunner;Paris;Ship;212844;4544.0;25684.62;17;45277.9;13.10.2016
BlueLogistics;Amsterdam;Truck;1070;1075.2;5762.76;4;288.7;27.06.2023
HeavyLift;Munich;Truck;9635;1014.4;6218.29;5;273.8;06.11.2022
CargoOne;Copenhagen;Truck;7050;1019.9;6717.78;4;345.9;08.02.2024
SkyCargo;Vienna;Truck;9713;625.8;5673.14;4;245.3;25.04.2021
HeavyLift;Brussels;Train;3567;1565.6;5854.69;6;2747.0;14.08.2016
BlueLogistics;Zagreb;Truck;19031;768.4;10861.82;2;223.4;12.04.2024
RoadRunner;Berlin;Truck;14088;984.4;10859.61;3;291.4;25.02.2022
ShipLine;Berlin;Train;61581;1470.0;9987.22;6;2708.9;15.11.2023
ShipLine;Brussels;Truck;19492;411.0;7347.48;3;182.1;01.01.2022
NorthWind;Berlin;Ship;247624;6192.4;26730.46;18;47017.0;26.08.2015
SkyCargo;Zurich;Truck;23387;1185.7;9938.91;4;365.4;15.12.2017
SkyCargo;Frankfurt;Truck;798;286.2;2326.77;3;107.4;10.09.2016
BlueLogistics;Copenhagen;Train;79487;614.9;25424.17;2;1381.0;20.01.2024
SkyCargo;Warsaw;Truck;17745;702.1;9321.01;3;230.9;23.09.2020
TransMax;Budapest;Ship;261090;991.2;25257.08;5;7951.0;07.09.2021
CargoOne;Warsaw;Truck;7240;724.1;6260.39;3;181.4;21.10.2021
CargoBridge;Amsterdam;Truck;16806;1091.1;8729.29;4;446.2;04.02.2020
CargoBridge;Berlin;Truck;13836;413.6;6393.87;3;136.1;12.10.2023
QuickCargo;Amsterdam;Plane;5825;1550.5;64003.01;2;9100.7;20.02.2016
TransMax;Munich;Ship;119305;5539.0;37755.41;13;34168.2;11.08.2023
GlobalFreight;Ljubljana;Train;17143;275.3;5287.37;3;400.1;16.04.2023
BlueLogistics;Frankfurt;Truck;8681;995.5;7901.58;3;293.8;24.11.2025
FastMove;Zurich;Truck;1734;1070.9;6769.82;4;355.6;18.12.2025
NorthWind;Paris;Ship;285889;2228.9;19917.24;16;14581.2;24.06.2025
TransMax;Dresden;Train;76886;1910.4;12874.14;6;4307.9;07.08.2015
MoveIt;Budapest;Truck;20613;1169.6;7542.71;4;404.0;21.04.2020
RoadRunner;Zurich;Truck;7648;925.5;7433.42;4;279.2;18.02.2024
CargoOne;Vienna;Truck;20141;1128.3;8846.27;4;345.8;27.09.2024
FastMove;Milan;Train;59876;1345.9;15308.17;5;1896.7;06.06.2022
ShipLine;Amsterdam;Truck;18385;502.5;5734.04;3;150.1;30.12.2015
GlobalFreight;Dresden;Truck;10021;861.0;4376.17;4;355.3;06.01.2016
RailCargo;Milan;Truck;8382;449.0;4631.0;3;149.5;26.03.2020
CargoBridge;Hamburg;Truck;15481;963.9;7575.41;4;310.0;02.02.2022
RoadRunner;Milan;Train;64339;1695.7;19548.37;4;3755.0;18.09.2015
ShipLine;Prague;Truck;5475;1140.6;8090.38;3;385.3;29.03.2022
MoveIt;Zurich;Ship;162208;1511.9;13408.15;13;13044.6;28.11.2022
RoadRunner;Bratislava;Ship;260251;2264.4;18731.03;14;16596.5;02.02.2024
QuickCargo;Budapest;Train;32136;863.8;4301.04;5;1564.9;14.10.2025
MoveIt;Milan;Plane;9443;4620.1;113648.42;4;47841.4;03.04.2021
CargoBridge;Hamburg;Truck;4084;570.3;4265.15;3;160.6;16.11.2015
CargoOne;Budapest;Plane;3960;4606.3;175722.55;3;51623.5;09.07.2024
MoveIt;Budapest;Truck;7264;853.8;5416.03;3;281.9;05.05.2017
QuickCargo;Ljubljana;Plane;14619;3545.5;121013.07;3;33525.5;09.09.2024
ShipLine;Vienna;Truck;9096;781.0;4661.63;4;196.8;15.05.2017
BlueLogistics;Milan;Truck;13008;399.7;4086.62;4;128.5;24.03.2019
MoveIt;Berlin;Truck;16093;491.3;5361.16;3;158.2;01.06.2023
GlobalFreight;Copenhagen;Ship;191654;5362.7;26843.94;17;31448.2;19.03.2019
MoveIt;Bratislava;Ship;28583;2950.1;24213.87;8;26107.2;20.02.2021
GlobalFreight;Prague;Plane;5500;4586.2;138074.04;4;49685.0;08.10.2023
HeavyLift;Zurich;Plane;9020;1907.0;85004.86;2;13706.4;03.06.2021
CargoOne;Zurich;Truck;7698;327.4;10539.79;1;128.4;20.10.2022
FastMove;Milan;Train;26448;872.5;10640.15;3;952.0;19.02.2020
SkyCargo;Frankfurt;Truck;7051;997.5;4800.83;3;380.0;12.08.2018
HeavyLift;Amsterdam;Truck;13973;798.2;14181.9;2;224.7;18.08.2020
CargoOne;Berlin;Truck;15792;851.2;3742.85;5;228.2;13.01.2016
FastMove;Bratislava;Truck;13568;603.6;11238.62;2;159.3;24.02.2021
FastMove;Dresden;Truck;22050;102.1;5168.31;2;37.6;14.07.2023
ShipLine;Berlin;Truck;125;680.1;7252.33;2;188.7;14.05.2025
TransMax;Vienna;Truck;23208;352.8;4635.06;3;98.6;11.08.2015
EuroTrans;Frankfurt;Truck;21251;435.5;7919.96;3;144.2;07.04.2025
MoveIt;Budapest;Truck;3190;902.0;6135.6;3;214.9;27.02.2016
GlobalFreight;Vienna;Truck;18609;899.3;10970.22;3;251.1;20.10.2017
BlueLogistics;Frankfurt;Truck;4527;206.0;3431.1;2;45.5;01.08.2021
EuroTrans;Munich;Train;50016;308.5;17420.43;2;371.0;30.06.2023
CargoOne;Vienna;Truck;17554;288.9;5735.35;2;86.3;14.12.2016
GlobalFreight;Munich;Train;15801;2397.3;12094.44;7;2581.5;02.05.2024
MoveIt;Brussels;Train;28887;966.5;12099.84;3;1466.4;01.11.2021
ShipLine;Brussels;Ship;273434;2047.5;11103.95;10;14116.1;01.02.2024
RoadRunner;Milan;Truck;20911;912.9;8185.92;4;348.9;04.06.2022
RoadRunner;Dresden;Train;62352;1029.2;9872.43;5;1671.3;20.09.2022
EuroTrans;Copenhagen;Plane;13357;2723.6;63219.65;3;34618.0;17.05.2019
EuroTrans;Milan;Ship;272857;7080.8;39577.7;15;79484.1;20.04.2020
TransMax;Milan;Truck;19108;515.0;8887.09;3;150.6;22.08.2025
HeavyLift;Copenhagen;Truck;7695;415.4;7337.88;2;135.7;29.07.2019
EuroTrans;Dresden;Ship;85790;6185.2;43828.14;16;56424.4;15.07.2020
CargoBridge;Budapest;Truck;2730;439.6;5954.21;2;128.1;30.08.2025
BlueLogistics;Dresden;Plane;3501;2281.9;65344.45;3;17052.9;24.10.2019
BlueLogistics;Prague;Truck;23994;166.5;9143.83;2;55.5;27.11.2021
RoadRunner;Dresden;Ship;55426;1355.6;11173.87;8;6645.0;01.06.2019
CargoBridge;Frankfurt;Train;12084;1797.7;16944.95;4;1642.7;04.04.2019
CargoOne;Zagreb;Train;1033;1982.5;8773.47;7;2144.3;02.10.2025
SkyCargo;Prague;Train;36557;521.9;13593.71;3;622.1;20.06.2019
TransMax;Hamburg;Train;58436;885.1;10928.52;3;1382.2;26.06.2021
MoveIt;Munich;Truck;11337;857.9;7093.99;4;235.7;28.02.2020
EuroTrans;Zurich;Truck;18814;504.7;9376.36;2;209.5;13.01.2017
NorthWind;Brussels;Train;38790;1081.5;12376.64;4;1275.5;15.04.2015
RailCargo;Dresden;Truck;19713;427.9;7858.64;2;121.8;22.10.2023
TransMax;Prague;Truck;8140;942.5;6428.29;4;260.2;30.11.2015
BlueLogistics;Amsterdam;Truck;7109;1167.9;8525.24;4;401.2;20.04.2017
NorthWind;Bratislava;Train;6475;430.9;3827.41;4;600.7;12.09.2015
FastMove;Brussels;Truck;2471;299.0;1322.43;4;111.2;08.12.2025
HeavyLift;Vienna;Ship;168342;1142.4;10410.25;11;11674.9;09.12.2020
SkyCargo;Brussels;Ship;216916;7466.0;52960.46;24;83355.4;17.12.2021
RoadRunner;Berlin;Truck;6622;216.0;4450.94;2;82.8;05.12.2017
CargoBridge;Budapest;Plane;3255;1652.4;67865.95;2;9689.2;29.01.2016
ShipLine;Warsaw;Truck;1975;675.1;5233.34;2;235.1;20.12.2015
TransMax;Zagreb;Truck;23165;1058.4;14960.68;3;423.3;08.07.2016
HeavyLift;Ljubljana;Train;68756;209.9;6365.34;3;413.7;04.06.2024
SkyCargo;Ljubljana;Ship;76679;2953.3;12873.45;16;27672.7;22.05.2017
RailCargo;Zagreb;Ship;204525;3453.2;24319.64;11;26304.6;05.11.2023
FastMove;Berlin;Plane;10090;3246.2;61363.7;4;35541.6;18.03.2018
EuroTrans;Amsterdam;Train;37719;473.6;7548.41;4;548.9;11.06.2017
GlobalFreight;Berlin;Truck;21738;813.0;10777.95;3;231.2;12.10.2018
EuroTrans;Paris;Truck;10269;804.4;5620.18;4;188.7;30.01.2023
TransMax;Vienna;Plane;8913;3066.0;89042.12;3;32142.3;10.01.2019
RailCargo;Copenhagen;Train;78865;1365.4;16300.91;4;1979.6;19.01.2022
QuickCargo;Paris;Truck;21788;450.0;5068.35;4;139.5;10.12.2024
EuroTrans;Munich;Truck;14981;883.1;9578.66;3;285.0;12.02.2019
CargoOne;Bratislava;Truck;789;59.2;1012.1;2;12.9;29.01.2018
FastMove;Amsterdam;Truck;16736;991.2;8250.27;4;425.0;31.10.2023
QuickCargo;Frankfurt;Truck;218;979.2;12298.1;2;309.0;21.09.2021
CargoOne;Bratislava;Plane;1663;4923.1;50486.48;4;44188.9;26.02.2017
SkyCargo;Warsaw;Truck;21663;1050.7;10235.28;3;329.4;27.03.2021
EuroTrans;Zurich;Truck;10756;369.4;4372.94;3;122.1;05.09.2021
HeavyLift;Berlin;Truck;23849;156.1;4114.22;3;51.2;08.03.2019
CargoBridge;Warsaw;Train;45985;2352.8;17364.41;6;4637.2;29.07.2018
TransMax;Ljubljana;Plane;10557;1406.0;83614.66;2;10300.9;24.11.2019
HeavyLift;Warsaw;Train;47605;2352.8;8861.32;7;4031.7;17.11.2020
BlueLogistics;Prague;Truck;2435;671.5;8292.13;2;176.0;27.12.2022
GlobalFreight;Amsterdam;Truck;4186;755.3;5806.24;4;231.0;11.12.2017
HeavyLift;Zagreb;Train;38227;2039.7;11397.55;6;3499.1;12.03.2022
SkyCargo;Dresden;Plane;6336;1728.0;106827.16;2;14265.1;19.12.2022
CargoOne;Amsterdam;Truck;3831;723.0;5143.51;4;166.5;23.02.2025
QuickCargo;Ljubljana;Truck;7899;1105.4;5436.79;5;330.3;21.09.2018
SkyCargo;Paris;Plane;12869;5532.3;134690.12;4;59311.9;09.07.2023
HeavyLift;Munich;Train;55432;1894.1;13908.0;6;3117.1;11.01.2019
CargoBridge;Budapest;Train;56749;2042.3;12914.68;4;2639.3;26.02.2020
BlueLogistics;Amsterdam;Truck;14600;364.4;4671.19;3;96.1;17.01.2016
CargoBridge;Amsterdam;Truck;9842;694.2;4691.36;3;230.6;25.03.2015
SkyCargo;Bratislava;Truck;20233;881.3;7973.11;4;337.2;19.05.2018
ShipLine;Zagreb;Ship;9797;2098.5;8957.14;11;15003.9;23.10.2017
EuroTrans;Hamburg;Truck;1095;55.5;1186.44;1;15.8;17.09.2018
GlobalFreight;Amsterdam;Plane;1789;2690.8;104770.6;2;20463.0;23.07.2021
CargoBridge;Prague;Truck;18501;1009.2;5157.72;5;266.8;09.09.2015
BlueLogistics;Hamburg;Truck;11123;216.1;2655.31;3;62.6;05.12.2015
GlobalFreight;Dresden;Plane;6358;1266.1;74130.59;2;9881.2;18.11.2019
RailCargo;Munich;Plane;9851;4295.9;119231.45;3;31871.2;24.09.2021
EuroTrans;Budapest;Truck;15254;150.1;5743.12;2;58.4;13.09.2017
RoadRunner;Munich;Ship;115056;3553.6;12663.21;13;35868.9;31.05.2016
MoveIt;Milan;Ship;68496;7792.5;44168.78;24;56130.8;01.10.2023
MoveIt;Milan;Truck;13746;223.9;9045.44;1;78.6;24.09.2017
BlueLogistics;Milan;Train;64360;1325.6;11304.94;3;1782.3;12.12.2022
RoadRunner;Paris;Truck;6086;483.3;3529.76;4;139.2;09.07.2020
FastMove;Frankfurt;Train;79104;1014.0;20883.36;3;2150.1;28.01.2025
EuroTrans;Amsterdam;Truck;11326;963.0;4640.2;4;398.4;16.10.2025
RailCargo;Ljubljana;Truck;2522;949.1;6414.35;3;262.2;30.09.2017
ShipLine;Prague;Ship;160036;1651.5;15508.19;14;11092.8;03.03.2016
CargoBridge;Vienna;Train;56586;2440.3;10830.02;7;4724.2;22.05.2022
ShipLine;Brussels;Truck;18907;80.5;10832.79;1;22.4;20.02.2021
CargoOne;Brussels;Train;8347;2033.5;17031.85;4;2254.2;08.01.2022
SkyCargo;Ljubljana;Truck;15707;773.6;4623.74;4;223.7;02.09.2022
ShipLine;Warsaw;Train;9886;1547.3;8799.43;6;1938.3;04.04.2022
SkyCargo;Milan;Truck;2795;1098.4;8329.48;3;397.1;14.06.2015
CargoOne;Amsterdam;Truck;8099;437.1;4921.14;3;141.5;23.09.2017
QuickCargo;Vienna;Truck;11341;348.6;4876.65;3;122.2;04.05.2017
EuroTrans;Zagreb;Ship;140190;4654.7;22932.93;12;38897.3;18.08.2019
GlobalFreight;Vienna;Ship;115262;3254.0;15141.5;17;16235.5;26.06.2022
MoveIt;Prague;Ship;90808;6587.6;27943.72;20;41275.2;23.11.2023
CargoBridge;Amsterdam;Ship;80759;3455.4;17468.87;13;33752.8;16.10.2025
TransMax;Amsterdam;Truck;22091;1009.6;10131.31;3;445.3;10.08.2019
HeavyLift;Frankfurt;Truck;14004;387.5;8020.25;2;115.0;14.02.2019
MoveIt;Warsaw;Truck;4574;517.8;7301.0;2;200.8;12.09.2019
GlobalFreight;Copenhagen;Train;14899;967.7;14184.27;3;1532.8;02.06.2023
ShipLine;Brussels;Train;30832;612.4;7740.09;4;1061.5;01.06.2017
HeavyLift;Bratislava;Ship;62801;1325.2;10652.77;8;11714.9;01.02.2017
EuroTrans;Hamburg;Truck;18075;617.4;6857.9;4;237.3;03.11.2022
CargoOne;Zurich;Plane;11866;5848.6;61497.29;5;73621.7;29.10.2020
HeavyLift;Berlin;Truck;21340;284.2;5753.28;3;83.9;06.06.2024
EuroTrans;Amsterdam;Truck;5163;791.9;5169.11;4;304.1;20.09.2015
QuickCargo;Copenhagen;Truck;14640;930.8;14976.76;2;264.6;08.07.2024
MoveIt;Frankfurt;Truck;2257;55.0;712.65;3;20.2;23.08.2025
MoveIt;Berlin;Ship;276577;5984.3;31283.53;16;67469.4;03.09.2023
MoveIt;Dresden;Truck;7013;1191.8;6902.88;4;363.0;10.11.2023
SkyCargo;Munich;Plane;9936;4302.4;135839.86;3;49009.8;11.04.2019
CargoOne;Paris;Train;37991;782.3;6042.84;5;1534.6;26.02.2019
CargoBridge;Brussels;Truck;1753;872.5;4997.73;3;209.1;21.09.2024
FastMove;Hamburg;Truck;79;998.6;5558.16;3;361.6;14.11.2018
TransMax;Frankfurt;Train;8366;2257.5;15245.81;6;2057.8;21.06.2021
NorthWind;Berlin;Truck;2057;783.8;3755.14;3;200.5;08.01.2025
SkyCargo;Paris;Truck;10869;295.6;5099.82;2;103.6;08.06.2017
ShipLine;Zurich;Truck;1686;455.1;3417.28;2;144.7;15.10.2020
CargoBridge;Paris;Truck;16009;564.5;3741.63;4;188.8;25.05.2025
RoadRunner;Berlin;Truck;21580;582.0;12292.95;2;252.3;20.11.2022
BlueLogistics;Zagreb;Train;14485;1202.6;9608.44;4;2208.6;18.12.2025
RailCargo;Warsaw;Truck;12678;707.0;7277.76;3;245.0;26.03.2017
EuroTrans;Brussels;Truck;23623;1050.3;14179.64;3;298.1;16.03.2019
BlueLogistics;Bratislava;Truck;19319;670.0;8947.95;3;216.6;08.10.2017
GlobalFreight;Amsterdam;Plane;9740;3681.8;60447.57;4;36313.3;25.05.2022
EuroTrans;Warsaw;Truck;15843;943.3;10258.17;3;245.8;01.01.2018
CargoBridge;Brussels;Truck;6866;607.6;5977.81;2;231.1;12.10.2020
GlobalFreight;Hamburg;Truck;5907;999.6;6415.47;4;288.7;28.06.2017
HeavyLift;Paris;Truck;23319;476.6;12000.21;2;159.8;13.05.2018
RailCargo;Warsaw;Plane;8938;524.3;71587.61;1;3945.3;30.04.2021
CargoBridge;Zagreb;Truck;311;880.4;3486.36;4;298.3;21.06.2024
EuroTrans;Zagreb;Ship;65793;4177.8;19930.86;11;34331.8;10.10.2022
QuickCargo;Zagreb;Train;26507;2319.5;12863.49;4;3714.3;22.08.2016
FastMove;Berlin;Ship;151097;5957.6;29012.11;14;37426.8;08.08.2022
CargoOne;Milan;Train;59093;1311.9;11978.28;6;1754.2;25.12.2022
CargoBridge;Brussels;Plane;9564;4228.2;76641.49;4;29739.3;04.12.2018
TransMax;Copenhagen;Truck;9749;573.5;9352.54;2;196.2;18.08.2017
BlueLogistics;Zurich;Ship;197227;915.8;18874.08;6;9697.7;25.07.2022
RailCargo;Milan;Truck;6613;577.7;4657.93;4;147.2;11.07.2023
HeavyLift;Amsterdam;Plane;7534;4368.8;116404.39;3;47434.2;25.07.2015
TransMax;Warsaw;Truck;19276;956.9;9859.87;3;409.2;29.01.2016
CargoOne;Vienna;Truck;5010;1003.1;3782.57;4;222.9;14.04.2021
RoadRunner;Hamburg;Train;44574;2142.8;15379.69;6;4280.9;29.07.2018
HeavyLift;Frankfurt;Train;64986;676.1;7558.63;5;1276.2;17.04.2020
RoadRunner;Vienna;Ship;269952;3567.7;22609.16;17;41418.2;29.04.2024
BlueLogistics;Budapest;Truck;16265;288.8;4467.58;3;115.9;25.09.2023
SkyCargo;Budapest;Truck;8696;669.5;3901.89;4;224.7;06.07.2022
EuroTrans;Zurich;Truck;22633;982.5;5437.16;5;390.1;13.06.2022
CargoOne;Vienna;Truck;622;908.2;6442.74;3;279.8;03.05.2017
MoveIt;Budapest;Truck;21404;181.7;18358.36;1;51.2;18.08.2017
GlobalFreight;Brussels;Ship;204957;7348.9;62039.0;21;70735.6;02.01.2016
CargoBridge;Berlin;Truck;1767;93.4;1253.09;2;29.2;04.11.2020
FastMove;Prague;Ship;283761;3030.0;29752.81;17;20842.0;07.10.2018
QuickCargo;Bratislava;Truck;19715;675.3;5489.44;4;255.4;22.07.2015
CargoBridge;Bratislava;Train;55177;1656.7;11139.15;5;2412.6;10.04.2025
NorthWind;Prague;Train;18893;2064.8;8261.14;7;3336.9;26.07.2024
MoveIt;Zurich;Ship;139445;7237.7;58469.77;22;68579.2;21.06.2017
FastMove;Vienna;Truck;18022;451.2;4152.04;4;172.1;15.11.2021
RailCargo;Zagreb;Plane;10157;3825.6;65523.59;3;50518.5;26.05.2016
QuickCargo;Zurich;Truck;7677;535.5;6222.58;3;160.1;30.06.2023
QuickCargo;Warsaw;Truck;15743;608.7;6724.64;3;164.5;25.01.2025
EuroTrans;Frankfurt;Train;54130;2403.8;13122.77;7;3938.4;04.01.2019
CargoOne;Vienna;Train;21663;1112.0;9663.94;4;1516.8;06.11.2019
RailCargo;Ljubljana;Train;1967;1789.6;9696.61;5;2688.9;25.08.2025
RailCargo;Paris;Truck;21048;682.8;8986.26;3;294.1;14.03.2020
HeavyLift;Amsterdam;Ship;60664;4872.3;27680.74;12;27553.0;12.11.2019
GlobalFreight;Zagreb;Truck;6209;78.7;1313.03;3;22.6;01.05.2015
CargoBridge;Vienna;Plane;4786;5676.5;160063.29;4;49520.9;12.09.2018
ShipLine;Dresden;Train;18728;1514.8;8603.57;5;2862.2;27.12.2023
FastMove;Dresden;Train;15461;384.6;3232.43;4;470.9;22.04.2022
GlobalFreight;Berlin;Truck;8631;744.0;5923.64;3;264.5;17.04.2021
MoveIt;Zagreb;Truck;1681;582.5;5072.28;3;187.1;15.03.2015
FastMove;Warsaw;Train;2229;544.8;10015.73;2;721.3;01.02.2018
EuroTrans;Prague;Truck;11342;789.6;8501.19;2;213.5;12.10.2021
BlueLogistics;Warsaw;Train;22539;236.1;4634.99;4;232.0;23.03.2015
EuroTrans;Bratislava;Ship;227022;7313.8;47685.73;16;69340.0;07.04.2020
TransMax;Zurich;Plane;5371;4335.1;53361.21;4;48507.1;08.02.2018
HeavyLift;Copenhagen;Plane;6040;5785.7;131562.84;5;61058.6;29.01.2023
RailCargo;Dresden;Plane;5949;4839.4;85931.11;4;36611.3;15.02.2023
FastMove;Bratislava;Truck;18038;543.5;5991.67;4;206.2;06.10.2020
BlueLogistics;Bratislava;Train;74105;2009.1;16630.97;6;3183.3;18.02.2021
RailCargo;Munich;Ship;118159;6791.3;32842.9;18;44356.8;23.09.2016
CargoOne;Ljubljana;Truck;199;653.2;2738.93;4;237.0;29.11.2024
NorthWind;Brussels;Ship;119527;5192.6;27706.06;18;41999.0;05.03.2023
RailCargo;Paris;Ship;17467;1028.1;4930.66;12;8139.8;31.01.2023
CargoOne;Munich;Train;22151;1122.1;7262.59;5;1093.3;17.04.2025
TransMax;Hamburg;Train;59067;1803.0;24374.87;4;3572.3;14.08.2021
GlobalFreight;Bratislava;Train;1127;2320.8;8181.7;5;4023.9;09.04.2021
GlobalFreight;Warsaw;Truck;22631;828.1;7645.09;4;228.8;27.01.2017
SkyCargo;Warsaw;Truck;2171;444.9;4315.6;2;129.4;16.07.2022
NorthWind;Amsterdam;Ship;178335;6204.3;43421.28;15;59364.4;05.08.2016
BlueLogistics;Milan;Train;22371;832.0;9485.03;3;958.8;08.03.2021
RailCargo;Copenhagen;Plane;5655;4933.7;115382.91;3;30153.7;27.02.2017
SkyCargo;Milan;Truck;2679;443.6;7069.91;2;153.1;28.03.2024
CargoBridge;Vienna;Train;10775;945.6;6833.68;4;1685.7;04.07.2018
TransMax;Amsterdam;Train;55272;1806.6;20896.76;4;2531.1;29.03.2017
BlueLogistics;Ljubljana;Truck;4650;159.8;2121.64;3;53.6;30.09.2019
QuickCargo;Munich;Ship;58217;2652.8;16272.4;9;16256.5;24.09.2020
TransMax;Ljubljana;Truck;20413;66.2;4495.92;3;22.8;03.11.2019
BlueLogistics;Prague;Ship;181174;2491.1;15761.35;16;18500.7;06.10.2018
CargoOne;Paris;Train;71259;2089.5;27687.85;4;4503.6;12.09.2019
ShipLine;Amsterdam;Train;23207;429.9;6585.09;4;511.3;15.12.2020
CargoBridge;Dresden;Train;66308;288.5;18512.01;2;644.2;23.08.2015
EuroTrans;Milan;Train;39530;757.3;7950.25;3;1480.9;06.02.2023
BlueLogistics;Warsaw;Truck;11905;202.4;3738.13;3;64.6;19.09.2015
FastMove;Paris;Truck;9396;77.9;3942.46;2;20.7;11.04.2017
NorthWind;Zurich;Truck;12256;1065.4;11951.26;3;409.2;06.08.2024
EuroTrans;Zagreb;Truck;3562;829.9;6789.38;3;236.8;20.07.2022
CargoBridge;Ljubljana;Train;45029;1096.6;6657.11;5;2245.2;01.04.2016
MoveIt;Brussels;Truck;1805;756.5;4929.22;4;222.5;06.02.2016
RoadRunner;Dresden;Truck;2524;702.3;4349.18;4;202.3;05.06.2020
FastMove;Prague;Truck;22412;699.6;8831.58;3;192.3;02.09.2021
QuickCargo;Vienna;Truck;8382;276.0;5140.33;2;65.5;20.06.2016
TransMax;Copenhagen;Train;73960;1397.7;21496.58;4;2750.1;22.06.2018
NorthWind;Milan;Ship;170784;2024.7;13014.99;11;15030.1;27.09.2023
CargoOne;Bratislava;Truck;6790;948.0;7216.23;3;327.9;05.01.2022
FastMove;Dresden;Train;56069;536.2;7995.04;3;706.1;28.02.2021
NorthWind;Budapest;Truck;10325;132.4;6186.16;1;36.9;25.06.2018
EuroTrans;Budapest;Truck;21596;320.3;4096.94;3;108.0;03.03.2021
QuickCargo;Hamburg;Train;51190;376.6;8175.37;3;718.4;07.06.2024
CargoOne;Amsterdam;Train;11766;1756.5;15042.14;5;2792.2;24.09.2021
CargoOne;Ljubljana;Train;40641;1562.8;7822.11;5;2396.1;19.12.2018
EuroTrans;Vienna;Truck;1700;874.9;3558.1;5;323.8;06.01.2018
SkyCargo;Milan;Ship;284515;998.6;10657.08;12;7758.1;07.12.2020
GlobalFreight;Vienna;Ship;47206;7151.5;33161.97;21;59095.3;28.01.2019
RailCargo;Zagreb;Truck;11139;504.7;6705.32;2;130.1;17.11.2015
BlueLogistics;Ljubljana;Truck;3861;837.0;4843.0;4;280.0;29.06.2024
RailCargo;Amsterdam;Train;18125;1121.8;7350.71;5;1908.0;05.02.2021
BlueLogistics;Prague;Truck;15082;618.6;12071.04;2;215.4;19.03.2018
MoveIt;Berlin;Truck;22574;210.8;6735.06;3;85.2;12.10.2025
FastMove;Zurich;Truck;12543;499.6;7914.79;2;159.0;02.09.2025
NorthWind;Warsaw;Truck;3220;575.6;4898.56;3;139.3;25.04.2018
SkyCargo;Amsterdam;Truck;17478;506.3;7114.57;3;149.6;22.04.2015
MoveIt;Bratislava;Truck;18576;483.7;7840.92;2;171.1;26.03.2019
SkyCargo;Dresden;Ship;19840;2465.6;16562.03;10;11138.9;22.07.2017
RailCargo;Amsterdam;Train;45656;381.1;12115.21;3;504.4;05.12.2022
RoadRunner;Warsaw;Train;8056;585.6;4912.26;3;854.2;18.12.2017
CargoOne;Copenhagen;Train;76391;1776.9;15902.45;4;3404.8;24.02.2018
ShipLine;Warsaw;Train;70816;247.0;23329.88;2;500.8;24.04.2022
CargoOne;Zagreb;Truck;20130;565.4;6790.56;3;236.2;19.06.2021
ShipLine;Zurich;Train;79178;1232.2;20477.27;3;1916.2;23.05.2016
FastMove;Bratislava;Train;44507;1141.2;9238.33;6;1700.1;29.12.2020
NorthWind;Warsaw;Plane;174;5402.6;122366.2;4;45764.4;27.09.2025
MoveIt;Paris;Truck;13417;329.7;8857.05;2;86.3;10.02.2019
MoveIt;Milan;Truck;13629;254.7;11324.28;1;89.9;01.04.2025
SkyCargo;Frankfurt;Truck;6972;710.1;6466.29;3;246.7;25.07.2021
CargoOne;Copenhagen;Train;6707;2379.8;17502.61;5;2516.6;11.10.2019
ShipLine;Milan;Truck;5677;835.8;12765.29;2;216.3;30.04.2025
FastMove;Amsterdam;Truck;17314;756.0;8038.01;3;273.5;24.09.2022
RoadRunner;Berlin;Truck;19755;823.4;8718.56;3;262.7;10.07.2017
GlobalFreight;Brussels;Plane;3860;5011.8;106771.26;4;59811.6;19.09.2016
ShipLine;Bratislava;Plane;10376;1698.0;96360.95;2;21664.6;09.03.2016
ShipLine;Bratislava;Truck;6087;740.2;4593.45;3;280.4;16.02.2025
MoveIt;Bratislava;Ship;99111;7047.1;47452.28;23;32620.1;08.02.2017
RailCargo;Berlin;Truck;7693;673.3;5456.24;3;183.6;10.02.2023
TransMax;Dresden;Truck;10337;318.8;5126.41;2;119.3;28.08.2023
TransMax;Zagreb;Train;44759;1399.0;11812.95;5;2458.7;02.06.2022
HeavyLift;Milan;Ship;248696;4970.9;39724.05;13;35553.6;27.05.2023
RoadRunner;Munich;Train;25165;1260.1;14099.32;4;2437.6;12.09.2020
FastMove;Vienna;Ship;251661;2353.7;15144.02;9;19039.9;10.05.2016
ShipLine;Amsterdam;Train;24126;2441.6;17578.6;5;3983.2;07.08.2025
HeavyLift;Warsaw;Train;30585;1408.0;10638.53;5;1535.7;24.03.2023
BlueLogistics;Brussels;Truck;3134;1087.1;5648.25;5;248.3;19.11.2016
HeavyLift;Dresden;Ship;21157;2749.4;20052.89;9;13440.8;30.01.2015
QuickCargo;Zurich;Truck;3027;453.7;4799.3;2;155.4;09.10.2018
RailCargo;Bratislava;Truck;9389;973.1;6702.39;3;311.8;04.12.2022
FastMove;Hamburg;Truck;20899;417.9;12594.08;2;175.8;29.12.2021
CargoOne;Frankfurt;Plane;14111;1485.0;161604.59;1;19593.4;28.03.2017
GlobalFreight;Copenhagen;Truck;18986;357.2;5192.2;3;105.3;21.05.2020
RailCargo;Copenhagen;Truck;13924;813.6;5799.76;4;314.0;09.01.2021
RailCargo;Vienna;Train;9075;413.6;5923.02;3;583.1;08.03.2015
MoveIt;Amsterdam;Ship;152032;2999.9;16657.25;14;29015.9;21.07.2022
EuroTrans;Frankfurt;Train;25576;821.4;11206.19;3;1061.0;05.09.2025
BlueLogistics;Bratislava;Truck;17312;476.6;6754.41;2;200.2;16.11.2019
TransMax;Milan;Ship;135594;2065.2;21139.91;13;11184.1;21.03.2021
GlobalFreight;Paris;Truck;11191;359.3;4574.69;3;86.7;07.07.2023
MoveIt;Dresden;Train;49418;2352.7;19039.59;6;4822.5;15.09.2024
CargoOne;Amsterdam;Train;79805;2055.3;10296.21;7;3741.6;29.01.2016
MoveIt;Zagreb;Truck;15054;101.5;6634.32;1;35.4;21.08.2021
TransMax;Paris;Truck;14970;683.1;10671.94;2;204.5;27.03.2022
RailCargo;Copenhagen;Train;59478;1197.4;9121.38;4;2224.0;10.11.2022
FastMove;Ljubljana;Train;3416;2166.8;8259.3;7;3666.6;28.06.2024
HeavyLift;Ljubljana;Plane;12450;944.4;121996.16;1;9751.1;15.06.2025
ShipLine;Warsaw;Truck;11797;602.5;4307.83;3;223.1;01.02.2021
QuickCargo;Frankfurt;Truck;3193;73.0;1780.75;2;24.1;29.08.2022
EuroTrans;Hamburg;Truck;12106;288.6;4116.81;3;102.6;18.03.2015
CargoBridge;Bratislava;Truck;21208;1095.7;10206.7;4;377.3;20.08.2025
BlueLogistics;Zagreb;Truck;23378;102.4;5098.81;3;33.3;23.10.2015
ShipLine;Dresden;Train;58919;2268.9;19900.46;5;4993.5;29.12.2025
MoveIt;Amsterdam;Train;64791;2204.0;17414.94;5;3214.2;07.10.2020
TransMax;Vienna;Train;33185;1949.4;11575.29;5;2605.2;21.08.2024
SkyCargo;Berlin;Train;67628;650.5;11642.98;3;862.7;22.11.2015
MoveIt;Budapest;Truck;19746;714.8;7950.81;3;314.4;07.07.2023
HeavyLift;Frankfurt;Ship;261757;1861.5;15649.34;10;16311.7;04.06.2017
RailCargo;Paris;Truck;6416;109.3;1587.54;3;28.4;19.01.2022
RoadRunner;Bratislava;Truck;12420;948.0;5520.4;4;351.5;24.07.2022
EuroTrans;Hamburg;Truck;13867;555.7;9014.18;2;208.3;24.11.2024
BlueLogistics;Warsaw;Ship;192342;2970.5;15791.15;12;30418.7;10.07.2016
RailCargo;Amsterdam;Plane;5150;2944.7;112463.92;3;27246.6;10.12.2024
RoadRunner;Zagreb;Ship;264939;2707.8;24513.58;16;29248.4;16.04.2022
BlueLogistics;Zurich;Ship;77528;5932.6;32875.67;18;52598.0;05.11.2017
CargoBridge;Prague;Plane;7822;4812.0;95182.84;4;43222.2;12.10.2024
EuroTrans;Prague;Plane;7675;3140.1;81475.49;3;25686.7;28.12.2015
FastMove;Paris;Ship;114031;6319.0;47219.24;14;48469.7;10.07.2015
RoadRunner;Bratislava;Train;49337;2031.5;12482.36;5;3851.7;06.02.2023
HeavyLift;Paris;Truck;10979;1180.7;6838.89;4;369.2;31.03.2025
BlueLogistics;Budapest;Plane;542;2864.1;89563.4;3;32880.5;28.09.2025
CargoOne;Bratislava;Truck;18748;1033.8;9476.55;4;284.4;23.07.2021
TransMax;Milan;Ship;268121;1360.1;20422.35;10;13729.9;22.12.2015
SkyCargo;Warsaw;Train;28685;932.0;8979.0;5;1363.5;10.11.2015
HeavyLift;Zurich;Truck;3097;538.8;3900.27;3;187.4;01.01.2015
HeavyLift;Ljubljana;Train;50752;1146.7;14599.63;4;1522.7;26.12.2022
EuroTrans;Milan;Truck;19257;1174.6;8610.16;4;421.7;03.11.2016
QuickCargo;Amsterdam;Train;24155;208.3;4024.15;3;243.1;13.03.2015
GlobalFreight;Bratislava;Ship;285509;5698.9;22332.69;16;64641.7;03.10.2015
BlueLogistics;Vienna;Train;40913;1065.0;9710.78;4;1659.2;25.05.2024
FastMove;Bratislava;Truck;11177;901.7;10437.66;3;287.8;11.01.2015
BlueLogistics;Paris;Train;2687;848.7;5737.17;5;1329.5;14.07.2017
TransMax;Frankfurt;Truck;11759;309.5;3782.2;4;104.0;21.08.2024
RailCargo;Brussels;Truck;16332;1047.1;5224.48;4;284.4;10.02.2019
FastMove;Frankfurt;Train;47075;219.9;11359.45;3;296.6;30.08.2023
GlobalFreight;Dresden;Ship;281419;3314.7;16543.17;16;26525.1;04.03.2021
RoadRunner;Paris;Truck;20362;766.0;14045.03;2;284.8;25.11.2023
FastMove;Munich;Plane;6165;3547.0;130733.69;3;40703.8;29.03.2016
RailCargo;Ljubljana;Truck;7099;764.0;4459.15;3;300.5;21.12.2020
TransMax;Vienna;Train;5880;1847.9;12209.79;6;3394.3;23.11.2017
MoveIt;Copenhagen;Truck;19930;196.2;4195.63;3;58.4;27.10.2021
CargoBridge;Milan;Train;32240;1912.5;11974.09;7;3612.3;21.02.2016
EuroTrans;Vienna;Train;25822;555.9;7039.72;3;1102.8;16.03.2017
BlueLogistics;Vienna;Truck;11926;787.3;5111.27;3;196.4;16.02.2017
CargoOne;Zurich;Truck;17509;567.2;12851.12;2;219.3;16.12.2024
QuickCargo;Brussels;Truck;21796;681.4;7092.09;4;225.0;06.11.2019
BlueLogistics;Zurich;Truck;3971;1069.3;3674.56;5;370.8;02.08.2016
RailCargo;Bratislava;Truck;10102;113.3;5076.15;2;45.5;04.04.2015
RailCargo;Warsaw;Plane;10517;4615.2;52629.69;4;49443.9;17.12.2024
MoveIt;Frankfurt;Train;33275;568.1;10905.33;2;1016.7;30.03.2024
SkyCargo;Budapest;Truck;16408;146.3;6782.73;2;54.1;15.05.2024
RoadRunner;Copenhagen;Plane;3191;667.6;37263.64;2;5942.6;13.05.2023
CargoOne;Prague;Truck;21744;315.0;7357.64;3;121.7;09.07.2020
EuroTrans;Budapest;Train;26876;1248.5;20050.86;3;1288.5;28.03.2025
MoveIt;Bratislava;Train;17384;1616.1;11862.32;4;1812.9;03.11.2021
GlobalFreight;Vienna;Truck;23551;264.2;8305.38;3;89.3;02.01.2024
NorthWind;Prague;Train;68134;539.1;11716.88;3;1141.3;11.12.2016
TransMax;Munich;Truck;11801;531.3;4449.8;4;211.9;23.06.2019
QuickCargo;Paris;Truck;8477;716.5;6208.06;4;245.4;15.09.2018
RailCargo;Copenhagen;Plane;597;1927.7;87236.02;2;15040.1;12.01.2024
EuroTrans;Amsterdam;Train;67170;1331.9;11588.14;6;2326.3;26.10.2022
CargoBridge;Amsterdam;Truck;1769;497.8;4880.99;3;114.0;05.04.2015
CargoBridge;Vienna;Plane;14243;4896.5;143879.73;4;46881.1;10.08.2021
HeavyLift;Ljubljana;Plane;9480;938.0;24541.91;2;7282.9;10.07.2023
QuickCargo;Bratislava;Ship;174162;4551.6;40009.08;17;36878.6;15.06.2018
FastMove;Warsaw;Truck;1615;980.2;3924.47;5;242.5;07.08.2021
GlobalFreight;Vienna;Plane;3543;2748.6;62047.81;3;30819.8;17.05.2022
QuickCargo;Copenhagen;Truck;8433;979.0;4662.43;5;357.1;23.05.2023
TransMax;Brussels;Ship;83249;3188.4;25087.33;14;15410.4;30.12.2020
NorthWind;Munich;Ship;91376;1943.7;14435.93;13;18115.6;13.06.2017
EuroTrans;Amsterdam;Truck;16760;98.0;6581.25;2;32.6;30.04.2024
RailCargo;Zagreb;Plane;8251;4015.3;88121.09;3;51170.0;15.06.2017
ShipLine;Bratislava;Train;75845;1521.4;12842.9;5;2305.5;29.11.2015
ShipLine;Paris;Ship;177885;5722.5;36659.72;18;32793.9;29.01.2018
SkyCargo;Ljubljana;Plane;11256;978.4;128226.47;1;10717.0;13.12.2024
CargoBridge;Munich;Truck;3992;421.7;4284.42;3;139.4;05.10.2019
HeavyLift;Paris;Truck;11702;755.1;5183.91;4;190.3;26.06.2018
CargoBridge;Warsaw;Train;78992;1213.4;14461.07;4;2824.6;06.05.2021
BlueLogistics;Milan;Train;8498;2081.8;7395.49;6;2622.5;05.07.2023
QuickCargo;Paris;Train;20846;1700.1;9507.37;4;2103.2;26.01.2021
TransMax;Hamburg;Truck;5535;812.2;4607.21;3;237.4;05.08.2023
HeavyLift;Brussels;Train;11354;313.4;3845.08;4;551.4;25.11.2023
BlueLogistics;Hamburg;Plane;1199;3544.5;51478.88;4;26567.4;15.03.2019
TransMax;Frankfurt;Truck;15974;1184.8;9159.04;3;373.8;06.03.2015
GlobalFreight;Amsterdam;Train;5861;2252.7;14238.79;6;2886.6;31.03.2024
RailCargo;Budapest;Truck;10953;105.3;3371.08;3;32.4;31.12.2021
RoadRunner;Vienna;Truck;23334;844.5;7849.98;4;383.8;18.05.2025
NorthWind;Budapest;Ship;27320;3423.9;25924.24;10;12963.4;07.08.2018
QuickCargo;Hamburg;Train;65659;2180.1;15291.93;5;4724.7;12.10.2016
RailCargo;Munich;Truck;19951;300.2;7604.72;2;105.8;08.06.2019
CargoOne;Ljubljana;Train;3432;1986.6;6220.96;6;3289.6;23.04.2021
QuickCargo;Warsaw;Train;63843;348.8;12719.44;3;470.0;09.05.2018
FastMove;Zurich;Train;27501;580.0;5868.28;4;832.7;30.10.2020
TransMax;Amsterdam;Train;75258;1681.4;13577.68;5;3033.9;31.07.2018
RoadRunner;Berlin;Truck;9978;465.9;5235.99;3;130.8;14.05.2024
HeavyLift;Amsterdam;Plane;7732;2875.5;108727.36;3;19392.0;16.12.2016
EuroTrans;Prague;Ship;33190;2712.5;18178.05;12;24443.8;06.04.2016
GlobalFreight;Hamburg;Truck;4145;583.4;2810.41;4;194.5;20.03.2022
HeavyLift;Ljubljana;Truck;9478;313.0;4611.57;3;87.3;24.05.2022
HeavyLift;Dresden;Truck;12019;248.9;4515.09;2;82.2;04.11.2018
HeavyLift;Zagreb;Truck;10824;502.5;3667.56;4;152.5;13.09.2016
BlueLogistics;Budapest;Train;46312;2423.5;16030.0;6;4801.8;08.11.2025
MoveIt;Milan;Truck;16034;737.5;8263.67;3;253.5;28.09.2016
TransMax;Frankfurt;Ship;66634;2689.9;13424.14;14;16488.0;07.05.2022
TransMax;Zurich;Truck;15287;395.7;10277.12;2;127.8;08.02.2022
QuickCargo;Warsaw;Truck;21986;1175.9;10910.44;4;473.8;04.12.2025
HeavyLift;Warsaw;Train;75460;1841.4;17622.3;5;2592.1;06.03.2018
GlobalFreight;Copenhagen;Truck;6307;580.7;3519.62;3;168.9;27.11.2021
NorthWind;Prague;Train;14244;290.4;4286.59;3;273.6;31.03.2022
HeavyLift;Berlin;Truck;19625;547.3;8258.76;2;197.4;19.02.2025
QuickCargo;Budapest;Truck;18999;967.8;8355.67;4;296.0;25.07.2021
RailCargo;Ljubljana;Truck;6536;337.5;3398.87;3;104.4;03.12.2023
GlobalFreight;Frankfurt;Train;8075;304.6;3657.8;3;302.6;16.12.2015
BlueLogistics;Amsterdam;Ship;106633;6706.0;29471.24;20;30262.8;19.03.2025
MoveIt;Zurich;Truck;20185;780.5;8800.64;3;265.5;19.05.2020
QuickCargo;Brussels;Truck;2099;993.2;5619.0;5;253.5;11.08.2023
MoveIt;Prague;Train;30427;2302.6;10042.34;7;4150.2;16.02.2024
EuroTrans;Copenhagen;Ship;184676;4498.4;29647.18;12;48568.0;12.04.2020
TransMax;Bratislava;Train;19045;2039.8;9223.05;7;3685.6;17.07.2021
FastMove;Vienna;Ship;107825;5640.0;27566.35;20;28627.1;13.08.2018
MoveIt;Munich;Ship;61730;1394.8;10106.05;11;11654.4;24.08.2016
MoveIt;Paris;Ship;211734;7029.1;40750.61;24;67971.5;20.01.2022
HeavyLift;Copenhagen;Plane;2983;4350.4;92393.96;3;48422.3;24.03.2016
SkyCargo;Warsaw;Ship;184625;5750.2;34870.44;13;41048.0;16.03.2015
NorthWind;Paris;Truck;21285;287.0;5840.25;3;82.9;01.09.2025
QuickCargo;Brussels;Train;70893;1994.7;11551.77;6;3213.8;14.04.2019
NorthWind;Budapest;Truck;8603;1138.0;5483.68;4;310.2;02.09.2015
CargoBridge;Warsaw;Truck;17800;559.4;9250.58;2;184.3;07.11.2024
TransMax;Copenhagen;Plane;7931;3077.9;189718.21;2;30989.9;02.06.2020
RailCargo;Warsaw;Plane;7639;1804.8;67990.74;2;20217.0;03.05.2022
ShipLine;Vienna;Train;12795;626.7;8202.74;3;587.7;05.06.2019
SkyCargo;Berlin;Train;51609;436.8;8672.99;4;615.6;24.10.2016
RailCargo;Zurich;Train;34146;2030.4;8606.89;6;3093.0;02.07.2019
CargoOne;Paris;Train;30737;1774.8;13962.38;5;1865.2;11.12.2023
RoadRunner;Berlin;Plane;12319;4456.2;74533.32;4;30082.9;04.06.2022
FastMove;Ljubljana;Train;9563;483.8;4163.16;4;602.6;09.02.2021
EuroTrans;Copenhagen;Truck;9135;62.4;4886.51;1;25.2;16.10.2017
NorthWind;Copenhagen;Train;45186;1996.2;6069.04;7;3075.0;01.10.2019
RoadRunner;Prague;Train;48582;1373.1;10158.11;5;2305.1;07.10.2021
BlueLogistics;Hamburg;Ship;126000;3450.0;18096.3;16;31827.4;01.03.2022
FastMove;Prague;Truck;10741;565.9;3649.27;4;182.3;08.06.2021
BlueLogistics;Milan;Truck;2720;1057.5;8901.14;3;393.8;02.02.2021
BlueLogistics;Hamburg;Truck;16867;430.0;4639.01;4;155.3;13.06.2025
BlueLogistics;Paris;Ship;242919;7008.7;29850.71;16;77115.8;20.04.2015
BlueLogistics;Berlin;Truck;1917;625.4;2563.04;4;163.2;01.11.2022
RailCargo;Prague;Truck;8352;1157.7;7636.45;4;312.1;06.08.2018
BlueLogistics;Amsterdam;Truck;3828;692.4;4899.92;4;203.8;15.09.2024
NorthWind;Brussels;Ship;151703;867.6;16126.18;6;5608.7;11.06.2025
RoadRunner;Ljubljana;Train;31063;1737.1;9232.59;6;2904.5;21.07.2017
BlueLogistics;Munich;Truck;23726;959.9;9099.61;4;325.5;28.12.2025
HeavyLift;Paris;Truck;17837;50.4;8945.71;1;17.9;16.10.2024
ShipLine;Hamburg;Ship;185584;4698.1;36705.6;14;46955.2;30.07.2015
ShipLine;Milan;Ship;161707;5970.5;23553.79;20;42381.1;05.06.2020
RoadRunner;Zagreb;Truck;11913;1063.3;8775.57;3;397.1;27.09.2020
RoadRunner;Ljubljana;Truck;18944;495.5;11564.29;2;175.6;12.04.2015
TransMax;Hamburg;Train;34293;1600.4;12372.07;6;2300.5;16.02.2015
MoveIt;Brussels;Truck;19627;728.7;15366.18;2;306.9;05.10.2015
BlueLogistics;Frankfurt;Truck;18002;521.2;8945.74;3;194.1;25.12.2024
ShipLine;Ljubljana;Train;27385;1277.3;8278.81;5;2424.9;28.07.2020
ShipLine;Munich;Ship;237804;6616.9;27177.5;15;66764.4;03.09.2017
GlobalFreight;Warsaw;Truck;5698;736.6;9051.03;2;266.4;29.04.2022
CargoBridge;Munich;Truck;6360;238.6;1844.44;3;86.1;01.12.2021
RoadRunner;Amsterdam;Truck;13194;485.9;5642.37;4;196.4;28.03.2019
RoadRunner;Bratislava;Train;802;1764.1;6797.82;5;2028.4;11.01.2021
CargoBridge;Copenhagen;Truck;10061;211.7;10035.99;1;68.7;18.07.2015
CargoOne;Copenhagen;Ship;283429;2707.3;18916.62;15;24821.6;15.08.2025
GlobalFreight;Amsterdam;Truck;20751;1156.1;7510.38;5;477.6;23.01.2019
GlobalFreight;Zurich;Plane;125;3411.7;82891.47;3;40386.5;19.11.2025
EuroTrans;Milan;Truck;18306;84.3;4404.75;3;36.4;04.01.2020
SkyCargo;Copenhagen;Truck;7543;257.5;2367.02;3;102.1;04.11.2015
CargoBridge;Zagreb;Truck;20413;1084.2;7742.03;5;466.9;06.05.2025
BlueLogistics;Budapest;Train;69245;1285.5;14547.16;5;1901.0;07.04.2024
TransMax;Vienna;Truck;10198;231.1;5340.07;2;87.2;25.04.2020
CargoBridge;Copenhagen;Truck;323;182.1;3945.98;1;61.5;13.04.2020
CargoOne;Prague;Truck;5908;856.8;5496.29;4;236.4;28.03.2015
EuroTrans;Munich;Train;975;1709.0;10610.92;4;2896.3;17.01.2018
FastMove;Copenhagen;Truck;4555;623.0;3809.66;3;212.1;21.07.2019
RailCargo;Budapest;Ship;14388;3100.7;16030.33;15;16362.2;07.01.2020
HeavyLift;Bratislava;Truck;23685;108.4;7169.99;2;39.6;30.03.2023
SkyCargo;Hamburg;Truck;12254;708.8;8902.9;3;233.7;04.06.2017
RailCargo;Dresden;Train;6919;224.1;2300.93;4;384.6;20.09.2016
BlueLogistics;Budapest;Truck;21796;136.8;7735.18;2;49.6;29.01.2015
FastMove;Milan;Truck;14215;172.9;6944.43;2;73.3;24.04.2015
RoadRunner;Budapest;Truck;1564;707.2;7874.06;2;216.7;01.06.2016
BlueLogistics;Amsterdam;Train;59477;2429.9;14599.08;7;5047.9;16.06.2023
ShipLine;Paris;Train;14018;1564.8;13271.6;4;2925.9;14.08.2018
TransMax;Warsaw;Truck;19853;1018.7;9414.96;4;286.4;19.02.2025
TransMax;Ljubljana;Truck;9969;1126.8;8116.92;4;285.3;21.01.2017
HeavyLift;Dresden;Ship;221030;6752.4;46197.3;16;40460.5;12.02.2021
BlueLogistics;Vienna;Truck;15445;801.1;7404.61;4;235.4;08.11.2023
ShipLine;Zagreb;Truck;9784;914.2;8306.84;3;263.0;31.05.2018
RoadRunner;Ljubljana;Train;49834;579.0;14934.39;3;743.5;19.07.2024
HeavyLift;Amsterdam;Ship;27549;7039.2;42132.99;22;48963.2;16.07.2017
HeavyLift;Dresden;Train;16931;1673.6;11662.29;4;2524.1;06.05.2015
QuickCargo;Berlin;Train;9126;221.8;2579.53;3;271.2;25.03.2018
CargoBridge;Munich;Truck;22786;848.7;5677.91;4;253.4;16.05.2015
BlueLogistics;Brussels;Ship;49317;2462.7;19545.59;14;12569.0;26.03.2025
FastMove;Paris;Truck;23339;328.0;20142.0;1;118.3;22.03.2025
FastMove;Bratislava;Truck;13848;1046.2;8977.83;4;405.9;06.11.2020
HeavyLift;Budapest;Plane;3582;4884.5;116784.2;5;47640.2;26.12.2023
HeavyLift;Munich;Truck;7991;669.5;4691.24;4;267.8;06.09.2019
NorthWind;Brussels;Plane;7829;3147.1;76311.88;3;20836.3;23.03.2015
TransMax;Munich;Truck;5408;934.5;6410.76;4;282.0;13.02.2015
CargoOne;Hamburg;Truck;18880;697.2;8876.27;2;305.2;31.01.2020
RailCargo;Vienna;Ship;162866;5443.4;28350.95;13;41631.6;23.08.2018
GlobalFreight;Bratislava;Train;37742;320.7;10845.61;2;427.1;11.08.2016
QuickCargo;Berlin;Train;48168;1218.6;11177.01;5;1741.3;06.06.2018
BlueLogistics;Copenhagen;Train;28288;837.5;11066.88;4;1410.4;22.09.2022
GlobalFreight;Munich;Train;29654;1483.3;16931.0;4;1810.4;08.02.2016
CargoBridge;Amsterdam;Truck;7666;1124.4;11534.41;3;303.9;26.07.2015
EuroTrans;Amsterdam;Truck;5906;166.7;6441.24;1;59.4;23.05.2021
SkyCargo;Milan;Truck;5203;991.8;5521.71;3;256.6;26.06.2019
CargoOne;Budapest;Truck;3190;201.9;1727.99;3;60.2;21.08.2018
SkyCargo;Zagreb;Truck;8791;725.9;3835.45;4;257.7;06.04.2022
MoveIt;Zurich;Plane;1186;2663.0;93494.42;2;25305.6;25.12.2015
EuroTrans;Paris;Truck;1216;970.9;2652.78;5;332.8;18.10.2017
MoveIt;Milan;Plane;12192;2421.1;113623.61;2;27711.1;19.07.2023
FastMove;Zagreb;Truck;10341;845.8;9168.77;3;342.9;11.12.2023
BlueLogistics;Munich;Plane;2173;3974.9;42062.99;4;32422.4;07.05.2016
QuickCargo;Brussels;Truck;22048;1029.9;8865.36;4;381.1;07.11.2019
BlueLogistics;Paris;Truck;75;1055.1;4493.46;4;389.7;13.08.2015
GlobalFreight;Dresden;Train;47489;1352.2;12070.37;5;2131.3;07.06.2018
BlueLogistics;Hamburg;Train;66715;1171.7;10555.42;3;2420.5;11.04.2025
HeavyLift;Brussels;Train;28883;2154.0;11902.43;6;3235.8;07.02.2016
SkyCargo;Hamburg;Truck;12853;969.1;5684.45;4;302.7;28.07.2019
SkyCargo;Zagreb;Train;12112;1887.9;15782.05;5;2975.1;07.07.2015
GlobalFreight;Berlin;Train;52962;1078.2;8002.65;5;1869.1;16.11.2020
CargoOne;Prague;Truck;16049;229.5;14501.15;1;58.3;20.07.2022
NorthWind;Zurich;Truck;15061;777.1;6031.31;3;253.2;26.02.2023
QuickCargo;Prague;Plane;12613;1720.7;105835.72;2;16838.5;20.07.2021
NorthWind;Milan;Truck;9357;343.6;3337.02;3;92.1;07.05.2019
ShipLine;Bratislava;Train;50165;2370.8;12150.68;6;4503.2;17.04.2021
GlobalFreight;Zagreb;Ship;164552;1404.8;14485.37;9;6909.0;16.03.2024
RailCargo;Hamburg;Plane;12316;1869.2;91791.89;2;13054.2;07.08.2021
CargoBridge;Budapest;Truck;11502;87.2;4756.07;2;35.9;26.05.2017
BlueLogistics;Zagreb;Train;32213;1308.9;15615.38;3;1625.2;24.05.2020
FastMove;Munich;Ship;153463;1575.7;6837.61;11;13510.7;11.12.2017
NorthWind;Berlin;Truck;9555;481.2;5423.03;2;113.6;13.08.2021
CargoOne;Frankfurt;Plane;10928;4459.6;123637.71;4;57465.9;24.07.2020
RailCargo;Ljubljana;Truck;4477;636.5;3896.73;3;148.0;25.11.2023
TransMax;Zurich;Truck;22045;302.7;13435.63;1;84.4;06.10.2016
RoadRunner;Zurich;Train;2827;719.9;4317.12;4;1292.1;16.05.2021
RoadRunner;Brussels;Truck;12747;362.2;7320.27;2;128.2;07.11.2020
RoadRunner;Copenhagen;Truck;14872;437.3;3860.27;3;158.9;20.10.2017
CargoOne;Budapest;Truck;1326;1147.0;5753.99;4;388.0;10.09.2025
FastMove;Munich;Truck;17045;808.2;6524.43;4;213.9;17.07.2024
NorthWind;Munich;Ship;11276;4449.3;23296.89;13;24870.1;26.12.2023
FastMove;Munich;Truck;17325;196.2;7265.78;2;77.8;18.07.2021
SkyCargo;Copenhagen;Ship;176119;3797.2;22199.2;11;26985.3;09.02.2024
MoveIt;Zurich;Truck;4793;228.6;7158.82;1;89.6;07.01.2021
SkyCargo;Copenhagen;Truck;15172;131.1;8846.55;1;34.7;29.10.2015
MoveIt;Warsaw;Plane;2518;673.6;60613.47;1;5389.0;15.12.2017
TransMax;Warsaw;Train;75702;771.6;12888.43;3;1351.1;11.10.2023
TransMax;Vienna;Ship;70085;4888.6;36319.04;19;41985.0;24.03.2023
GlobalFreight;Copenhagen;Plane;2363;4221.0;77576.99;4;43894.3;18.09.2023
BlueLogistics;Zurich;Truck;8629;102.1;7356.72;1;25.1;30.03.2016
MoveIt;Dresden;Train;45301;917.7;6546.91;5;1686.0;19.04.2016
ShipLine;Prague;Truck;16510;568.0;8382.6;3;145.0;18.01.2024
CargoBridge;Copenhagen;Truck;16543;390.3;5471.85;2;114.5;28.01.2024
TransMax;Milan;Ship;169994;3606.0;16940.27;13;37423.6;14.12.2025
ShipLine;Bratislava;Ship;145367;4076.0;35882.9;10;23406.2;23.11.2017
RoadRunner;Frankfurt;Truck;7575;744.9;5602.74;3;182.1;23.11.2021
HeavyLift;Vienna;Truck;9895;774.6;6734.22;2;296.7;07.07.2023
TransMax;Ljubljana;Truck;23080;1131.3;10078.16;4;322.6;15.09.2017
FastMove;Berlin;Truck;19794;1195.9;7342.91;4;389.6;12.08.2018
BlueLogistics;Copenhagen;Truck;748;1120.7;10292.16;3;315.9;21.09.2021
HeavyLift;Dresden;Truck;19182;780.9;6655.95;4;289.2;29.03.2020
CargoOne;Amsterdam;Truck;1804;172.5;1530.97;3;49.7;26.12.2019
ShipLine;Amsterdam;Train;41124;920.4;13674.07;4;1764.8;25.12.2019
SkyCargo;Warsaw;Truck;14544;1067.7;8352.77;3;400.5;30.05.2015
HeavyLift;Prague;Truck;9441;156.7;4223.58;2;62.9;21.08.2021
RailCargo;Ljubljana;Truck;21859;317.2;5979.66;3;103.9;12.11.2022
CargoBridge;Paris;Truck;18647;236.0;6230.68;3;82.3;25.02.2023
BlueLogistics;Milan;Truck;1865;51.5;1858.63;1;17.1;10.01.2022
RailCargo;Milan;Truck;3709;493.8;3260.37;4;159.4;01.03.2016
ShipLine;Hamburg;Plane;12526;5279.8;85744.2;4;68961.6;08.02.2023
EuroTrans;Hamburg;Ship;187974;6644.9;36493.18;22;47420.9;15.05.2024
RoadRunner;Budapest;Ship;208434;5543.7;26432.96;17;50264.9;18.05.2025
BlueLogistics;Bratislava;Train;63624;2019.4;14123.93;7;3367.7;05.02.2019
GlobalFreight;Dresden;Train;30514;1298.7;8063.58;5;1936.8;12.05.2016
RailCargo;Budapest;Truck;19299;502.2;8732.31;3;149.7;30.05.2019
HeavyLift;Copenhagen;Truck;22789;731.4;11434.07;3;203.9;17.01.2022
NorthWind;Paris;Truck;7612;55.6;2714.28;2;14.9;02.06.2024
FastMove;Dresden;Plane;12264;2686.4;64873.17;3;20662.7;22.07.2024
NorthWind;Berlin;Truck;5739;764.3;3938.3;3;174.9;30.09.2025
TransMax;Warsaw;Train;11400;1924.6;9276.27;6;2520.5;26.02.2020
BlueLogistics;Dresden;Truck;20480;340.2;8067.61;3;96.3;05.01.2015
CargoOne;Dresden;Train;25825;1706.8;15966.76;5;2213.1;01.01.2022
CargoOne;Dresden;Ship;108097;4242.1;17266.32;16;22861.9;07.12.2020
FastMove;Zagreb;Train;61606;2371.1;17904.76;7;3573.4;11.07.2025
GlobalFreight;Paris;Train;18653;361.5;10725.02;2;365.7;08.11.2024
EuroTrans;Prague;Truck;17294;913.3;6171.02;4;300.7;16.09.2015
NorthWind;Amsterdam;Ship;221772;1919.9;18046.04;9;11358.0;01.10.2019
SkyCargo;Hamburg;Truck;19417;769.5;10468.45;2;321.1;25.09.2017
EuroTrans;Amsterdam;Ship;124598;5598.3;25320.25;18;56604.7;03.09.2016
CargoBridge;Copenhagen;Ship;96648;7362.9;40784.14;19;55821.8;26.06.2024
RoadRunner;Paris;Ship;102779;1991.0;11920.12;9;18854.3;19.05.2018
NorthWind;Frankfurt;Truck;20687;1155.6;8887.03;4;457.1;12.10.2024
CargoBridge;Warsaw;Truck;7342;950.6;5539.94;3;286.3;11.04.2015
GlobalFreight;Dresden;Truck;10992;147.9;5506.84;2;44.3;17.08.2015
TransMax;Copenhagen;Train;63608;583.9;14572.11;3;1288.2;21.06.2021
FastMove;Budapest;Truck;12835;889.2;3506.28;5;290.8;15.02.2023
RailCargo;Copenhagen;Train;25437;697.6;8086.72;3;898.3;24.12.2021
GlobalFreight;Milan;Train;64686;1555.7;15193.73;5;2353.0;28.05.2021
BlueLogistics;Milan;Plane;5194;5189.9;123192.6;5;31994.0;09.11.2017
QuickCargo;Ljubljana;Truck;2159;148.1;2175.87;2;36.5;18.02.2015
BlueLogistics;Frankfurt;Truck;12926;1155.5;5322.78;5;377.2;03.02.2019
SkyCargo;Zurich;Train;27762;568.8;9274.02;2;581.7;17.10.2017
CargoOne;Frankfurt;Train;22274;1529.5;10619.38;5;2999.8;03.07.2017
CargoBridge;Munich;Ship;252308;1083.1;8170.35;11;9372.4;13.12.2019
BlueLogistics;Brussels;Plane;4781;4693.7;48169.94;4;31367.5;20.09.2015
RoadRunner;Ljubljana;Ship;77208;4763.0;32110.39;16;25207.6;13.01.2023
EuroTrans;Zagreb;Train;27938;1188.7;7228.36;5;1587.8;02.09.2018
GlobalFreight;Paris;Truck;650;865.8;2216.34;5;313.0;28.05.2018
QuickCargo;Dresden;Ship;72539;5912.0;38888.2;17;28158.3;10.09.2019
CargoOne;Ljubljana;Truck;1304;326.7;2993.11;2;105.2;18.02.2017
NorthWind;Bratislava;Train;36499;2217.5;18529.34;5;3394.2;30.12.2025
RailCargo;Budapest;Ship;63645;4833.8;21287.74;19;38154.3;02.02.2025
TransMax;Brussels;Train;62267;2123.1;12996.57;6;3338.7;07.11.2017
GlobalFreight;Bratislava;Plane;329;853.5;26288.81;2;6909.2;06.05.2015
NorthWind;Dresden;Truck;10905;957.1;6658.39;4;243.4;26.07.2019
HeavyLift;Budapest;Train;22776;1149.6;7820.25;4;1790.1;25.01.2015
GlobalFreight;Prague;Train;53970;2417.9;14536.89;6;5278.3;01.09.2023
BlueLogistics;Warsaw;Truck;10909;236.8;4833.97;2;85.7;23.11.2023
SkyCargo;Berlin;Truck;6377;1013.1;5045.18;5;342.3;01.05.2025
HeavyLift;Berlin;Plane;5034;5179.6;151091.28;4;44043.9;02.08.2022
BlueLogistics;Milan;Truck;3844;172.5;2048.14;3;60.8;10.09.2022
RailCargo;Munich;Truck;18143;859.7;6931.21;4;286.1;05.02.2018
SkyCargo;Prague;Plane;14904;609.3;38044.07;2;7679.4;29.01.2015
QuickCargo;Zagreb;Truck;2258;675.1;3285.87;4;243.3;30.12.2016
RoadRunner;Amsterdam;Truck;22729;857.9;8040.94;4;338.6;05.07.2015
GlobalFreight;Milan;Train;58816;1218.8;14091.84;4;2252.8;10.02.2017
TransMax;Ljubljana;Plane;3681;4886.1;109794.91;3;37275.8;07.08.2016
ShipLine;Bratislava;Truck;3460;1048.2;8175.67;3;295.1;08.07.2024
GlobalFreight;Frankfurt;Train;5608;2296.6;8420.19;7;2184.3;18.11.2016
EuroTrans;Warsaw;Ship;278514;2250.2;13917.91;12;18093.6;20.01.2018
ShipLine;Brussels;Train;67030;361.8;13651.16;3;792.6;29.01.2015
NorthWind;Zagreb;Truck;3878;1087.9;5132.41;5;374.7;16.05.2020
RoadRunner;Budapest;Truck;10809;778.4;7151.35;4;314.7;21.06.2017
BlueLogistics;Frankfurt;Train;68532;1920.8;9737.69;6;4219.0;17.03.2022
SkyCargo;Frankfurt;Truck;17944;799.8;5825.21;4;245.0;10.06.2019
QuickCargo;Amsterdam;Truck;18677;1095.8;9517.04;3;288.2;25.11.2021
RoadRunner;Zurich;Ship;137461;3051.0;16181.82;16;19016.4;25.01.2020
RailCargo;Munich;Train;45504;511.5;13337.83;3;702.6;15.05.2021
FastMove;Copenhagen;Truck;8540;970.4;9837.89;3;323.0;08.11.2021
SkyCargo;Paris;Plane;14146;4002.6;110707.79;4;29080.7;02.06.2021
RailCargo;Milan;Train;67003;922.7;9530.68;5;2052.5;11.12.2023
SkyCargo;Vienna;Truck;7196;655.2;4647.22;4;226.6;12.05.2017
CargoOne;Ljubljana;Train;61575;425.1;14177.19;3;701.3;23.08.2024
BlueLogistics;Paris;Train;842;1676.4;8523.34;5;2247.9;20.02.2017
BlueLogistics;Frankfurt;Truck;6246;65.7;3002.29;2;21.5;26.09.2018
NorthWind;Berlin;Train;18619;715.7;4526.03;5;1161.6;22.02.2020
BlueLogistics;Paris;Train;16081;1835.2;11983.82;4;2516.2;10.02.2017
EuroTrans;Budapest;Truck;2502;604.4;5641.12;2;212.1;22.09.2017
QuickCargo;Milan;Truck;14844;446.4;4345.56;4;114.7;11.08.2019
FastMove;Zagreb;Truck;10180;273.7;4729.91;2;110.0;09.04.2020
TransMax;Copenhagen;Truck;18105;234.1;9575.99;2;100.0;27.08.2016
ShipLine;Prague;Ship;234428;3139.5;20291.06;15;18725.5;01.03.2025
SkyCargo;Amsterdam;Train;48299;1654.3;12628.7;5;2391.3;12.07.2022
CargoOne;Bratislava;Truck;11194;422.4;5447.91;3;104.1;25.09.2018
RailCargo;Prague;Truck;17709;610.4;7948.26;3;232.0;31.03.2022
EuroTrans;Zagreb;Truck;18942;1184.1;7372.05;5;324.7;30.04.2015
SkyCargo;Munich;Train;52969;2097.1;18200.12;6;4022.5;19.08.2025
RailCargo;Prague;Truck;4954;838.5;12993.22;2;248.6;29.06.2019
FastMove;Ljubljana;Ship;247340;1067.3;25296.76;5;10460.8;08.12.2016
CargoOne;Berlin;Truck;8335;1025.6;8012.94;3;239.7;01.11.2016
CargoBridge;Warsaw;Truck;18112;887.3;8567.84;4;340.6;06.08.2021
QuickCargo;Vienna;Train;50035;562.4;8884.01;4;1003.7;07.07.2017
CargoOne;Zagreb;Truck;13743;249.3;15454.47;1;63.8;23.09.2020
BlueLogistics;Ljubljana;Truck;14927;371.7;5083.15;3;113.9;31.03.2023
SkyCargo;Dresden;Ship;292048;6482.9;30033.03;22;40798.9;28.05.2022
SkyCargo;Prague;Plane;2762;5894.7;65912.58;4;55449.8;31.08.2019
QuickCargo;Brussels;Truck;4550;716.5;4145.01;4;189.1;04.09.2019
MoveIt;Prague;Train;35269;2238.1;11130.14;6;3937.5;04.11.2018
EuroTrans;Milan;Truck;15312;571.0;6898.46;3;191.6;27.02.2015
ShipLine;Prague;Ship;147912;5833.3;36191.13;16;42877.2;13.11.2019
FastMove;Budapest;Plane;9959;3326.7;95595.75;3;42504.7;09.11.2020
CargoOne;Budapest;Train;53066;2474.5;13476.97;7;3140.6;04.05.2016
ShipLine;Prague;Truck;16194;275.3;12955.97;1;95.5;04.03.2023
QuickCargo;Copenhagen;Train;26880;224.3;7702.95;2;412.9;17.04.2020
MoveIt;Milan;Train;76866;532.0;18481.66;3;1209.8;11.12.2017
EuroTrans;Dresden;Train;49400;747.9;12641.59;4;1077.4;14.12.2015
RoadRunner;Vienna;Plane;4307;3560.0;50019.34;3;32860.1;14.04.2020
CargoOne;Frankfurt;Ship;259750;5733.1;28422.51;20;35626.2;11.04.2022
FastMove;Berlin;Truck;9388;378.0;6267.54;2;116.3;19.12.2019
RoadRunner;Copenhagen;Truck;9673;224.4;3638.46;2;79.2;24.05.2015
CargoBridge;Prague;Truck;3527;589.3;2921.32;3;203.0;05.03.2019
CargoOne;Budapest;Truck;15567;382.4;9330.07;2;148.8;05.12.2021
EuroTrans;Berlin;Truck;5690;1188.2;6178.39;4;449.6;06.10.2021
ShipLine;Bratislava;Train;44246;1751.2;12675.26;5;3502.4;24.05.2023
ShipLine;Zurich;Truck;11405;924.1;9659.92;3;330.3;22.11.2017
NorthWind;Munich;Truck;9363;145.9;6551.02;1;54.2;21.07.2025
TransMax;Milan;Truck;6199;1082.8;11432.0;3;421.6;26.09.2024
ShipLine;Brussels;Ship;239508;3647.4;28373.43;12;22199.4;14.04.2025
CargoOne;Frankfurt;Truck;2946;620.9;3601.75;4;181.4;27.01.2019
SkyCargo;Zurich;Train;67233;1099.3;19454.5;3;1733.7;16.05.2017
MoveIt;Paris;Train;6415;593.1;3591.12;4;766.5;03.12.2021
RoadRunner;Dresden;Truck;12301;260.1;5153.48;3;77.5;23.03.2016
FastMove;Warsaw;Truck;23024;1157.2;11960.04;4;487.0;22.10.2017
RailCargo;Brussels;Ship;173562;5189.8;21145.52;17;50064.2;20.06.2021
RailCargo;Warsaw;Train;60001;682.2;11876.52;4;988.2;18.12.2020
CargoOne;Berlin;Ship;224462;1864.1;20192.9;8;13648.2;16.06.2025
EuroTrans;Prague;Truck;17962;431.7;7374.79;3;176.1;06.06.2020
CargoBridge;Dresden;Ship;78875;5971.5;43832.86;22;53217.7;29.08.2022
HeavyLift;Dresden;Truck;211;400.8;5486.6;2;122.6;27.05.2020
QuickCargo;Dresden;Plane;13035;4252.1;83185.82;4;31049.8;06.08.2020
GlobalFreight;Dresden;Truck;4770;362.1;3435.3;3;136.6;29.05.2024
RailCargo;Frankfurt;Train;77790;1622.9;14223.55;6;3096.8;15.02.2018
GlobalFreight;Frankfurt;Truck;9713;569.7;3565.94;4;156.5;21.05.2025
EuroTrans;Hamburg;Truck;156;1074.1;5116.58;4;401.5;25.09.2018
NorthWind;Vienna;Plane;4135;3697.8;109835.93;3;26978.1;03.06.2024
HeavyLift;Frankfurt;Truck;19843;388.8;9527.64;2;153.8;30.04.2025
CargoBridge;Vienna;Plane;13181;2752.7;92422.72;3;32190.7;19.01.2025
CargoOne;Ljubljana;Truck;20146;531.7;8880.05;2;144.9;01.04.2019
CargoOne;Budapest;Train;39757;1233.9;22053.41;3;1420.3;22.12.2016
TransMax;Zagreb;Truck;21306;525.9;12034.57;2;170.8;09.02.2017
MoveIt;Vienna;Ship;45106;1557.0;11537.66;7;11899.0;02.04.2021
CargoBridge;Zagreb;Train;52285;2035.3;18253.02;5;3075.5;30.08.2024
SkyCargo;Paris;Train;46852;1066.4;10486.32;4;1983.5;28.04.2015
EuroTrans;Dresden;Train;18785;604.8;13799.62;2;672.7;11.04.2019
RailCargo;Berlin;Plane;10070;2238.5;115592.88;2;23432.6;24.06.2018
EuroTrans;Dresden;Train;70310;559.5;5003.88;5;993.9;20.09.2017
FastMove;Amsterdam;Ship;288322;2006.4;16162.32;11;22694.5;12.09.2024
EuroTrans;Hamburg;Train;27761;2311.3;11616.51;7;4513.6;03.06.2016
TransMax;Ljubljana;Plane;8951;4619.3;99678.39;4;42432.0;16.10.2018
EuroTrans;Zagreb;Truck;12459;582.2;3847.82;4;216.3;27.03.2025
ShipLine;Ljubljana;Train;57861;2111.7;6803.54;7;4625.8;08.01.2021
BlueLogistics;Amsterdam;Truck;20910;778.3;6139.92;4;277.2;01.03.2017
NorthWind;Budapest;Ship;242458;6929.9;26333.29;19;67272.7;22.05.2017
GlobalFreight;Frankfurt;Truck;7204;721.6;9439.78;2;178.0;04.07.2022
MoveIt;Budapest;Truck;14735;446.0;5176.49;4;112.9;21.06.2015
TransMax;Budapest;Truck;13502;438.4;5312.95;3;164.7;28.06.2021
TransMax;Ljubljana;Ship;25278;7878.1;43086.68;19;30541.6;29.07.2024
FastMove;Milan;Ship;154678;3833.5;19324.62;13;32264.0;28.10.2023
MoveIt;Paris;Truck;9177;61.7;3447.25;2;24.5;07.08.2020
QuickCargo;Amsterdam;Truck;20484;868.4;6148.33;4;383.8;14.09.2018
GlobalFreight;Dresden;Truck;1000;842.9;11284.12;2;300.2;23.11.2021
HeavyLift;Paris;Train;37075;1563.5;6376.47;6;2345.0;18.02.2022
SkyCargo;Paris;Truck;23590;147.9;15696.76;1;64.1;12.10.2022
FastMove;Amsterdam;Train;12442;1360.5;7127.38;6;1726.8;04.10.2019
SkyCargo;Berlin;Truck;2530;1070.8;10107.44;3;353.0;13.06.2017
BlueLogistics;Ljubljana;Truck;10734;979.3;9155.95;3;234.6;09.11.2016
SkyCargo;Ljubljana;Truck;12533;416.6;7966.24;2;133.1;12.04.2025
RoadRunner;Zurich;Truck;18673;618.8;7764.85;3;225.8;04.11.2018
GlobalFreight;Amsterdam;Train;74312;1089.5;9519.78;5;1569.2;25.10.2024
CargoBridge;Zurich;Ship;185865;4825.9;24254.49;20;43417.3;21.01.2025
GlobalFreight;Budapest;Ship;242571;1244.3;13816.06;13;12527.1;09.09.2023
TransMax;Vienna;Truck;2248;410.3;2382.81;3;137.6;13.03.2019
ShipLine;Zurich;Train;8369;935.2;6973.01;5;844.6;27.01.2022
RailCargo;Bratislava;Truck;23991;79.6;4004.97;3;24.3;05.03.2023
GlobalFreight;Amsterdam;Truck;5572;1127.8;6645.99;5;304.3;16.11.2022
EuroTrans;Hamburg;Plane;4764;2900.8;41940.51;3;32475.3;22.12.2016
TransMax;Vienna;Ship;194633;7288.5;40035.24;22;64915.3;15.07.2021
RoadRunner;Berlin;Train;63211;849.3;12378.04;4;1296.8;27.08.2017
CargoBridge;Budapest;Truck;2879;517.6;5373.38;3;163.9;15.04.2017
TransMax;Zurich;Train;31069;1878.7;13106.53;4;2884.5;27.05.2017
RoadRunner;Brussels;Train;56535;2252.7;13056.59;6;2953.7;10.06.2016
FastMove;Warsaw;Truck;20341;939.3;7219.97;3;369.2;05.07.2017
CargoOne;Vienna;Truck;18415;1038.2;11531.14;3;386.9;10.02.2021
NorthWind;Frankfurt;Train;54523;1530.3;14526.08;4;2401.6;17.03.2016
NorthWind;Berlin;Train;28937;361.2;12364.93;2;509.1;27.04.2017
FastMove;Ljubljana;Plane;7082;1784.3;51755.3;3;18425.6;02.12.2025
CargoBridge;Vienna;Plane;14081;967.9;59665.61;2;11337.0;16.04.2016
CargoBridge;Frankfurt;Ship;23751;4249.8;15881.68;13;35861.3;07.10.2023
EuroTrans;Prague;Ship;147832;7899.9;39832.45;25;47867.9;12.07.2020
FastMove;Bratislava;Ship;209913;4218.2;27397.06;13;42424.1;20.11.2022
EuroTrans;Milan;Train;20426;1701.9;15770.3;4;3027.2;04.06.2019
CargoOne;Hamburg;Train;66537;2407.3;17603.61;7;3350.6;14.12.2025
TransMax;Berlin;Truck;14451;1072.1;7825.09;5;453.5;06.06.2021
RoadRunner;Copenhagen;Ship;227573;2281.6;13330.45;10;18357.0;24.02.2018
RailCargo;Copenhagen;Truck;23502;745.3;12134.58;2;310.2;30.04.2015
ShipLine;Warsaw;Train;1666;932.0;6921.5;5;1297.8;10.05.2022
CargoOne;Dresden;Truck;7134;337.1;6014.52;2;126.7;22.12.2024
SkyCargo;Zagreb;Truck;17800;1063.9;8657.89;4;381.6;23.09.2017
ShipLine;Paris;Train;76229;212.0;9942.86;3;320.9;27.01.2021
MoveIt;Budapest;Train;44758;1465.9;13555.04;5;2186.8;15.12.2021
TransMax;Warsaw;Ship;17544;7674.7;43216.87;24;66704.4;04.06.2023
BlueLogistics;Brussels;Truck;6806;694.9;5587.25;3;215.9;13.02.2022
BlueLogistics;Budapest;Plane;553;3425.4;69204.68;3;23023.6;28.06.2018
RailCargo;Brussels;Ship;230825;2769.0;17015.24;14;30377.7;04.07.2020
TransMax;Vienna;Truck;3511;510.4;3123.66;3;139.8;25.06.2019
CargoOne;Warsaw;Truck;209;640.4;5243.62;3;141.3;22.11.2015
GlobalFreight;Ljubljana;Truck;10260;179.7;2787.07;3;64.8;16.01.2021
RailCargo;Warsaw;Truck;1067;494.7;1786.22;4;178.8;12.11.2016
RailCargo;Prague;Ship;146355;3260.2;18708.89;12;21410.9;13.08.2020
BlueLogistics;Copenhagen;Train;30839;787.6;5729.5;4;882.7;03.04.2018
CargoBridge;Bratislava;Train;44797;924.0;7729.42;5;1376.9;06.02.2015
BlueLogistics;Prague;Ship;221878;1467.6;11262.57;11;8871.3;22.06.2017
SkyCargo;Copenhagen;Ship;145014;4195.4;30867.44;16;36050.8;04.08.2023
ShipLine;Hamburg;Truck;17583;659.9;6344.26;3;264.0;24.05.2024
NorthWind;Ljubljana;Truck;6396;958.5;7693.77;3;346.9;29.08.2022
CargoBridge;Milan;Truck;6242;180.5;3792.29;2;62.4;04.09.2023
CargoOne;Amsterdam;Truck;8303;656.8;6753.82;3;171.9;13.03.2020
CargoOne;Prague;Train;64333;597.3;7590.56;5;963.6;17.12.2022
FastMove;Zurich;Ship;191331;5076.2;30276.03;14;43612.9;17.04.2018
EuroTrans;Vienna;Plane;7818;4633.7;81525.91;4;50644.2;28.04.2020
GlobalFreight;Munich;Train;15212;2424.6;16393.55;6;4471.7;21.01.2023
MoveIt;Vienna;Train;36007;1227.7;14630.07;4;2025.7;30.07.2018
RoadRunner;Munich;Truck;13461;825.3;6953.27;4;283.9;14.03.2025
QuickCargo;Frankfurt;Train;6553;1852.4;13474.28;4;2397.2;28.02.2016
EuroTrans;Zurich;Train;53588;977.0;9635.51;5;1895.0;19.10.2024
TransMax;Zurich;Train;38303;406.7;16241.61;2;729.2;01.10.2017
GlobalFreight;Milan;Ship;289070;6467.7;32396.91;16;46375.4;16.04.2020
QuickCargo;Milan;Ship;295872;5540.7;48700.72;13;39934.2;27.08.2018
RailCargo;Bratislava;Train;62412;2386.3;16211.22;5;3223.6;05.03.2023
QuickCargo;Vienna;Ship;250756;7030.2;46410.23;23;67197.3;26.10.2015
CargoBridge;Prague;Truck;3850;713.4;3491.68;4;167.1;08.11.2017
RailCargo;Vienna;Plane;14048;5996.5;106475.81;5;43747.6;27.05.2018
EuroTrans;Zurich;Ship;275627;4324.2;40298.77;18;47151.7;26.01.2017
BlueLogistics;Zagreb;Plane;4810;4180.1;104183.43;4;48124.7;20.08.2015
ShipLine;Dresden;Train;19771;478.3;7582.79;3;536.1;03.06.2023
NorthWind;Dresden;Ship;90681;4764.3;30412.65;18;30224.2;22.11.2021
RailCargo;Copenhagen;Truck;17782;72.5;6113.7;2;30.7;30.05.2017
MoveIt;Milan;Truck;13239;521.3;4098.45;3;190.0;16.01.2023
CargoOne;Prague;Truck;15529;1192.0;12643.48;3;462.5;05.01.2020
CargoOne;Amsterdam;Truck;17342;943.2;7274.91;4;370.8;26.07.2023
RailCargo;Amsterdam;Truck;23194;623.5;13197.75;2;281.1;28.08.2020
HeavyLift;Budapest;Train;64949;1790.6;16747.64;6;3273.1;21.12.2016
RoadRunner;Brussels;Truck;9434;1030.3;5606.61;4;288.4;29.06.2016
RailCargo;Zagreb;Truck;2992;828.5;4549.37;4;250.0;28.07.2021
HeavyLift;Zagreb;Truck;1372;452.5;3462.84;2;119.8;31.01.2017
RailCargo;Munich;Truck;7447;1190.4;11064.66;3;294.4;19.02.2025
HeavyLift;Milan;Truck;14576;1115.4;13202.84;3;279.3;05.03.2020
TransMax;Bratislava;Ship;204804;1082.4;10266.35;7;6026.0;31.08.2016
HeavyLift;Ljubljana;Truck;4053;600.4;5951.35;2;204.7;12.06.2021
RoadRunner;Prague;Truck;6929;968.3;7752.13;3;377.1;06.03.2017
EuroTrans;Zagreb;Truck;8499;299.7;9650.96;1;97.2;03.09.2023
TransMax;Frankfurt;Truck;7229;210.8;3995.6;2;53.9;22.02.2016
CargoOne;Amsterdam;Ship;32895;5965.7;28184.7;13;44662.3;25.10.2017
CargoBridge;Berlin;Truck;8802;562.6;9654.42;2;152.6;02.02.2022
NorthWind;Dresden;Ship;284642;4505.4;34323.68;13;37116.2;14.01.2019
NorthWind;Zagreb;Ship;11627;5306.7;18899.68;14;23514.0;21.12.2022
NorthWind;Milan;Ship;64596;5747.0;37862.57;17;35469.1;08.01.2025
NorthWind;Copenhagen;Truck;11733;1020.8;9277.54;3;377.8;27.06.2020
NorthWind;Dresden;Ship;87492;4137.7;17937.02;14;16781.0;28.03.2024
ShipLine;Hamburg;Train;79475;2478.9;16238.94;6;4772.8;13.10.2025
EuroTrans;Frankfurt;Plane;13172;1673.6;76420.44;2;13895.7;03.04.2020
CargoBridge;Frankfurt;Ship;47101;5679.6;23034.08;19;20492.9;13.03.2019
TransMax;Brussels;Plane;12789;4888.3;73719.82;3;56214.7;11.06.2019
RailCargo;Brussels;Ship;279731;6102.4;27651.21;17;59949.2;03.07.2017
HeavyLift;Zagreb;Truck;9809;157.7;2511.49;3;53.1;10.04.2021
RoadRunner;Milan;Train;627;404.8;4903.86;2;461.3;11.04.2019
EuroTrans;Budapest;Truck;13171;455.3;7724.03;2;166.5;26.08.2019
BlueLogistics;Bratislava;Train;38383;2309.0;18614.76;4;3796.5;17.03.2018
RailCargo;Milan;Truck;12108;811.9;7183.63;3;263.8;08.08.2015
EuroTrans;Vienna;Truck;15376;218.4;4631.76;3;69.8;29.11.2025
EuroTrans;Milan;Train;60950;1710.7;16961.2;4;3355.7;17.04.2017
HeavyLift;Frankfurt;Truck;19658;698.9;6643.61;4;239.2;04.07.2021
FastMove;Berlin;Train;68578;895.4;15360.03;4;1821.5;01.05.2017
MoveIt;Budapest;Truck;14706;399.8;6010.95;3;139.7;14.06.2022
ShipLine;Frankfurt;Truck;9205;467.5;8989.35;2;191.3;29.11.2021
NorthWind;Prague;Train;54873;1340.0;16873.07;4;2880.0;28.02.2022
SkyCargo;Warsaw;Truck;16133;452.6;7022.93;3;173.2;14.05.2024
HeavyLift;Bratislava;Plane;11303;4860.3;76271.19;5;39581.0;22.08.2015
QuickCargo;Paris;Truck;1032;1134.9;5174.66;4;310.3;15.03.2021
BlueLogistics;Ljubljana;Train;59398;2256.0;18060.67;6;4148.6;26.08.2017
ShipLine;Bratislava;Truck;1472;353.6;2223.31;3;98.1;16.06.2015
RailCargo;Munich;Train;31923;332.8;13082.72;2;632.3;17.05.2019
HeavyLift;Copenhagen;Ship;91717;7656.6;54177.13;18;40204.2;25.10.2017
SkyCargo;Copenhagen;Train;15192;606.6;8754.96;2;616.3;21.08.2017
SkyCargo;Ljubljana;Truck;1524;649.3;6425.59;2;234.6;16.10.2019
CargoOne;Zurich;Train;63013;334.8;12549.55;3;573.8;15.07.2021
FastMove;Vienna;Truck;3844;264.2;2977.2;3;58.3;25.02.2024
NorthWind;Copenhagen;Train;72753;2451.8;16161.53;7;5040.4;28.02.2022
RoadRunner;Berlin;Truck;4068;1002.8;5836.89;3;322.9;23.06.2024
SkyCargo;Brussels;Train;666;1721.5;10203.73;4;1770.4;06.08.2023
MoveIt;Prague;Truck;15841;439.5;8874.31;2;152.1;08.05.2015
FastMove;Munich;Ship;249159;6636.7;56817.1;15;58027.7;26.04.2019
QuickCargo;Vienna;Train;76311;1597.4;20961.91;4;3651.1;29.05.2015
CargoBridge;Milan;Truck;22064;711.9;6993.63;4;298.6;14.08.2019
SkyCargo;Ljubljana;Truck;21685;548.1;8300.6;3;196.9;04.11.2021
EuroTrans;Hamburg;Train;73703;1927.8;18501.85;6;4447.4;12.03.2015
ShipLine;Warsaw;Train;77962;392.6;12763.5;2;862.7;19.06.2021
GlobalFreight;Munich;Plane;14299;731.5;33438.1;2;9003.5;01.08.2025
MoveIt;Hamburg;Truck;15489;827.7;6885.4;3;286.1;13.01.2020
HeavyLift;Dresden;Truck;2287;509.3;5278.75;3;187.9;06.11.2023
QuickCargo;Budapest;Train;8304;1694.2;10887.33;6;2463.7;25.10.2019
GlobalFreight;Zagreb;Train;15950;586.4;6111.26;4;567.5;31.01.2025
FastMove;Budapest;Ship;125597;5915.3;37840.27;21;46987.9;31.08.2015
EuroTrans;Paris;Truck;16695;1056.0;6791.25;5;380.4;02.11.2023
EuroTrans;Amsterdam;Truck;21766;377.2;10369.15;2;132.0;15.10.2021
MoveIt;Warsaw;Ship;207848;7146.6;41388.83;21;60766.1;04.11.2025
HeavyLift;Milan;Truck;2183;237.8;4820.77;1;51.4;26.10.2020
FastMove;Copenhagen;Ship;296922;6387.0;53181.41;21;47827.5;01.06.2024
CargoOne;Dresden;Train;65978;1791.1;14726.19;6;2778.9;25.08.2017
HeavyLift;Brussels;Train;74691;806.3;10062.75;5;1120.8;07.02.2024
MoveIt;Paris;Ship;23209;7364.4;57292.34;19;29621.9;20.06.2019
RailCargo;Dresden;Truck;17953;761.0;6759.01;4;245.5;03.08.2016
RoadRunner;Bratislava;Truck;20322;214.5;6460.1;3;68.6;18.04.2022
ShipLine;Brussels;Truck;22151;1025.2;8710.91;4;379.2;13.10.2021
FastMove;Milan;Truck;9411;160.1;3552.14;2;52.2;17.04.2018
NorthWind;Copenhagen;Ship;12509;3105.2;20146.04;9;24279.6;17.01.2024
ShipLine;Copenhagen;Truck;12729;922.3;7025.75;3;343.0;15.02.2017
HeavyLift;Frankfurt;Truck;13157;979.1;6162.81;5;343.5;19.08.2019
ShipLine;Berlin;Truck;5207;475.0;3587.0;4;167.0;09.10.2016
FastMove;Milan;Ship;74277;4380.1;17443.48;12;35231.6;04.01.2017
BlueLogistics;Paris;Truck;12838;1002.0;5287.24;5;243.4;24.05.2024
RoadRunner;Zurich;Train;59825;2220.7;19697.58;5;3576.8;07.09.2016
CargoOne;Milan;Plane;5434;5434.0;134301.05;4;34441.4;02.03.2019
CargoBridge;Brussels;Truck;20486;754.5;6593.65;3;292.6;19.01.2023
QuickCargo;Warsaw;Truck;4863;148.0;2525.87;3;47.4;15.07.2017
QuickCargo;Warsaw;Ship;44376;2795.6;22690.63;10;10146.8;11.06.2020
SkyCargo;Amsterdam;Truck;6499;1093.0;8004.26;4;367.2;19.07.2023
SkyCargo;Budapest;Train;19975;898.6;12939.71;3;956.6;15.01.2016
BlueLogistics;Zagreb;Train;68270;1501.5;12223.25;3;2133.7;21.08.2022
RoadRunner;Copenhagen;Truck;13432;407.3;9542.87;2;133.7;18.11.2019
TransMax;Hamburg;Train;62558;1031.7;14643.34;4;1600.6;06.06.2016
RailCargo;Hamburg;Ship;279034;2963.7;31085.51;16;19716.2;28.03.2024
NorthWind;Budapest;Truck;6134;389.7;4438.42;2;108.5;23.03.2020
SkyCargo;Dresden;Ship;178601;4785.5;25426.44;11;30068.1;04.04.2023
SkyCargo;Munich;Train;1432;1285.0;5931.37;6;1609.0;01.04.2019
QuickCargo;Berlin;Train;65399;1442.8;18474.9;4;2881.6;09.02.2023
NorthWind;Budapest;Truck;6852;593.5;7177.47;2;222.2;25.03.2021
GlobalFreight;Hamburg;Truck;23293;943.7;9692.89;3;283.8;08.06.2024
HeavyLift;Vienna;Truck;7254;1147.9;5908.54;3;426.6;10.02.2018
CargoBridge;Zurich;Truck;19628;729.5;8745.05;3;233.8;12.06.2025
BlueLogistics;Hamburg;Truck;15740;965.1;10492.24;3;264.9;07.03.2024
BlueLogistics;Bratislava;Ship;91312;7516.4;41280.93;21;67385.4;31.05.2023
CargoOne;Hamburg;Ship;159399;2978.3;19355.89;11;24397.9;11.11.2022
GlobalFreight;Dresden;Train;70057;1641.9;17713.82;5;2327.8;08.08.2015
QuickCargo;Budapest;Truck;5078;708.6;5894.98;3;186.3;18.06.2017
SkyCargo;Budapest;Truck;1525;381.7;1477.17;4;92.8;27.07.2017
MoveIt;Paris;Truck;14434;97.1;13643.12;1;32.0;17.03.2023
CargoBridge;Frankfurt;Truck;15232;505.8;9881.03;2;169.8;24.02.2020
CargoOne;Amsterdam;Truck;11625;522.8;6729.78;3;125.2;16.01.2023
EuroTrans;Munich;Ship;86083;4757.3;35529.01;12;45970.5;04.06.2016
FastMove;Hamburg;Ship;286639;4424.8;25714.95;12;40708.0;14.10.2019
HeavyLift;Hamburg;Train;1954;654.4;3379.53;5;1005.5;27.05.2024
RailCargo;Munich;Train;53229;284.4;6368.24;3;616.0;14.12.2018
BlueLogistics;Warsaw;Truck;8721;340.2;6224.81;2;98.8;06.11.2024
SkyCargo;Vienna;Truck;10184;649.0;3862.4;4;245.1;06.12.2017
EuroTrans;Warsaw;Truck;7751;497.1;4948.86;3;173.3;11.06.2018
SkyCargo;Amsterdam;Ship;282362;2617.4;25092.87;8;26067.7;19.05.2025
GlobalFreight;Dresden;Ship;140271;5910.2;37074.09;14;48101.3;02.05.2025
FastMove;Hamburg;Ship;211505;3752.8;25472.93;12;30376.4;29.10.2020
ShipLine;Zagreb;Truck;11875;703.1;4751.19;4;222.3;01.01.2016
ShipLine;Bratislava;Plane;5689;901.4;87174.85;1;10327.1;26.04.2022
SkyCargo;Zurich;Truck;4318;954.6;4905.69;3;309.1;11.07.2024
RailCargo;Warsaw;Truck;3129;81.7;2583.1;1;20.5;04.11.2025
CargoOne;Zurich;Truck;13573;911.8;3610.18;5;305.6;24.07.2021
RoadRunner;Prague;Truck;17239;1043.6;8012.73;5;287.0;05.03.2025
MoveIt;Bratislava;Ship;14724;5869.1;41518.68;16;40615.8;19.09.2025
FastMove;Paris;Plane;8708;3146.6;85628.37;3;19975.9;10.04.2019
ShipLine;Amsterdam;Truck;1248;258.7;1899.41;2;71.2;04.03.2017
ShipLine;Munich;Truck;5733;307.3;8982.01;1;95.5;31.12.2025
EuroTrans;Bratislava;Plane;7703;3912.5;122431.82;3;46702.8;25.08.2022
ShipLine;Hamburg;Truck;15349;1057.9;9427.21;3;287.7;28.01.2016
MoveIt;Ljubljana;Train;24471;672.9;6053.93;4;1233.8;03.10.2019
SkyCargo;Paris;Truck;17614;684.6;4746.14;4;261.7;28.05.2025
TransMax;Frankfurt;Truck;6618;745.7;6088.79;4;232.8;22.04.2024
MoveIt;Zurich;Ship;106998;7632.0;35920.74;25;49869.9;20.11.2016
RailCargo;Hamburg;Truck;16197;505.0;6717.38;3;208.7;01.06.2019
TransMax;Bratislava;Train;51257;1392.0;13849.27;4;2009.6;18.12.2019
QuickCargo;Vienna;Truck;7868;1018.3;6687.56;3;311.6;28.05.2015
QuickCargo;Budapest;Truck;7958;940.9;8573.43;3;241.9;22.01.2018
NorthWind;Frankfurt;Train;30252;924.1;10489.07;4;1188.0;10.01.2024
MoveIt;Milan;Truck;1116;1046.9;2633.01;5;304.1;03.06.2017
BlueLogistics;Dresden;Truck;6226;513.4;5991.6;2;169.4;25.05.2018
QuickCargo;Frankfurt;Truck;1006;1106.6;3742.27;4;316.4;30.01.2018
FastMove;Milan;Truck;7207;1061.9;6508.88;3;427.0;28.02.2016
CargoOne;Budapest;Truck;17514;644.0;7648.0;3;233.8;14.05.2025
RailCargo;Ljubljana;Truck;22714;541.1;7744.48;4;226.0;12.05.2023
CargoOne;Amsterdam;Truck;4522;1035.7;5641.62;5;259.4;19.12.2017
FastMove;Paris;Train;75940;1999.9;9881.51;5;4370.3;03.01.2017
NorthWind;Zagreb;Truck;17525;605.4;9672.13;2;251.7;14.12.2025
SkyCargo;Bratislava;Train;74658;1261.4;9024.05;5;1970.5;11.05.2024
CargoOne;Brussels;Truck;10582;339.4;6865.27;2;119.9;03.12.2020
RoadRunner;Hamburg;Ship;185322;965.1;10338.93;11;9134.1;30.01.2017
TransMax;Ljubljana;Truck;17346;514.0;6530.52;3;172.6;20.02.2022
MoveIt;Dresden;Train;21461;475.4;9053.25;3;570.5;03.09.2024
BlueLogistics;Warsaw;Truck;8358;615.8;5463.52;3;211.8;16.07.2022
FastMove;Hamburg;Plane;6757;1866.5;45099.73;3;16839.9;24.09.2023
CargoOne;Zagreb;Train;53513;1944.5;16427.77;6;3042.6;30.12.2017
CargoOne;Zagreb;Truck;6766;573.3;3383.38;4;197.8;06.01.2018
SkyCargo;Hamburg;Ship;276342;2441.6;20396.77;15;19217.9;07.09.2018
NorthWind;Zurich;Train;38649;216.6;5021.98;4;370.4;21.11.2021
CargoOne;Hamburg;Truck;16632;569.4;11789.78;2;213.4;03.10.2017
QuickCargo;Vienna;Truck;10719;905.8;4878.08;4;295.5;30.12.2017
CargoBridge;Berlin;Train;41846;1715.7;8633.64;6;2919.2;24.11.2025
NorthWind;Berlin;Truck;14327;1070.6;8735.37;3;402.7;03.01.2022
TransMax;Berlin;Truck;6823;465.8;4115.16;4;158.2;15.09.2021
NorthWind;Copenhagen;Truck;19723;301.8;6388.11;3;89.2;25.06.2019
GlobalFreight;Bratislava;Plane;500;5881.6;72758.92;4;56259.5;11.01.2024
TransMax;Berlin;Ship;114303;5714.8;25800.64;21;24559.7;31.10.2021
GlobalFreight;Hamburg;Truck;10744;1172.9;8233.67;3;338.3;17.12.2020
EuroTrans;Berlin;Ship;206593;5788.6;47593.61;21;33711.8;21.10.2024
FastMove;Berlin;Train;7828;2293.1;9909.65;7;2763.9;09.06.2017
CargoBridge;Frankfurt;Truck;15956;920.0;7202.38;4;379.5;24.05.2023
EuroTrans;Bratislava;Ship;176660;3172.5;17677.14;10;30918.6;04.10.2016
ShipLine;Budapest;Ship;275123;2152.1;13246.55;14;18014.7;25.12.2018
MoveIt;Warsaw;Train;47992;624.7;11362.1;3;1016.4;24.11.2020
NorthWind;Vienna;Truck;1394;439.2;3435.29;2;163.9;24.02.2023
MoveIt;Paris;Ship;268091;2685.0;21585.05;12;16917.6;12.12.2022
TransMax;Zurich;Train;15590;848.0;6849.35;5;1494.4;11.07.2016
NorthWind;Bratislava;Truck;1395;868.6;5868.15;3;229.7;05.09.2021
CargoBridge;Milan;Truck;22914;455.1;6377.96;3;202.3;23.09.2020
FastMove;Berlin;Train;20494;1837.2;10439.2;5;3177.7;26.01.2020
NorthWind;Zagreb;Plane;9431;1993.3;75834.88;3;17634.8;07.06.2017
SkyCargo;Ljubljana;Truck;19278;381.7;6695.79;3;117.9;11.03.2015
ShipLine;Berlin;Train;48234;2210.6;16369.47;6;3196.4;08.04.2023
RailCargo;Ljubljana;Ship;60324;7438.6;48743.36;19;32720.0;24.09.2019
NorthWind;Zagreb;Truck;19256;429.4;12441.2;2;183.1;01.11.2019
ShipLine;Bratislava;Train;49731;2019.8;20811.23;5;3949.2;03.07.2020
EuroTrans;Zagreb;Truck;2106;276.9;2966.55;3;98.0;07.04.2017
HeavyLift;Warsaw;Truck;1669;1118.2;6973.22;3;286.8;12.11.2023
HeavyLift;Milan;Truck;11962;1157.9;7581.86;5;444.8;05.04.2021
NorthWind;Hamburg;Truck;21612;963.5;8640.69;4;430.4;10.08.2015
SkyCargo;Milan;Ship;53055;2971.0;20570.07;8;17929.4;22.11.2015
ShipLine;Vienna;Truck;15501;429.1;5365.04;3;167.2;15.02.2020
RoadRunner;Amsterdam;Truck;1564;689.4;5019.2;4;217.9;30.06.2022
NorthWind;Brussels;Truck;17012;712.1;5387.88;4;252.8;27.12.2015
CargoOne;Milan;Truck;6502;926.8;4829.73;4;220.9;29.06.2015
EuroTrans;Copenhagen;Truck;23255;87.9;11253.96;1;35.1;26.05.2021
RailCargo;Amsterdam;Truck;129;98.9;1063.63;2;35.7;25.10.2020
EuroTrans;Vienna;Train;69733;1614.4;14296.54;4;3673.7;24.06.2023
RailCargo;Ljubljana;Truck;8994;335.7;4407.9;3;125.8;09.05.2018
SkyCargo;Vienna;Truck;13313;264.3;6638.48;2;87.5;11.06.2018
HeavyLift;Prague;Truck;6411;795.5;5783.9;4;285.6;14.11.2019
RailCargo;Amsterdam;Truck;10773;952.6;6387.59;4;341.9;02.08.2024
HeavyLift;Bratislava;Train;51378;588.2;13823.94;3;1087.6;22.04.2019
MoveIt;Hamburg;Plane;11540;3629.7;86739.86;3;26067.2;11.07.2019
HeavyLift;Budapest;Truck;5050;371.0;3185.87;3;133.4;25.03.2021
RoadRunner;Copenhagen;Truck;12783;1148.4;8276.63;4;416.6;23.01.2025
FastMove;Dresden;Truck;4830;210.0;4112.73;2;74.6;12.07.2016
HeavyLift;Copenhagen;Train;7375;516.0;8550.17;2;548.6;10.01.2018
CargoOne;Copenhagen;Train;67960;347.9;16412.2;3;775.7;22.10.2025
GlobalFreight;Zagreb;Train;35299;318.4;6245.36;4;443.4;22.12.2024
GlobalFreight;Ljubljana;Train;49237;1699.0;10684.88;6;2768.8;10.08.2015
CargoBridge;Milan;Truck;4367;1027.2;4497.09;5;338.2;02.03.2022
HeavyLift;Bratislava;Truck;7396;526.4;6526.2;2;121.7;15.11.2019
GlobalFreight;Hamburg;Ship;98098;6557.4;25547.13;14;37587.1;02.11.2019
ShipLine;Bratislava;Truck;12130;164.7;9420.87;1;47.0;30.05.2021
SkyCargo;Milan;Train;45107;1712.0;9998.98;5;3022.8;22.07.2024
SkyCargo;Paris;Truck;8671;150.7;3181.61;3;59.2;12.08.2020
MoveIt;Zagreb;Ship;112380;3757.4;25916.1;11;26540.8;28.09.2023
HeavyLift;Budapest;Truck;101;680.2;5438.72;3;248.9;19.11.2025
FastMove;Zagreb;Truck;4208;468.2;3800.63;3;144.8;04.05.2022
TransMax;Zurich;Train;47928;1963.2;14678.11;6;2317.3;20.11.2022
EuroTrans;Milan;Train;15319;1187.2;10055.69;5;1342.1;04.03.2017
CargoOne;Zurich;Plane;7949;534.3;29275.36;2;6592.1;14.06.2015
RailCargo;Vienna;Truck;4635;913.8;6622.38;3;287.3;30.06.2025
BlueLogistics;Ljubljana;Truck;7888;1198.1;4529.49;5;304.5;01.06.2016
ShipLine;Zurich;Truck;13608;150.0;4677.63;2;46.3;04.04.2017
RailCargo;Vienna;Plane;5586;5824.1;61559.91;5;50520.8;20.09.2018
GlobalFreight;Budapest;Truck;1824;1131.2;7737.63;4;315.6;12.08.2016
ShipLine;Paris;Truck;11723;58.9;3506.09;3;23.0;02.03.2021
ShipLine;Berlin;Truck;15200;53.2;2312.19;3;20.7;10.11.2020
FastMove;Copenhagen;Truck;6689;841.4;4926.41;4;334.2;10.06.2021
TransMax;Amsterdam;Ship;13754;7417.1;42336.86;21;39763.0;10.11.2022
GlobalFreight;Vienna;Ship;253030;3813.9;26494.09;17;41604.3;26.08.2024
FastMove;Frankfurt;Truck;5838;220.1;4673.71;2;58.8;16.01.2022
CargoBridge;Paris;Train;19201;1519.1;12720.85;5;1896.7;23.09.2015
GlobalFreight;Zurich;Train;41926;275.4;9467.94;2;474.0;04.02.2019
QuickCargo;Amsterdam;Truck;7852;529.1;9018.64;2;165.6;03.03.2017
ShipLine;Berlin;Truck;9284;992.6;7025.57;3;367.0;13.01.2020
CargoOne;Budapest;Truck;8882;581.8;4845.49;3;145.2;19.10.2024
RoadRunner;Munich;Train;29856;1763.9;11053.26;6;3429.6;11.04.2020
FastMove;Ljubljana;Train;49535;2147.8;14122.41;5;2749.1;31.05.2015
GlobalFreight;Warsaw;Truck;22640;900.4;7450.1;4;286.8;23.08.2015
NorthWind;Milan;Train;77788;2252.7;23989.12;4;3968.9;17.01.2023
NorthWind;Vienna;Truck;12363;293.7;7076.74;2;97.3;21.11.2017
QuickCargo;Zurich;Truck;23556;452.9;8060.0;3;150.3;03.09.2016
QuickCargo;Paris;Train;48814;2342.2;18757.65;6;4286.3;13.09.2024
GlobalFreight;Prague;Train;2118;1101.5;6639.01;4;1868.8;24.07.2025
QuickCargo;Munich;Truck;5296;718.1;7887.13;3;254.5;17.05.2022
RailCargo;Vienna;Truck;704;551.5;4170.41;3;114.2;21.06.2017
RailCargo;Prague;Train;36982;356.4;6510.73;4;385.2;20.07.2015
CargoOne;Hamburg;Plane;6675;3247.8;77137.98;3;31119.4;30.06.2022
NorthWind;Frankfurt;Truck;16295;996.8;7877.1;4;268.7;28.10.2022
RailCargo;Frankfurt;Truck;3496;1152.7;7071.09;4;332.5;11.03.2025
RailCargo;Zurich;Truck;14782;1158.8;10810.1;3;355.2;14.12.2023
RoadRunner;Warsaw;Plane;2466;4995.9;187384.3;3;56883.5;18.04.2017
GlobalFreight;Copenhagen;Truck;18692;1116.6;8035.22;5;426.1;10.10.2023
NorthWind;Munich;Truck;11745;106.0;10050.13;1;34.3;20.11.2020
RailCargo;Zagreb;Truck;18105;672.5;11981.78;2;188.8;15.01.2020
HeavyLift;Zagreb;Truck;20176;324.6;7199.88;3;125.7;11.06.2018
BlueLogistics;Dresden;Truck;19012;494.6;4914.27;3;197.2;28.05.2015
MoveIt;Vienna;Train;50302;341.6;5311.02;4;547.6;31.01.2024
ShipLine;Warsaw;Train;77212;1507.8;9257.39;5;2397.3;12.01.2022
FastMove;Amsterdam;Ship;118639;4244.4;27010.2;10;34102.7;12.04.2023
QuickCargo;Zagreb;Truck;10912;320.7;5373.45;2;115.6;07.02.2018
TransMax;Dresden;Plane;8280;1894.7;55818.04;2;14036.1;14.06.2022
RoadRunner;Hamburg;Truck;14863;473.6;8743.44;2;201.2;24.06.2017
FastMove;Ljubljana;Train;44493;1374.6;8126.38;6;1569.5;09.09.2022
QuickCargo;Ljubljana;Truck;21295;921.7;15868.08;2;303.8;16.02.2023
ShipLine;Vienna;Truck;4163;284.4;2691.0;3;71.7;11.10.2017
SkyCargo;Vienna;Truck;11575;430.0;17608.11;1;148.1;25.07.2015
RoadRunner;Bratislava;Train;25154;1886.1;11514.0;5;3188.4;07.09.2019
EuroTrans;Bratislava;Truck;13384;713.1;9379.4;3;288.7;17.01.2024
SkyCargo;Dresden;Truck;18813;69.1;4559.31;3;21.0;21.01.2018
HeavyLift;Warsaw;Truck;562;874.4;7246.14;3;311.6;02.12.2017
RoadRunner;Hamburg;Truck;4973;1017.7;5598.35;3;395.9;18.10.2015
SkyCargo;Dresden;Ship;64571;5227.7;39697.63;14;23940.0;02.10.2017
GlobalFreight;Ljubljana;Plane;8681;2265.3;106141.22;2;21921.4;23.08.2018
QuickCargo;Zagreb;Truck;15059;266.9;7741.86;2;69.3;15.08.2019
HeavyLift;Munich;Truck;11005;397.2;3647.84;4;114.3;29.12.2016
FastMove;Amsterdam;Truck;12809;338.3;3491.74;3;124.5;11.03.2018
CargoOne;Zagreb;Ship;238215;1400.2;11253.66;8;10015.3;12.09.2015
CargoBridge;Paris;Ship;30998;2666.2;9720.74;14;9635.1;22.05.2025
RoadRunner;Frankfurt;Ship;236471;1354.3;8508.42;10;13553.1;30.06.2016
FastMove;Bratislava;Train;23741;1897.7;12107.87;4;2179.5;16.10.2018
RailCargo;Vienna;Truck;19952;97.8;6960.57;2;30.5;13.09.2025
CargoBridge;Paris;Truck;22139;270.5;6812.26;2;93.2;22.10.2020
GlobalFreight;Vienna;Truck;10519;545.8;6211.09;3;171.5;25.02.2023
ShipLine;Dresden;Truck;10837;118.5;6898.76;1;45.1;18.02.2024
RoadRunner;Warsaw;Train;37611;436.1;13466.91;2;726.1;03.04.2018
FastMove;Zurich;Truck;16867;146.7;4254.21;3;55.9;15.02.2017
RoadRunner;Warsaw;Truck;10583;243.7;13712.29;1;97.1;06.05.2015
FastMove;Ljubljana;Truck;1742;99.4;1244.29;2;29.5;07.12.2021
SkyCargo;Frankfurt;Plane;5983;2650.5;85856.86;3;25455.5;03.02.2017
TransMax;Warsaw;Truck;21939;493.4;9064.58;2;188.6;23.09.2025
HeavyLift;Warsaw;Plane;3155;5816.6;99051.61;5;60818.0;25.01.2016
FastMove;Hamburg;Truck;4552;411.8;6512.56;2;115.2;30.11.2016
CargoBridge;Amsterdam;Truck;23487;674.6;6348.59;4;276.0;29.03.2023
CargoBridge;Bratislava;Truck;15667;1134.1;7588.07;5;414.6;25.07.2016
GlobalFreight;Amsterdam;Plane;14456;5821.4;113813.42;4;50178.5;15.02.2024
ShipLine;Zagreb;Truck;4461;407.6;3976.06;3;141.3;31.05.2022
NorthWind;Dresden;Truck;14029;862.0;6386.17;4;353.9;10.11.2022
CargoBridge;Zagreb;Truck;1351;204.2;3010.89;2;54.2;01.08.2015
CargoOne;Amsterdam;Ship;199181;5832.5;43925.55;20;29768.1;16.09.2021
QuickCargo;Zagreb;Plane;13098;1295.5;49590.47;2;17578.4;19.11.2018
HeavyLift;Vienna;Truck;17477;982.4;7137.6;4;290.4;15.11.2019
TransMax;Amsterdam;Train;24785;933.8;12874.69;3;1534.7;28.05.2025
SkyCargo;Hamburg;Plane;11007;4064.6;82190.24;4;48397.5;14.10.2020
CargoOne;Zagreb;Ship;25830;6110.7;26386.77;16;43768.4;14.02.2020
TransMax;Amsterdam;Truck;12082;756.3;5463.48;3;191.4;27.06.2021
RoadRunner;Munich;Train;42279;1696.8;17271.29;4;3095.3;21.02.2024
ShipLine;Prague;Truck;23748;481.2;8925.72;3;213.9;21.05.2022
RoadRunner;Copenhagen;Truck;12432;448.5;5640.84;3;165.1;31.08.2017
SkyCargo;Prague;Ship;192906;7366.1;35117.7;16;70831.8;10.01.2019
HeavyLift;Munich;Truck;10955;476.4;8332.62;2;129.5;22.05.2015
QuickCargo;Paris;Train;13117;1007.3;8860.57;4;1114.6;21.05.2023
QuickCargo;Warsaw;Truck;10162;522.3;10810.8;2;185.4;23.10.2019
BlueLogistics;Copenhagen;Ship;10146;6085.8;19304.82;22;31113.7;30.08.2017
ShipLine;Budapest;Truck;13806;349.9;5598.56;3;116.7;26.09.2024
CargoOne;Hamburg;Ship;95433;6747.6;26454.2;16;60104.6;13.12.2019
FastMove;Frankfurt;Ship;125617;5507.7;39155.94;15;51885.2;20.07.2024
QuickCargo;Paris;Ship;67917;7670.4;54355.4;16;35641.0;30.09.2019
BlueLogistics;Zagreb;Ship;50969;2365.7;11556.21;10;20243.9;06.03.2016
CargoBridge;Prague;Plane;2673;3271.3;62100.64;4;18755.2;06.10.2023
RoadRunner;Bratislava;Train;31285;260.6;3148.89;4;408.4;27.11.2022
RailCargo;Zurich;Train;12647;1056.1;4944.8;5;1914.2;01.06.2018
FastMove;Bratislava;Truck;1542;150.3;3627.73;1;37.9;03.03.2021
ShipLine;Dresden;Truck;6327;961.4;8013.24;3;223.7;31.08.2024
CargoBridge;Prague;Truck;725;197.6;2396.22;2;62.9;14.02.2023
BlueLogistics;Zurich;Truck;13529;170.1;5235.75;2;68.4;07.06.2019
CargoOne;Vienna;Truck;6579;386.1;5577.41;2;109.1;28.05.2021
HeavyLift;Budapest;Truck;4858;593.2;4371.3;3;141.9;30.09.2019
TransMax;Ljubljana;Truck;12428;147.8;3848.65;3;37.7;29.12.2024
TransMax;Dresden;Plane;11739;3548.7;95032.85;3;44387.7;01.04.2023
ShipLine;Milan;Ship;256859;2367.7;23695.47;11;14270.9;11.12.2015
SkyCargo;Amsterdam;Train;21568;1679.4;10438.67;4;2466.1;23.04.2016
RoadRunner;Bratislava;Truck;13481;900.2;4219.88;5;351.5;12.02.2020
MoveIt;Amsterdam;Truck;22515;669.3;12893.24;2;300.0;30.06.2018
QuickCargo;Berlin;Truck;3554;778.7;5007.19;3;232.9;28.02.2017
CargoBridge;Warsaw;Ship;175545;4683.2;20993.01;13;33265.9;16.02.2018
MoveIt;Zurich;Train;76984;1964.6;19517.95;4;2865.4;30.07.2025
RailCargo;Amsterdam;Train;60280;2149.1;26343.36;4;4790.8;02.11.2015
TransMax;Milan;Truck;9195;692.8;9053.71;2;245.4;27.11.2018
QuickCargo;Paris;Ship;144974;5651.1;22720.94;15;50891.9;19.04.2025
SkyCargo;Brussels;Truck;16543;853.3;8462.91;4;300.4;05.11.2016
NorthWind;Budapest;Plane;12509;4894.8;76911.14;5;58002.1;21.06.2022
CargoOne;Bratislava;Truck;10219;919.5;8166.13;4;375.7;23.04.2018
RailCargo;Warsaw;Train;64958;1044.2;13302.53;4;1360.4;15.12.2024
CargoOne;Zurich;Train;11224;1140.4;7958.84;4;1301.5;31.05.2016
TransMax;Zurich;Truck;16354;1139.3;10865.02;3;343.0;15.04.2016
TransMax;Prague;Plane;7658;3261.4;60384.27;3;24909.2;12.07.2015
QuickCargo;Zurich;Train;4320;715.5;9234.99;3;691.9;31.08.2023
SkyCargo;Zagreb;Train;8343;789.6;4428.24;4;1185.7;21.07.2017
SkyCargo;Warsaw;Ship;267254;3984.6;26575.34;18;36311.8;20.10.2016
HeavyLift;Ljubljana;Truck;4021;1033.3;5678.26;3;394.4;11.10.2019
TransMax;Zurich;Truck;8710;334.6;3857.95;3;118.2;30.10.2023
FastMove;Munich;Truck;15602;733.9;11162.54;2;217.4;14.01.2018
BlueLogistics;Budapest;Truck;22418;488.5;9932.45;3;136.7;22.09.2022
GlobalFreight;Hamburg;Truck;21329;412.5;5234.33;3;127.1;23.03.2016
NorthWind;Vienna;Truck;935;1011.4;3167.35;4;210.5;07.04.2023
RailCargo;Hamburg;Truck;4263;88.0;3191.12;1;34.3;11.09.2024
RailCargo;Ljubljana;Train;48411;2376.3;12869.01;7;4095.8;05.10.2019
FastMove;Warsaw;Ship;168929;1582.4;13673.44;12;13318.0;28.03.2023
EuroTrans;Brussels;Ship;149290;1414.0;10635.25;13;9148.0;04.11.2024
GlobalFreight;Dresden;Plane;2104;2708.1;40993.26;3;26145.6;19.07.2024
RoadRunner;Zurich;Plane;3157;1506.3;53949.61;2;11827.9;25.11.2018
SkyCargo;Berlin;Train;44180;2382.7;11535.04;7;3104.1;21.05.2025
TransMax;Zagreb;Truck;23514;1053.8;10450.85;4;310.1;17.03.2024
ShipLine;Hamburg;Truck;9706;956.6;4429.06;5;283.9;09.07.2020
ShipLine;Zagreb;Truck;9011;945.4;5814.7;4;262.5;16.10.2019
HeavyLift;Berlin;Truck;18672;60.0;4746.52;2;21.3;15.11.2019
EuroTrans;Ljubljana;Truck;6862;469.8;5473.87;3;154.9;22.04.2021
GlobalFreight;Zurich;Train;76890;1073.6;20041.63;3;1608.2;31.03.2020
EuroTrans;Milan;Truck;6541;1174.4;7643.74;4;269.7;08.05.2024
RoadRunner;Amsterdam;Truck;8336;777.1;5861.59;3;238.6;16.01.2019
NorthWind;Warsaw;Train;16802;882.3;5977.83;4;1499.8;12.04.2022
MoveIt;Amsterdam;Train;77110;2450.6;23101.87;5;5029.4;25.11.2017
HeavyLift;Budapest;Truck;5138;709.2;3321.03;4;185.0;19.08.2021
CargoBridge;Bratislava;Train;44556;1869.6;14059.57;6;2693.1;23.12.2022
RoadRunner;Milan;Ship;65804;6077.9;41917.08;15;48677.0;20.10.2024
HeavyLift;Budapest;Truck;7540;172.4;9630.34;1;43.3;23.10.2016
BlueLogistics;Hamburg;Truck;4288;815.5;6056.4;3;189.8;20.12.2022
CargoOne;Bratislava;Plane;6400;2029.9;51608.29;2;17090.6;05.08.2017
SkyCargo;Vienna;Plane;5757;5806.5;160212.12;4;39011.6;21.01.2023
RoadRunner;Munich;Truck;9616;941.2;5850.28;4;275.8;14.06.2025
SkyCargo;Budapest;Truck;13812;1120.9;6322.01;4;436.1;27.07.2018
QuickCargo;Bratislava;Truck;20980;914.8;5947.6;5;322.2;10.12.2019
SkyCargo;Hamburg;Train;76320;1970.4;15323.13;4;4329.5;19.07.2016
RailCargo;Prague;Truck;2268;920.1;7343.47;3;339.0;25.10.2022
SkyCargo;Copenhagen;Plane;12919;3630.9;132927.77;3;44489.6;27.07.2020
FastMove;Milan;Plane;1845;3120.2;32121.8;4;24146.2;07.03.2017
FastMove;Dresden;Truck;18673;84.9;5126.87;3;23.1;28.03.2020
ShipLine;Amsterdam;Truck;15658;199.7;2976.59;3;82.3;29.06.2018
SkyCargo;Paris;Truck;5289;1175.5;6781.41;5;351.9;01.03.2022
MoveIt;Prague;Train;2929;1147.5;7670.78;3;1010.7;07.05.2022
NorthWind;Zagreb;Truck;4022;230.1;4154.9;2;84.1;01.10.2017
RoadRunner;Paris;Train;17723;1976.6;10882.84;5;1993.0;29.09.2023
CargoBridge;Frankfurt;Train;15571;2376.0;12858.96;6;3236.7;16.03.2017
CargoOne;Dresden;Train;57378;330.4;4562.41;4;699.2;09.10.2018
CargoOne;Munich;Plane;2014;4538.3;50329.89;4;53542.0;15.02.2021
RailCargo;Zagreb;Train;64016;1386.1;17260.05;4;2720.8;04.08.2021
GlobalFreight;Warsaw;Truck;20320;99.6;4315.27;3;34.5;22.12.2021
HeavyLift;Copenhagen;Truck;14115;254.7;4412.76;3;67.7;26.09.2022
EuroTrans;Berlin;Truck;7454;1162.8;7981.35;4;318.0;25.08.2022
QuickCargo;Bratislava;Plane;7998;1304.3;26895.72;3;10293.4;02.10.2024
BlueLogistics;Zurich;Truck;23474;951.7;5803.52;4;329.5;27.03.2021
CargoBridge;Dresden;Train;74377;1798.4;21560.26;5;3941.7;14.08.2025
GlobalFreight;Dresden;Truck;2519;361.3;2101.86;4;80.9;24.11.2019
ShipLine;Budapest;Plane;1521;2093.3;97505.1;2;20046.5;08.11.2021
CargoBridge;Paris;Truck;2425;593.6;2725.44;4;153.3;02.11.2019
QuickCargo;Bratislava;Truck;17139;820.5;4151.44;5;347.8;02.07.2025
ShipLine;Dresden;Truck;9642;556.5;6573.49;2;192.1;29.12.2023
SkyCargo;Ljubljana;Truck;5896;954.3;5503.49;5;364.2;25.07.2015
MoveIt;Amsterdam;Train;21345;2381.7;10887.58;6;2782.9;31.07.2016
GlobalFreight;Copenhagen;Ship;42940;7929.6;26288.65;18;39048.6;19.02.2020
NorthWind;Frankfurt;Ship;65365;3312.3;16308.27;12;14921.3;10.05.2019
RailCargo;Prague;Truck;23773;670.6;6209.61;4;292.9;11.01.2021
BlueLogistics;Brussels;Train;27440;306.2;10138.48;2;584.1;09.12.2025
BlueLogistics;Copenhagen;Truck;19327;267.4;7937.79;2;91.6;24.12.2024
NorthWind;Ljubljana;Ship;19477;6579.4;33967.89;21;52650.9;20.01.2018
RailCargo;Warsaw;Ship;134772;6467.7;23519.36;22;29337.8;18.08.2021
FastMove;Zagreb;Plane;4668;5404.6;64860.62;4;51566.0;05.04.2024
MoveIt;Copenhagen;Truck;15071;1097.0;10087.86;4;447.3;09.12.2022
ShipLine;Zurich;Ship;138675;6121.2;33636.35;22;57458.4;03.09.2016
HeavyLift;Dresden;Train;36420;907.5;16236.91;3;1433.0;23.10.2017
FastMove;Frankfurt;Train;27663;598.2;5867.8;4;1013.1;12.07.2016
BlueLogistics;Amsterdam;Train;69201;1546.0;8401.42;6;3302.6;23.10.2023
CargoOne;Prague;Truck;6984;995.5;5247.56;5;247.1;23.01.2018
SkyCargo;Bratislava;Plane;7448;2431.1;60355.59;3;22788.9;25.12.2017
FastMove;Ljubljana;Train;1426;1073.7;10906.42;3;1318.9;13.12.2015
CargoBridge;Warsaw;Truck;10211;991.6;8940.78;3;348.6;26.06.2022
ShipLine;Copenhagen;Plane;11809;4990.3;80819.71;4;46812.1;11.07.2015
SkyCargo;Milan;Truck;11257;625.2;4311.13;4;164.2;06.08.2018
CargoBridge;Munich;Truck;9471;468.3;4323.62;3;153.7;05.04.2021
SkyCargo;Zagreb;Plane;4920;3074.1;42614.88;3;20437.2;06.11.2022
SkyCargo;Milan;Train;22804;1152.6;11471.29;4;1737.2;25.11.2020
RailCargo;Bratislava;Truck;15744;486.9;9944.1;2;159.3;03.06.2015
BlueLogistics;Munich;Ship;134589;1431.6;19549.0;6;6985.7;15.03.2024
CargoBridge;Amsterdam;Truck;2638;72.8;3062.63;1;16.7;29.03.2015
RailCargo;Milan;Truck;11293;661.5;4844.51;3;195.3;20.09.2016
RoadRunner;Copenhagen;Truck;6369;136.0;2805.48;2;41.3;11.09.2025
SkyCargo;Hamburg;Truck;18789;1128.1;7006.31;5;336.8;31.12.2015
NorthWind;Amsterdam;Truck;13950;1164.2;7833.15;5;377.5;12.04.2017
TransMax;Dresden;Train;70911;1522.9;16953.4;4;2409.5;30.07.2016
GlobalFreight;Copenhagen;Plane;9850;4308.8;56969.45;4;44791.8;30.03.2023
RailCargo;Budapest;Truck;19801;538.3;10227.24;2;188.8;13.03.2017
RailCargo;Dresden;Truck;11908;546.4;4154.3;4;178.7;25.05.2020
RoadRunner;Berlin;Truck;4346;1059.4;7548.53;4;404.7;21.10.2021
TransMax;Berlin;Train;41500;2492.7;16013.33;7;4617.6;08.02.2017
SkyCargo;Ljubljana;Truck;4119;1102.4;5382.54;5;394.7;09.02.2022
HeavyLift;Milan;Train;40443;1080.2;7504.99;5;1972.9;27.05.2015
FastMove;Copenhagen;Truck;20764;519.2;6144.3;4;196.0;07.11.2020
EuroTrans;Zurich;Truck;4251;201.2;2316.5;2;67.5;20.08.2017
CargoOne;Zagreb;Truck;19556;1136.1;4730.27;5;472.7;15.10.2016
CargoOne;Budapest;Ship;104418;4610.4;27277.64;17;28231.0;10.07.2023
QuickCargo;Hamburg;Train;24629;767.5;9172.96;4;1412.0;26.10.2021
TransMax;Ljubljana;Truck;178;354.7;2439.58;2;121.4;19.02.2015
ShipLine;Zagreb;Truck;7770;690.9;4227.62;4;243.5;26.06.2023
MoveIt;Zagreb;Truck;16090;789.5;6897.49;3;249.0;05.06.2016
ShipLine;Milan;Truck;10551;309.0;6628.6;2;124.2;06.01.2017
CargoBridge;Copenhagen;Truck;22441;171.6;19384.28;1;53.9;06.06.2016
RoadRunner;Bratislava;Truck;4599;864.0;4992.9;5;239.8;02.12.2024
HeavyLift;Amsterdam;Train;57734;1509.6;20672.37;4;2795.4;22.03.2022
CargoBridge;Paris;Train;59018;2250.8;17762.77;6;3281.3;28.04.2024
EuroTrans;Berlin;Truck;22615;1106.8;8711.47;4;334.3;12.05.2021
QuickCargo;Milan;Truck;2918;818.2;2578.21;5;289.7;23.09.2019
NorthWind;Munich;Plane;11590;684.8;81104.39;1;7614.6;07.07.2015
CargoOne;Bratislava;Ship;136693;2165.0;11864.53;14;14550.3;18.10.2016
QuickCargo;Brussels;Train;20987;781.6;8609.39;4;1514.7;13.03.2020
NorthWind;Budapest;Truck;14514;1072.6;6552.49;4;363.0;12.07.2015
MoveIt;Frankfurt;Plane;8955;5560.5;66096.57;4;53218.6;10.02.2017
SkyCargo;Milan;Truck;19317;66.4;13307.44;1;18.3;29.07.2016
GlobalFreight;Frankfurt;Train;62869;1175.5;9233.37;5;2534.6;20.08.2019
FastMove;Zagreb;Truck;15205;806.8;5290.2;4;237.3;06.06.2017
BlueLogistics;Munich;Train;46861;2086.1;15077.76;6;4430.0;04.12.2020
HeavyLift;Vienna;Truck;6626;910.8;7087.32;3;278.6;25.06.2023
FastMove;Frankfurt;Truck;16424;955.7;9551.39;3;359.5;18.01.2019
CargoBridge;Brussels;Truck;1418;523.6;3453.07;4;167.6;29.11.2022
BlueLogistics;Ljubljana;Train;75128;552.9;11716.82;4;1161.2;28.12.2015
CargoOne;Munich;Truck;10734;1070.4;9018.77;3;303.5;09.02.2022
GlobalFreight;Hamburg;Truck;15931;200.0;4411.38;2;52.2;26.10.2019
HeavyLift;Hamburg;Truck;15512;761.7;12444.52;2;202.3;15.08.2021
SkyCargo;Budapest;Truck;6613;762.9;6059.8;3;273.4;18.02.2017
RoadRunner;Budapest;Truck;1129;783.7;9318.39;2;299.2;14.05.2021
RailCargo;Budapest;Train;57190;258.8;7618.26;3;490.8;11.08.2015
CargoBridge;Dresden;Truck;21651;1123.9;6828.81;5;365.4;29.12.2021
CargoOne;Berlin;Plane;2573;2910.7;115906.69;3;23686.5;18.06.2018
QuickCargo;Dresden;Truck;209;1118.7;4769.85;4;338.3;01.09.2020
EuroTrans;Milan;Plane;5377;590.2;67338.2;1;4121.0;27.05.2021
ShipLine;Munich;Truck;4845;700.4;6298.32;2;266.5;19.02.2024
EuroTrans;Zagreb;Truck;23572;1137.3;7828.36;5;401.3;24.12.2022
EuroTrans;Zagreb;Plane;4451;4502.1;106603.71;4;31246.9;26.02.2022
HeavyLift;Brussels;Truck;11631;171.2;11570.15;1;70.4;23.12.2015
SkyCargo;Berlin;Plane;6505;5285.5;96345.9;4;61119.5;30.10.2020
QuickCargo;Frankfurt;Plane;10113;5684.6;72021.96;5;46905.2;09.11.2017
CargoBridge;Prague;Ship;193862;5697.3;38621.64;13;60853.3;21.12.2023
FastMove;Amsterdam;Train;74089;828.1;12777.03;5;1311.3;08.02.2021
BlueLogistics;Dresden;Truck;6296;504.3;4512.29;2;149.6;03.05.2024
TransMax;Hamburg;Truck;8166;617.9;6121.23;3;208.2;21.07.2022
CargoBridge;Munich;Truck;2565;969.8;8180.42;3;219.0;25.01.2015
NorthWind;Budapest;Truck;5027;164.3;6210.4;1;63.1;22.02.2022
TransMax;Hamburg;Train;1138;869.5;4404.95;4;857.3;28.09.2017
FastMove;Dresden;Train;25049;1180.8;15531.82;3;1299.2;24.01.2025
MoveIt;Amsterdam;Truck;15973;939.3;7578.38;4;305.3;01.02.2015
QuickCargo;Prague;Train;10878;1709.2;7887.1;6;2149.8;20.05.2017
MoveIt;Munich;Plane;8696;5174.6;135800.25;4;67775.8;23.09.2023
ShipLine;Warsaw;Truck;9378;133.6;2146.04;3;38.2;13.12.2025
NorthWind;Berlin;Ship;242080;5767.6;36448.9;13;47966.8;16.05.2015
MoveIt;Bratislava;Truck;21571;766.7;5045.07;5;307.7;18.06.2025
QuickCargo;Hamburg;Truck;21071;870.4;7790.4;3;366.4;22.08.2022
CargoOne;Prague;Truck;23321;740.3;6620.19;3;241.0;30.08.2022
QuickCargo;Milan;Truck;5298;568.5;3108.33;3;190.8;21.06.2017
FastMove;Warsaw;Truck;23824;698.6;9528.81;3;261.7;26.12.2024
RailCargo;Zagreb;Train;11436;433.5;3973.84;3;603.1;08.05.2025
ShipLine;Dresden;Truck;19638;206.1;14636.77;1;66.6;22.10.2024
HeavyLift;Munich;Truck;565;318.9;3477.93;2;66.7;09.09.2022
TransMax;Paris;Truck;9320;1035.7;5776.28;5;241.5;07.11.2020
HeavyLift;Vienna;Truck;14709;444.1;8664.0;2;136.2;01.11.2016
SkyCargo;Zurich;Truck;2090;612.8;5466.03;2;181.6;08.07.2020
CargoOne;Prague;Train;3605;1870.0;10218.36;6;2280.9;23.10.2018
CargoBridge;Frankfurt;Truck;304;426.8;4151.31;2;155.1;02.09.2021
ShipLine;Amsterdam;Plane;3090;1256.5;62685.75;2;7836.3;18.06.2016
CargoOne;Milan;Truck;2121;914.1;4523.66;4;231.3;20.04.2019
SkyCargo;Prague;Truck;1345;760.6;3421.78;3;180.0;28.09.2015
NorthWind;Zagreb;Train;62709;2113.4;13998.01;6;4204.3;17.01.2018
SkyCargo;Milan;Plane;9305;5217.9;96606.73;4;51198.9;16.05.2022
FastMove;Munich;Ship;138492;6455.1;42164.8;21;45649.9;12.02.2022
HeavyLift;Dresden;Train;71594;2362.1;15451.78;7;4389.2;13.02.2016
TransMax;Bratislava;Ship;218319;3213.9;22017.97;13;30064.1;19.10.2015
RoadRunner;Paris;Truck;999;699.2;5235.09;2;147.1;26.09.2019
HeavyLift;Paris;Truck;15342;1084.4;7633.22;5;280.2;23.03.2021
CargoOne;Bratislava;Train;30646;1005.0;10179.7;3;1542.3;10.07.2016
GlobalFreight;Hamburg;Train;46809;336.4;6453.21;3;604.0;29.04.2021
SkyCargo;Zagreb;Ship;268208;3397.5;34120.83;13;39251.0;29.10.2024
BlueLogistics;Hamburg;Train;62444;980.7;10407.34;5;1858.8;03.05.2015
CargoBridge;Amsterdam;Train;56033;1122.0;19437.59;3;2049.5;18.03.2018
SkyCargo;Zurich;Truck;8191;828.9;5924.8;4;223.1;05.08.2022
GlobalFreight;Budapest;Train;72992;1586.5;11839.11;5;2798.2;22.11.2025
EuroTrans;Zagreb;Truck;7447;1169.3;7302.99;5;443.2;27.01.2022
EuroTrans;Berlin;Ship;106938;3759.3;16757.99;11;32881.3;29.06.2016
FastMove;Milan;Truck;22628;275.7;4175.88;4;84.7;02.12.2016
TransMax;Frankfurt;Train;28962;618.5;10910.48;2;913.3;27.01.2019
TransMax;Warsaw;Train;40671;2233.3;18734.01;5;4413.7;07.03.2016
ShipLine;Paris;Truck;9651;712.2;4929.37;4;208.0;12.02.2024
FastMove;Dresden;Train;39855;888.4;13651.15;3;1425.5;31.12.2021
FastMove;Warsaw;Plane;12347;2743.3;108900.12;3;29955.3;26.03.2018
EuroTrans;Frankfurt;Plane;7244;1454.4;72388.81;2;11967.3;03.12.2020
CargoBridge;Zagreb;Truck;3924;791.9;4042.9;3;290.5;03.05.2016
HeavyLift;Milan;Plane;13077;4080.0;84598.2;4;51979.3;15.04.2025
NorthWind;Amsterdam;Truck;18324;1151.5;7991.22;3;367.8;14.02.2023
SkyCargo;Vienna;Truck;9875;515.2;4079.83;4;142.1;05.04.2024
RailCargo;Munich;Truck;20880;906.5;13928.55;2;288.2;05.04.2023
QuickCargo;Copenhagen;Truck;19544;80.5;5348.97;2;24.9;24.02.2016
CargoBridge;Budapest;Ship;277038;6529.8;45523.12;22;61097.4;17.10.2018
CargoOne;Brussels;Truck;14394;938.7;7876.33;3;331.0;28.07.2018
CargoOne;Budapest;Train;54936;639.3;17408.82;2;1356.5;22.05.2020
EuroTrans;Dresden;Plane;6829;3915.4;80822.96;4;49515.0;01.07.2016
FastMove;Munich;Truck;2669;499.8;5707.27;2;167.6;31.05.2015
MoveIt;Ljubljana;Train;79734;1954.6;15529.24;6;4203.3;02.11.2016
CargoOne;Berlin;Train;36972;857.6;7439.95;5;1040.9;01.07.2017
MoveIt;Zagreb;Truck;17523;861.4;6863.2;5;233.1;25.11.2016
SkyCargo;Paris;Train;79093;1830.0;23244.17;4;4334.3;23.05.2017
CargoBridge;Zagreb;Train;22839;1600.2;9139.43;5;1600.2;05.04.2020
NorthWind;Dresden;Ship;237562;2304.6;18295.31;11;18874.4;20.02.2019
RoadRunner;Hamburg;Train;70687;1878.5;19492.73;4;2507.0;22.05.2021
CargoOne;Amsterdam;Truck;882;979.8;4867.92;5;292.4;10.12.2021
NorthWind;Copenhagen;Truck;20281;67.3;8428.74;2;22.3;28.05.2019
CargoOne;Zagreb;Truck;5666;144.2;5273.93;1;33.9;09.06.2022
EuroTrans;Copenhagen;Truck;3450;803.7;4295.98;3;296.8;13.07.2021
HeavyLift;Berlin;Train;80000;2460.1;14162.95;6;4235.4;26.12.2023
HeavyLift;Amsterdam;Truck;23967;571.1;7589.24;4;193.9;06.09.2019
CargoBridge;Milan;Ship;122183;3123.8;22089.14;13;29301.6;24.02.2023
GlobalFreight;Budapest;Truck;10894;246.0;3965.14;3;91.1;23.11.2023
RoadRunner;Berlin;Truck;10687;615.5;5554.22;4;239.4;12.02.2022
CargoBridge;Munich;Train;56612;1494.0;17540.82;4;2071.7;09.11.2017
NorthWind;Berlin;Truck;21833;992.9;6617.72;4;319.0;10.12.2017
TransMax;Vienna;Truck;4273;871.7;7703.13;3;251.8;04.08.2018
BlueLogistics;Dresden;Truck;6659;863.2;5350.52;4;286.3;28.09.2018
EuroTrans;Zurich;Truck;23741;409.1;10052.77;2;126.5;30.07.2016
CargoOne;Copenhagen;Ship;218708;2272.4;20479.03;7;18975.3;13.01.2020
EuroTrans;Frankfurt;Truck;11496;489.8;3060.01;4;195.5;10.09.2020
CargoOne;Zurich;Truck;2211;1147.6;7329.59;4;404.2;01.10.2017
BlueLogistics;Amsterdam;Truck;9614;987.5;7208.17;3;323.2;08.01.2024
MoveIt;Brussels;Truck;570;257.8;1254.82;3;94.7;16.03.2021
SkyCargo;Berlin;Train;9257;1773.6;12557.32;4;1968.2;10.02.2023
CargoBridge;Brussels;Truck;15247;576.3;7310.55;3;233.1;27.03.2019
HeavyLift;Milan;Truck;1956;430.4;4919.59;2;158.6;15.01.2024
MoveIt;Bratislava;Truck;23705;937.2;9343.36;3;413.6;09.06.2021
GlobalFreight;Milan;Truck;17658;996.0;5694.79;4;392.5;27.04.2022
CargoBridge;Vienna;Truck;2338;830.5;5245.52;3;270.5;27.04.2015
ShipLine;Prague;Truck;14211;338.0;5840.91;2;132.0;17.01.2023
FastMove;Paris;Train;39422;483.6;6936.62;3;775.1;01.07.2025
CargoBridge;Brussels;Plane;4028;3593.7;47297.59;4;26312.7;14.05.2024
CargoBridge;Ljubljana;Truck;9286;250.4;13374.61;1;83.4;13.11.2018
EuroTrans;Berlin;Truck;11886;901.6;5481.44;4;249.5;13.03.2019
SkyCargo;Munich;Train;73813;1420.7;16361.46;5;2043.3;11.08.2021
HeavyLift;Milan;Plane;11902;2612.5;140012.3;2;27858.6;05.02.2018
GlobalFreight;Copenhagen;Train;39628;874.4;9108.18;4;1630.5;25.01.2015
CargoOne;Bratislava;Truck;9983;476.0;4783.38;4;194.9;19.03.2019
ShipLine;Dresden;Truck;355;344.0;2303.75;3;100.3;16.09.2022
GlobalFreight;Berlin;Truck;12362;837.6;10181.48;3;208.6;24.07.2017
RailCargo;Zagreb;Truck;11312;787.9;7076.07;4;292.6;23.08.2015
TransMax;Zurich;Train;4753;1261.3;6145.43;5;1678.7;25.06.2015
NorthWind;Amsterdam;Truck;21795;162.4;5891.7;2;66.1;07.09.2022
QuickCargo;Vienna;Truck;15825;358.4;8132.05;2;102.0;18.01.2023
SkyCargo;Hamburg;Ship;214512;6274.0;32165.48;18;66126.7;25.12.2018
NorthWind;Berlin;Truck;17124;1067.2;5651.27;5;287.8;07.10.2022
GlobalFreight;Milan;Ship;47441;5676.9;46754.31;20;33845.2;29.12.2025
CargoOne;Amsterdam;Truck;12764;908.2;8451.58;3;324.8;08.07.2018
FastMove;Brussels;Truck;7228;1092.5;11092.02;3;310.5;04.12.2017
CargoBridge;Milan;Plane;6134;3309.2;98027.93;3;28613.0;18.08.2016
NorthWind;Brussels;Plane;12129;2980.8;107551.52;3;31368.5;02.07.2021
ShipLine;Dresden;Truck;16678;604.0;6804.8;3;262.1;07.10.2019
CargoBridge;Amsterdam;Truck;20594;236.3;19545.21;1;93.6;20.01.2017
EuroTrans;Milan;Ship;226226;6068.8;49941.61;15;40494.8;27.02.2018
RailCargo;Prague;Truck;3586;499.0;5070.15;3;113.9;25.09.2017
ShipLine;Prague;Ship;186350;3412.3;20105.32;11;24545.8;28.02.2017
CargoOne;Brussels;Truck;6802;529.8;4555.93;3;151.6;15.03.2023
HeavyLift;Munich;Ship;39017;4550.0;15371.74;11;23559.8;25.05.2015
BlueLogistics;Munich;Truck;4226;71.2;3632.81;1;22.0;16.10.2022
RailCargo;Hamburg;Train;30550;947.2;5737.08;5;1769.5;29.09.2022
TransMax;Budapest;Truck;17746;329.3;19874.66;1;135.3;27.01.2023
RoadRunner;Paris;Train;18684;2465.4;8445.11;7;3703.8;15.06.2022
MoveIt;Vienna;Train;21940;415.9;6763.72;3;433.8;29.01.2024
BlueLogistics;Copenhagen;Truck;12904;502.2;4560.4;3;206.9;29.10.2015
NorthWind;Amsterdam;Truck;10744;1144.4;4598.49;4;327.5;02.09.2022
ShipLine;Berlin;Train;79302;1736.0;22678.77;4;4145.5;14.06.2017
GlobalFreight;Hamburg;Train;26828;447.6;12105.3;2;560.5;10.01.2020
QuickCargo;Paris;Truck;19122;1005.0;9584.08;4;273.6;19.10.2017
CargoOne;Milan;Truck;2068;573.0;4910.6;3;125.5;12.09.2018
EuroTrans;Zurich;Ship;289064;5282.6;29235.6;17;46981.5;21.09.2025
SkyCargo;Amsterdam;Train;1021;2268.8;6183.12;7;1999.9;15.12.2019
ShipLine;Brussels;Truck;13155;152.6;3171.36;3;48.4;19.11.2018
EuroTrans;Frankfurt;Plane;2213;1415.9;52192.53;2;15475.4;08.05.2022
GlobalFreight;Bratislava;Train;3606;1496.2;7588.89;6;2669.3;15.12.2017
RoadRunner;Zurich;Truck;8439;1030.3;6564.3;4;294.4;04.08.2019
MoveIt;Copenhagen;Truck;17821;1063.6;7312.09;4;359.6;06.04.2023
CargoBridge;Berlin;Train;12349;1540.0;11383.17;5;2289.9;12.10.2020
BlueLogistics;Budapest;Plane;10688;3603.8;67427.22;4;42940.0;18.08.2021
TransMax;Hamburg;Truck;3884;67.6;1538.94;2;17.9;28.08.2019
RailCargo;Warsaw;Train;30612;952.5;7977.7;4;1652.6;01.07.2025
ShipLine;Budapest;Truck;7373;210.8;2896.45;3;74.4;31.07.2025
FastMove;Munich;Truck;20294;1099.9;7344.3;4;463.1;02.11.2016
CargoOne;Hamburg;Train;33296;714.2;7197.21;4;1454.6;04.01.2015
ShipLine;Warsaw;Train;46048;1802.0;12538.83;5;3608.5;31.08.2024
MoveIt;Hamburg;Train;4952;1325.0;9377.91;4;1627.4;07.11.2015
RailCargo;Bratislava;Train;45289;213.0;11557.19;2;333.4;15.05.2023
BlueLogistics;Berlin;Ship;268514;4525.9;38156.62;14;29111.5;23.01.2016
EuroTrans;Munich;Truck;4237;1064.5;9729.71;3;416.6;12.09.2022
CargoOne;Paris;Train;12378;903.5;7497.9;5;1155.5;27.03.2020
TransMax;Prague;Truck;19052;130.9;6863.63;2;57.3;27.10.2020
SkyCargo;Paris;Truck;23285;557.2;10644.06;2;185.7;05.07.2019
TransMax;Amsterdam;Ship;22004;5380.8;22409.41;17;26246.5;26.07.2018
RoadRunner;Copenhagen;Truck;4750;652.2;6643.63;2;253.4;28.05.2022
SkyCargo;Bratislava;Train;47484;1832.4;15081.82;6;2308.3;21.06.2015
BlueLogistics;Milan;Train;2387;2177.6;10910.12;6;2142.7;13.01.2017
GlobalFreight;Ljubljana;Train;77783;1898.2;20448.95;4;3922.8;03.04.2021
SkyCargo;Ljubljana;Train;51511;2470.7;14631.96;7;3020.7;08.06.2024
QuickCargo;Frankfurt;Train;9810;936.4;7060.63;5;1549.4;20.05.2017
RoadRunner;Zagreb;Train;38087;1427.6;10910.42;4;2548.8;22.09.2020
BlueLogistics;Brussels;Truck;18677;844.2;8808.8;4;317.7;30.11.2022
CargoOne;Munich;Truck;16755;489.2;9848.46;2;125.6;09.04.2021
FastMove;Dresden;Truck;3505;305.8;7395.42;1;90.6;19.04.2024
ShipLine;Copenhagen;Ship;76615;4351.7;32790.55;19;36813.5;21.10.2021
EuroTrans;Berlin;Ship;86833;1225.3;9357.81;10;11963.5;10.01.2018
CargoOne;Milan;Train;24840;1930.5;11171.12;4;3517.9;29.11.2019
ShipLine;Frankfurt;Truck;21133;733.8;15266.66;2;298.8;29.03.2019
GlobalFreight;Paris;Ship;104270;4150.4;32448.21;18;23796.4;25.11.2017
QuickCargo;Milan;Truck;10416;906.9;6337.09;3;271.0;15.05.2018
TransMax;Zurich;Train;68422;2383.0;14545.04;6;5472.0;05.05.2022
MoveIt;Berlin;Train;48380;2077.7;6899.0;7;3999.0;02.04.2023
RailCargo;Zagreb;Ship;289922;6468.9;39677.59;22;41055.7;19.09.2019
ShipLine;Berlin;Train;54725;338.7;9936.41;4;696.7;08.02.2021
BlueLogistics;Frankfurt;Train;76900;2482.7;19869.52;5;4495.3;09.06.2020
GlobalFreight;Frankfurt;Plane;10269;783.9;62339.1;1;9083.8;14.09.2017
MoveIt;Hamburg;Ship;133036;4962.2;26251.24;14;50414.8;07.08.2018
ShipLine;Berlin;Truck;11100;414.3;6048.09;3;161.8;07.07.2019
BlueLogistics;Dresden;Train;27045;2094.9;15980.8;6;4115.1;08.03.2025
EuroTrans;Ljubljana;Truck;17264;176.6;5267.24;3;57.9;25.09.2020
CargoBridge;Copenhagen;Train;33390;1264.2;10735.98;4;2242.4;02.06.2017
NorthWind;Zagreb;Truck;11339;837.2;5898.95;4;241.1;04.10.2024
QuickCargo;Munich;Truck;6250;160.4;2164.78;3;58.4;02.09.2025
HeavyLift;Vienna;Ship;97117;5931.6;25099.02;21;48528.5;04.01.2015
MoveIt;Copenhagen;Truck;19047;326.8;9039.27;2;129.2;31.10.2018
GlobalFreight;Bratislava;Truck;5430;670.0;7227.78;3;254.4;17.12.2015
HeavyLift;Prague;Truck;13233;317.1;7944.8;2;89.0;01.11.2019
ShipLine;Hamburg;Truck;20116;398.2;22198.21;1;176.9;01.09.2025
RailCargo;Milan;Truck;16556;540.6;4845.7;3;180.4;28.09.2023
QuickCargo;Milan;Truck;17741;530.5;7832.51;3;188.7;11.05.2017
HeavyLift;Ljubljana;Truck;17215;838.0;4519.16;4;358.0;27.11.2016
MoveIt;Milan;Train;78879;607.3;14382.57;4;1233.7;14.06.2022
BlueLogistics;Copenhagen;Truck;8048;506.1;6092.16;2;165.3;07.10.2016
QuickCargo;Copenhagen;Plane;12627;1337.4;143537.36;1;17782.6;29.10.2021
CargoOne;Frankfurt;Ship;266939;2844.7;18950.65;10;17505.7;08.09.2017
HeavyLift;Amsterdam;Ship;124924;5694.6;45770.71;21;26284.1;15.08.2019
BlueLogistics;Copenhagen;Truck;4758;1182.4;5473.9;4;332.5;31.05.2023
CargoOne;Dresden;Train;50092;1243.5;17906.64;3;2575.0;02.03.2016
NorthWind;Prague;Train;10959;1412.2;17954.29;3;2278.3;19.04.2023
NorthWind;Berlin;Truck;250;497.9;5591.8;2;153.0;13.11.2021
NorthWind;Paris;Truck;20505;1003.7;10927.13;3;418.0;09.02.2025
HeavyLift;Bratislava;Truck;12792;77.5;5719.62;2;26.4;18.10.2024
CargoBridge;Amsterdam;Ship;44926;1862.0;8610.58;10;7047.9;18.09.2016
CargoBridge;Hamburg;Ship;186689;4920.1;39761.32;14;31451.0;22.12.2023
FastMove;Prague;Train;68108;1938.7;14675.61;5;2868.8;18.11.2018
NorthWind;Prague;Ship;54432;3922.8;31628.49;12;21901.9;15.09.2023
FastMove;Zagreb;Ship;171088;2634.0;13371.14;11;24033.0;20.12.2023
MoveIt;Dresden;Train;76389;873.2;19371.36;3;1203.9;13.07.2022
CargoBridge;Dresden;Truck;5980;954.1;9878.7;3;310.6;29.03.2016
MoveIt;Ljubljana;Ship;68018;4742.3;29645.77;20;21946.0;27.10.2025
CargoOne;Paris;Ship;124523;4236.0;32076.7;19;21436.1;06.08.2017
CargoBridge;Zurich;Truck;22594;334.1;5677.06;3;114.0;23.10.2017
RoadRunner;Copenhagen;Ship;130676;6476.0;30042.0;19;47545.0;26.03.2025
CargoBridge;Amsterdam;Truck;8467;501.9;7147.23;2;167.3;21.04.2021
TransMax;Milan;Train;29960;244.1;5573.08;4;377.7;23.03.2018
SkyCargo;Brussels;Train;77935;2107.8;16274.96;6;4004.5;23.08.2015
TransMax;Bratislava;Plane;8139;3311.4;49499.22;3;27906.0;31.03.2021
EuroTrans;Hamburg;Truck;1994;246.0;1725.9;3;72.2;30.09.2022
BlueLogistics;Warsaw;Train;63994;1284.8;6038.44;6;2741.8;15.11.2017
GlobalFreight;Copenhagen;Train;36812;2246.2;10477.08;7;3607.5;17.06.2023
BlueLogistics;Zagreb;Truck;12448;369.9;6175.11;2;152.3;31.03.2019
QuickCargo;Berlin;Ship;251396;6928.6;46738.93;17;44355.8;01.03.2017
RailCargo;Frankfurt;Train;20665;1352.5;14053.52;4;2451.5;26.07.2021
NorthWind;Zurich;Truck;8145;298.3;2606.95;3;74.0;06.09.2023
QuickCargo;Paris;Truck;4388;557.3;5028.59;3;162.8;28.06.2025
CargoOne;Hamburg;Train;26229;426.9;5769.17;3;648.9;09.05.2024
NorthWind;Dresden;Truck;16023;439.0;10720.28;2;132.4;11.10.2020
BlueLogistics;Amsterdam;Truck;11777;1149.8;12059.2;3;351.0;15.06.2019
CargoOne;Frankfurt;Train;25168;2457.9;20312.92;5;4410.8;03.04.2018
QuickCargo;Prague;Truck;19789;342.1;8027.64;2;135.3;27.02.2023
ShipLine;Hamburg;Train;61214;1704.7;19256.37;4;3443.4;05.09.2019
ShipLine;Dresden;Truck;12808;406.5;3716.18;4;123.3;01.11.2021
RailCargo;Warsaw;Ship;110156;1025.5;6616.85;12;5749.4;22.01.2025
RailCargo;Dresden;Plane;1602;4511.2;112818.8;4;39905.3;24.03.2016
QuickCargo;Zagreb;Plane;10258;2225.7;37723.92;3;28045.1;24.03.2025
EuroTrans;Warsaw;Ship;270420;4420.6;23309.06;14;37255.7;08.09.2025
CargoBridge;Warsaw;Truck;5982;632.2;8780.7;2;167.2;16.12.2017
SkyCargo;Paris;Truck;23442;689.3;6208.76;3;307.5;04.09.2018
TransMax;Zagreb;Train;9239;1463.2;11008.18;5;1482.0;11.11.2016
MoveIt;Zagreb;Ship;284984;5291.3;28015.55;16;59900.8;22.07.2022
RoadRunner;Vienna;Train;69945;1130.0;22220.34;3;2309.3;24.09.2023
GlobalFreight;Milan;Truck;2072;870.3;4466.67;4;223.6;22.05.2016
SkyCargo;Paris;Truck;16238;514.1;9897.6;2;206.7;12.11.2017
HeavyLift;Dresden;Train;36018;2149.0;8962.3;6;2304.6;29.05.2015
TransMax;Ljubljana;Truck;7863;101.9;1805.92;3;41.3;12.11.2025
TransMax;Berlin;Truck;15984;1190.6;11621.27;3;389.7;20.04.2021
SkyCargo;Paris;Train;59934;902.7;8749.74;5;1798.3;11.06.2020
RoadRunner;Budapest;Ship;256889;3498.8;26550.86;15;36540.0;10.08.2018
HeavyLift;Ljubljana;Train;60982;1042.3;14709.89;5;2042.5;23.09.2017
NorthWind;Zagreb;Plane;13774;5506.4;100134.72;5;44872.4;23.12.2018
NorthWind;Berlin;Ship;264818;5791.1;28857.11;17;52106.3;12.08.2023
NorthWind;Warsaw;Truck;23008;1117.6;13725.6;3;321.6;12.09.2025
TransMax;Berlin;Truck;3313;189.1;2692.29;2;53.4;21.05.2020
TransMax;Prague;Truck;14726;1189.2;8202.17;4;447.5;28.10.2019
BlueLogistics;Paris;Truck;9737;1054.3;7263.0;3;377.2;13.04.2025
CargoOne;Zurich;Truck;3349;679.9;4824.18;3;231.6;11.09.2024
EuroTrans;Ljubljana;Truck;10273;899.0;9391.46;3;222.2;11.06.2021
FastMove;Paris;Train;36244;2489.9;11803.69;7;2982.8;22.04.2019
TransMax;Ljubljana;Plane;10724;3318.1;154979.3;2;26077.0;08.03.2025
FastMove;Paris;Train;4801;1816.8;11664.09;6;1854.6;01.05.2015
QuickCargo;Zagreb;Truck;5120;1044.9;5912.4;5;353.2;22.04.2019
ShipLine;Brussels;Truck;21545;421.4;19104.15;1;132.3;13.01.2022
NorthWind;Warsaw;Train;74581;1147.3;25930.85;3;1943.9;12.08.2020
QuickCargo;Brussels;Plane;10924;3065.0;80355.77;2;31675.8;28.10.2020
CargoOne;Paris;Truck;7376;264.8;5925.41;2;97.9;27.03.2025
NorthWind;Dresden;Truck;12249;460.4;6455.93;2;120.0;30.03.2023
GlobalFreight;Milan;Plane;2583;546.2;24965.69;2;4347.1;22.12.2024
TransMax;Bratislava;Truck;6307;195.7;4383.28;2;67.0;01.11.2022
SkyCargo;Brussels;Train;42176;2345.4;16274.13;6;4017.7;31.10.2019
CargoOne;Berlin;Truck;21857;265.1;10105.03;2;89.8;02.08.2021
MoveIt;Ljubljana;Train;77181;1035.4;15156.15;3;2336.2;02.10.2015
MoveIt;Munich;Truck;8280;277.6;3836.91;3;79.9;01.01.2022
ShipLine;Brussels;Train;35737;457.6;7156.38;3;529.5;03.08.2018
EuroTrans;Brussels;Ship;78996;2587.5;14020.86;8;20288.2;16.01.2020
CargoOne;Frankfurt;Truck;3563;1188.0;4954.61;4;399.5;24.10.2015
RoadRunner;Dresden;Train;73317;300.2;10488.24;3;695.7;14.11.2023
HeavyLift;Dresden;Train;16148;2309.8;10179.54;7;4193.1;20.05.2025
RoadRunner;Amsterdam;Truck;643;66.3;1899.5;1;19.9;12.09.2018
MoveIt;Frankfurt;Truck;576;188.8;5079.42;1;47.7;17.05.2015
SkyCargo;Warsaw;Train;44946;2254.3;14489.02;5;4702.4;23.10.2020
QuickCargo;Brussels;Ship;24942;5057.4;35840.21;17;45607.6;03.02.2016
RailCargo;Brussels;Train;18469;1161.4;8912.74;6;1177.2;26.02.2025
RailCargo;Ljubljana;Ship;80595;6385.6;43605.23;18;30013.2;07.05.2021
SkyCargo;Hamburg;Truck;15026;232.5;4510.57;3;69.3;30.05.2024
HeavyLift;Paris;Train;51459;2148.6;11812.2;4;3791.6;13.02.2023
MoveIt;Bratislava;Train;46893;1049.7;8797.69;4;2155.2;22.12.2018
ShipLine;Frankfurt;Train;37909;685.5;7120.98;5;1170.8;25.05.2025
SkyCargo;Copenhagen;Truck;8919;165.5;4160.92;2;53.8;14.06.2025
RoadRunner;Paris;Truck;4214;1070.8;6654.87;5;233.6;07.01.2025
QuickCargo;Dresden;Plane;1560;2620.5;98121.19;3;21227.5;17.05.2021
GlobalFreight;Milan;Truck;13054;418.7;9584.23;2;158.2;30.03.2017
RoadRunner;Amsterdam;Truck;17026;1159.0;12254.2;3;354.2;30.07.2016
NorthWind;Zagreb;Train;72029;1011.6;8874.37;5;1482.2;19.04.2019
GlobalFreight;Copenhagen;Train;78868;608.9;16925.52;3;933.8;22.07.2016
BlueLogistics;Brussels;Train;23308;390.7;5776.35;3;471.0;15.11.2021
QuickCargo;Milan;Plane;7725;3991.3;103425.77;4;47010.9;24.02.2025
TransMax;Budapest;Ship;243210;927.8;6287.64;9;8813.9;28.04.2018
GlobalFreight;Prague;Truck;18773;494.6;12050.43;2;170.4;10.02.2018
FastMove;Zurich;Train;4517;1629.0;6228.29;6;1661.8;10.04.2024
SkyCargo;Brussels;Ship;250712;6188.6;51738.01;21;57739.7;15.06.2020
QuickCargo;Bratislava;Truck;4498;792.8;3404.98;4;272.1;09.09.2015
HeavyLift;Prague;Train;32861;1371.4;6628.5;5;2595.6;14.12.2015
NorthWind;Dresden;Truck;20394;868.3;7174.52;4;333.4;16.06.2025
HeavyLift;Budapest;Truck;7454;293.5;2811.29;3;72.8;28.07.2023
ShipLine;Zagreb;Truck;14998;258.7;5247.03;2;85.4;12.03.2016
NorthWind;Frankfurt;Train;12720;991.8;10876.76;3;1806.0;23.05.2015
BlueLogistics;Copenhagen;Truck;13033;314.8;4613.51;3;106.9;04.05.2018
EuroTrans;Prague;Ship;154611;6529.9;45671.85;18;64955.5;28.08.2023
SkyCargo;Amsterdam;Truck;19516;628.4;5979.85;3;251.7;13.11.2022
QuickCargo;Amsterdam;Train;45108;608.6;11876.27;3;1085.5;21.06.2025
GlobalFreight;Zurich;Truck;23403;1030.0;8215.39;4;406.0;15.05.2023
ShipLine;Ljubljana;Train;68633;2024.1;12503.8;7;3813.9;24.08.2019
QuickCargo;Vienna;Ship;175691;7062.0;50598.45;20;45905.6;27.07.2021
EuroTrans;Vienna;Truck;14409;694.3;10496.25;2;291.3;24.12.2015
RoadRunner;Bratislava;Truck;18758;618.5;7870.7;3;207.0;17.07.2021
RailCargo;Milan;Truck;20440;1153.9;7572.21;5;450.4;19.03.2021
NorthWind;Budapest;Ship;15656;6518.9;24103.56;14;48664.6;04.02.2016
QuickCargo;Bratislava;Truck;21932;989.5;5670.06;4;280.5;23.06.2020
GlobalFreight;Paris;Truck;1450;1047.1;3789.74;4;289.4;10.07.2022
TransMax;Prague;Train;35256;218.2;8488.32;3;309.3;22.01.2018
EuroTrans;Munich;Truck;21057;824.4;11817.08;3;367.6;01.10.2019
GlobalFreight;Budapest;Train;26501;2077.1;8504.17;7;4047.5;29.07.2021
ShipLine;Budapest;Train;28961;347.1;4807.89;4;441.9;08.08.2017
RailCargo;Ljubljana;Truck;15911;564.6;8678.85;3;164.5;16.06.2016
RailCargo;Paris;Train;6803;1308.8;11066.49;3;1204.9;28.11.2019
RoadRunner;Vienna;Truck;15692;590.9;12290.52;2;244.3;03.05.2015
TransMax;Brussels;Truck;18938;809.4;5694.75;4;283.1;13.12.2024
QuickCargo;Brussels;Train;36276;1344.3;16791.34;4;2508.1;25.02.2020
FastMove;Munich;Truck;12831;314.8;7606.04;2;113.6;26.07.2015
BlueLogistics;Budapest;Truck;18820;276.8;7877.54;2;79.9;28.02.2023
QuickCargo;Copenhagen;Truck;394;418.2;1927.12;3;126.4;06.08.2020
EuroTrans;Frankfurt;Train;39498;1700.7;9323.59;6;3294.9;27.05.2023
NorthWind;Vienna;Truck;8579;485.7;5332.36;3;166.9;08.07.2022
CargoBridge;Amsterdam;Truck;5818;709.1;4026.72;4;272.6;13.11.2017
BlueLogistics;Berlin;Train;79818;346.4;8378.09;4;620.7;09.03.2015
CargoOne;Copenhagen;Truck;3920;216.9;2314.88;3;48.3;20.08.2015
ShipLine;Frankfurt;Truck;23390;902.1;8214.46;4;259.8;18.03.2016
FastMove;Hamburg;Train;26112;1037.1;7845.75;5;1746.1;10.07.2022
NorthWind;Amsterdam;Train;21483;1039.2;7756.17;4;1652.0;22.07.2018
RoadRunner;Dresden;Truck;22888;579.9;12751.37;2;197.9;22.08.2023
CargoOne;Zagreb;Truck;19311;259.5;7032.26;3;86.5;26.08.2018
HeavyLift;Dresden;Truck;15721;995.4;9250.68;3;368.9;19.10.2022
MoveIt;Warsaw;Truck;16739;198.0;4360.15;2;67.4;21.09.2015
BlueLogistics;Brussels;Ship;155537;6879.0;25699.34;15;51961.9;24.10.2021
FastMove;Frankfurt;Truck;21222;855.4;8701.24;3;342.8;15.12.2015
ShipLine;Brussels;Train;44539;2286.5;10392.68;6;2950.9;25.11.2024
EuroTrans;Dresden;Truck;896;613.8;2476.02;4;223.8;11.09.2016
TransMax;Budapest;Train;23743;2200.5;10078.9;6;2642.5;02.02.2021
MoveIt;Ljubljana;Train;49594;1345.1;13449.85;5;1837.2;07.08.2019
HeavyLift;Zagreb;Plane;10902;2758.0;90056.23;2;32037.6;14.01.2019
GlobalFreight;Berlin;Truck;17086;223.5;6229.61;2;87.9;05.03.2021
GlobalFreight;Berlin;Train;71258;313.0;15135.98;3;543.9;07.12.2018
TransMax;Prague;Train;15063;978.4;4580.25;4;1206.4;21.02.2025
NorthWind;Dresden;Ship;260056;6730.6;35439.28;20;70152.1;22.11.2015
RoadRunner;Hamburg;Truck;23966;983.0;6733.18;4;350.6;09.02.2022
HeavyLift;Copenhagen;Ship;119954;2544.1;17139.51;9;23158.9;31.07.2019
BlueLogistics;Hamburg;Plane;14120;3674.4;146017.37;3;45691.8;03.01.2025
EuroTrans;Frankfurt;Truck;11352;1113.6;8386.57;3;308.7;01.03.2022
ShipLine;Amsterdam;Truck;10638;410.2;2964.98;4;105.1;07.02.2022
CargoOne;Bratislava;Truck;915;914.3;5209.44;4;327.9;03.09.2021
FastMove;Bratislava;Truck;14824;725.6;7302.1;3;307.7;04.06.2023
QuickCargo;Paris;Train;12707;1594.9;13225.31;5;1903.3;21.11.2019
GlobalFreight;Hamburg;Train;69595;1684.8;17752.25;4;2986.1;29.08.2022
NorthWind;Milan;Plane;7436;5296.5;122429.0;4;35931.9;03.10.2025
HeavyLift;Bratislava;Plane;6414;4475.3;162724.34;3;39835.5;20.10.2018
ShipLine;Bratislava;Truck;7816;605.9;4349.66;3;154.2;11.10.2020
ShipLine;Ljubljana;Truck;2432;1087.8;3177.67;5;406.0;24.04.2021
MoveIt;Frankfurt;Truck;19469;479.3;5157.96;4;173.4;06.02.2017
MoveIt;Berlin;Train;8329;265.5;4935.35;2;232.2;30.11.2019
BlueLogistics;Copenhagen;Truck;1112;469.0;5210.75;2;143.4;19.05.2025
EuroTrans;Zurich;Truck;15429;1038.7;9789.83;3;286.4;27.11.2024
CargoBridge;Berlin;Ship;181283;6293.6;50366.85;16;44332.0;18.02.2019
RoadRunner;Zagreb;Truck;19229;1092.9;8418.29;4;292.6;25.08.2020
EuroTrans;Warsaw;Train;69358;2307.3;16735.83;6;4173.9;27.08.2020
NorthWind;Dresden;Truck;15650;856.8;6005.58;5;287.8;05.08.2021
CargoBridge;Zagreb;Truck;16940;718.2;6776.22;4;296.4;20.05.2021
ShipLine;Zagreb;Train;44406;949.6;10334.29;5;1827.0;12.04.2018
HeavyLift;Milan;Train;18915;1220.5;9555.69;5;1341.3;20.11.2025
TransMax;Prague;Train;58360;239.6;6860.74;3;466.8;27.12.2018
EuroTrans;Ljubljana;Train;51069;995.0;10986.4;3;1508.0;09.12.2018
RailCargo;Zagreb;Truck;10518;577.6;10539.84;2;193.1;04.11.2023
ShipLine;Munich;Truck;18190;783.1;16236.02;2;328.0;29.02.2020
NorthWind;Berlin;Plane;5003;4191.9;92673.29;3;33419.4;05.03.2021
TransMax;Prague;Truck;11149;902.9;5470.48;4;291.7;11.12.2021
GlobalFreight;Berlin;Ship;17601;6133.5;44922.75;16;48829.0;29.08.2019
ShipLine;Munich;Truck;3548;197.8;3294.58;2;61.4;14.04.2024
CargoBridge;Munich;Truck;10981;1136.0;12002.86;3;385.2;02.04.2016
HeavyLift;Munich;Truck;3439;306.1;5125.62;2;64.9;08.05.2021
CargoOne;Frankfurt;Truck;13419;298.1;8281.47;2;109.6;08.10.2019
TransMax;Frankfurt;Plane;2672;2828.6;96192.06;2;22965.2;23.06.2025
RailCargo;Zagreb;Truck;11515;1195.0;6933.18;4;381.4;13.11.2023
GlobalFreight;Zurich;Truck;20982;53.5;4722.27;2;18.7;16.12.2025
CargoOne;Zurich;Truck;17521;427.4;4900.24;3;167.2;23.01.2021
CargoBridge;Paris;Ship;84297;4605.9;22294.26;13;31087.8;19.04.2020
NorthWind;Budapest;Truck;9491;74.5;1985.75;3;17.5;07.11.2023
ShipLine;Zurich;Train;50173;469.0;17004.17;2;866.4;14.04.2016
FastMove;Paris;Train;57742;1648.3;10658.25;4;3100.4;10.06.2022
NorthWind;Milan;Truck;10269;97.6;4334.29;2;28.1;18.07.2016
EuroTrans;Zagreb;Truck;18750;1055.3;8111.01;4;284.1;09.11.2023
HeavyLift;Amsterdam;Truck;22856;796.5;5942.45;4;313.1;08.08.2022
BlueLogistics;Copenhagen;Truck;9647;300.2;4828.72;2;116.7;19.09.2020
CargoBridge;Warsaw;Truck;7289;652.6;9585.42;2;154.0;18.03.2022
NorthWind;Munich;Truck;20122;793.9;5864.39;4;313.5;24.10.2021
CargoOne;Berlin;Train;28250;797.7;7719.2;4;1563.5;28.11.2025
MoveIt;Dresden;Ship;223690;4714.9;25859.22;15;29379.5;16.09.2022
RoadRunner;Copenhagen;Truck;18551;553.2;6290.99;3;239.0;26.02.2015
RoadRunner;Frankfurt;Plane;6676;5381.5;54367.02;5;66016.7;30.07.2017
MoveIt;Dresden;Truck;22311;743.1;10393.47;2;216.7;26.08.2018
HeavyLift;Brussels;Truck;14441;226.5;5763.83;2;62.5;05.06.2016
ShipLine;Copenhagen;Train;23072;1240.6;10845.66;5;1407.9;23.12.2018
CargoBridge;Zagreb;Ship;167046;5399.9;36026.48;16;37008.9;06.04.2022
SkyCargo;Ljubljana;Truck;21415;1089.3;11460.38;3;444.3;04.10.2019
CargoOne;Bratislava;Truck;2752;1128.5;6365.66;3;420.5;06.09.2019
GlobalFreight;Berlin;Ship;59939;2689.9;13108.16;11;16624.2;25.05.2022
SkyCargo;Budapest;Train;78627;2020.6;15624.75;5;4800.4;30.05.2024
RoadRunner;Warsaw;Ship;247696;7510.6;50166.3;21;52594.5;07.07.2016
CargoOne;Hamburg;Ship;237911;6617.4;34169.38;16;51166.9;30.01.2025
EuroTrans;Zagreb;Train;64180;205.6;10903.48;2;402.4;22.07.2023
CargoBridge;Bratislava;Truck;22784;245.9;14913.13;1;83.4;30.10.2018
RailCargo;Vienna;Train;56892;529.8;6510.98;4;1090.2;18.05.2016
MoveIt;Milan;Truck;18912;1018.8;7305.65;4;318.1;22.01.2019
TransMax;Budapest;Ship;197828;3242.7;25090.58;12;26672.1;26.01.2018
NorthWind;Frankfurt;Plane;7206;4334.2;105222.96;3;28014.3;14.05.2015
QuickCargo;Munich;Train;69902;687.4;7529.97;5;1414.4;10.10.2016
ShipLine;Amsterdam;Truck;4158;1060.2;5480.26;4;401.5;22.11.2024
RoadRunner;Paris;Plane;14108;4864.2;108318.99;3;55077.2;15.11.2025
ShipLine;Ljubljana;Ship;84192;5001.7;31519.31;20;27904.9;26.10.2015
BlueLogistics;Brussels;Truck;16267;782.8;15309.65;2;321.1;02.08.2019
SkyCargo;Bratislava;Train;1099;1588.1;6863.72;6;1808.2;04.12.2019
NorthWind;Frankfurt;Truck;6321;264.7;10577.11;1;64.4;21.10.2024
FastMove;Zagreb;Truck;8023;67.0;6022.37;1;26.2;14.02.2017
BlueLogistics;Warsaw;Train;13061;2029.6;11401.74;5;2036.4;16.02.2015
EuroTrans;Amsterdam;Truck;3957;668.4;4063.9;4;169.2;03.04.2025
RoadRunner;Milan;Plane;5813;895.8;108080.49;1;10724.6;06.02.2021
CargoBridge;Warsaw;Truck;2887;333.0;2101.17;3;104.6;09.09.2023
RailCargo;Prague;Train;31391;2145.9;9125.45;6;2979.9;01.08.2016
RailCargo;Munich;Ship;264237;3038.8;21277.66;13;28179.2;11.10.2018
FastMove;Dresden;Plane;14663;1305.3;87762.65;2;14937.4;13.10.2018
CargoOne;Brussels;Truck;9522;119.4;8201.23;1;34.6;11.07.2021
ShipLine;Prague;Truck;17202;865.5;14834.16;2;310.6;23.01.2017
MoveIt;Brussels;Train;49543;1162.3;13348.87;3;1981.7;22.05.2019
SkyCargo;Munich;Truck;7456;98.3;3938.29;2;25.6;05.12.2015
CargoBridge;Bratislava;Ship;107241;4965.7;39741.32;17;38181.5;02.08.2015
GlobalFreight;Copenhagen;Truck;15856;965.5;14448.61;2;274.9;15.03.2018
SkyCargo;Paris;Ship;279431;4032.0;27838.83;16;43759.3;20.11.2016
ShipLine;Amsterdam;Train;23321;2246.4;10421.28;5;3952.7;01.02.2020
NorthWind;Munich;Plane;629;2303.9;125040.03;2;21270.7;02.09.2022
MoveIt;Zurich;Truck;9606;1065.8;9550.54;3;263.7;18.01.2019
RoadRunner;Bratislava;Truck;15632;109.9;4285.39;3;44.1;09.01.2018
TransMax;Brussels;Truck;19666;522.8;5751.37;4;161.6;28.02.2022
NorthWind;Milan;Train;44564;844.3;7048.51;4;1413.3;26.04.2023
ShipLine;Ljubljana;Plane;908;3893.9;100601.72;4;23091.0;08.11.2024
FastMove;Amsterdam;Ship;267313;7937.9;42337.58;16;54222.3;16.03.2019
NorthWind;Brussels;Train;15642;808.7;10795.55;2;994.5;05.08.2022
BlueLogistics;Hamburg;Truck;14296;58.2;6552.4;1;16.2;11.05.2021
BlueLogistics;Vienna;Plane;2157;4587.8;132356.78;4;37059.6;02.04.2019
FastMove;Zurich;Truck;5167;682.2;8371.25;2;149.1;10.05.2016
RoadRunner;Zurich;Truck;8243;1109.4;9728.88;3;404.6;22.01.2019
CargoOne;Dresden;Truck;430;1080.4;9085.55;3;379.0;12.12.2019
TransMax;Amsterdam;Train;55182;561.8;6641.84;5;886.9;06.11.2019
BlueLogistics;Milan;Truck;21419;175.8;6343.88;3;52.5;29.11.2020
TransMax;Copenhagen;Truck;13054;162.5;4015.61;2;61.3;17.11.2016
BlueLogistics;Milan;Ship;155758;3970.2;16538.56;10;25265.0;03.08.2020
GlobalFreight;Hamburg;Truck;22406;870.4;9180.3;4;335.9;07.08.2022
TransMax;Milan;Truck;10401;1182.8;7730.79;4;478.5;18.06.2024
CargoBridge;Frankfurt;Train;53065;1842.7;9854.99;6;3228.1;09.03.2016
GlobalFreight;Warsaw;Truck;23751;346.8;10682.21;2;106.6;01.02.2019
CargoBridge;Zurich;Plane;1238;2917.8;74207.18;3;34172.4;08.04.2020
CargoBridge;Bratislava;Truck;67;1075.1;4619.12;4;293.1;24.07.2018
NorthWind;Berlin;Train;1144;1293.8;8376.13;3;1055.8;07.01.2016
CargoBridge;Zagreb;Truck;15172;1092.3;9864.91;3;294.2;29.02.2016
NorthWind;Budapest;Truck;3014;662.1;5936.98;3;201.3;26.10.2016
CargoOne;Amsterdam;Plane;6257;3085.7;63919.81;3;36116.1;22.05.2021
FastMove;Paris;Truck;13118;199.4;4286.0;3;74.1;04.10.2025
EuroTrans;Zurich;Truck;9230;534.3;7547.52;2;196.6;07.12.2022
MoveIt;Vienna;Ship;253002;2625.0;18912.36;10;19109.7;30.01.2018
CargoBridge;Frankfurt;Truck;2096;313.1;2991.66;3;115.2;28.10.2015
TransMax;Vienna;Truck;13168;637.9;12667.22;2;215.1;25.11.2018
FastMove;Paris;Train;55887;747.6;15714.99;3;1021.2;06.10.2019
HeavyLift;Paris;Truck;3279;1114.2;4097.27;5;385.8;09.02.2015
RailCargo;Berlin;Ship;155991;5448.1;28299.75;13;47431.7;30.05.2025
NorthWind;Warsaw;Plane;4781;4030.2;105752.94;4;43676.4;28.06.2023
NorthWind;Prague;Plane;13910;3488.3;102929.71;3;39513.7;04.09.2022
QuickCargo;Paris;Truck;3702;482.1;2916.14;3;168.8;12.03.2016
QuickCargo;Paris;Train;37656;2423.9;10470.59;6;4654.5;01.07.2017
GlobalFreight;Zagreb;Truck;15707;922.9;13114.64;2;343.3;17.05.2024
GlobalFreight;Amsterdam;Truck;23065;979.9;7698.21;4;423.5;01.12.2023
RoadRunner;Hamburg;Truck;3837;145.0;2771.47;2;47.1;05.01.2018
NorthWind;Prague;Train;74511;1024.5;18344.33;3;2134.1;19.09.2021
GlobalFreight;Zagreb;Plane;1124;1342.4;35744.67;2;11112.7;23.07.2015
RailCargo;Hamburg;Train;23032;1594.6;13587.56;4;2230.5;19.11.2018
MoveIt;Bratislava;Truck;23763;843.5;8657.45;4;332.1;18.04.2023
ShipLine;Frankfurt;Train;3898;2252.7;12910.96;6;3068.1;01.06.2019
SkyCargo;Hamburg;Truck;21930;191.1;5812.02;3;68.0;06.11.2024
SkyCargo;Budapest;Ship;114926;7141.4;36008.4;17;33115.6;15.07.2016
GlobalFreight;Prague;Ship;117297;5900.8;42709.44;18;36804.3;06.10.2019
EuroTrans;Ljubljana;Train;34736;2403.3;12628.56;5;3219.9;18.07.2020
BlueLogistics;Budapest;Truck;7669;798.1;4303.96;4;304.0;01.08.2022
CargoBridge;Zurich;Train;33612;227.3;8392.25;2;339.0;03.04.2016
GlobalFreight;Frankfurt;Truck;20249;760.3;11311.36;3;250.2;09.05.2021
EuroTrans;Paris;Truck;21054;1050.4;7179.43;5;284.2;23.09.2022
MoveIt;Dresden;Truck;23188;749.0;6620.37;4;261.0;13.05.2017
ShipLine;Milan;Truck;23697;305.9;8291.68;3;108.6;06.06.2016
RoadRunner;Budapest;Truck;3391;418.7;2683.63;3;136.5;13.03.2016
CargoOne;Zagreb;Truck;22214;478.9;11054.28;2;206.1;15.09.2025
SkyCargo;Zurich;Train;22851;2216.8;9583.87;5;3977.3;27.11.2016
CargoBridge;Berlin;Train;69145;2006.3;16283.87;6;4424.0;21.07.2025
TransMax;Zurich;Truck;3484;1005.6;7416.24;3;215.0;05.11.2024
ShipLine;Frankfurt;Truck;4109;760.7;5824.46;3;297.8;18.03.2021
EuroTrans;Budapest;Truck;263;112.2;907.27;2;38.9;13.03.2016
RoadRunner;Amsterdam;Truck;17857;566.5;12095.34;2;219.9;07.01.2024
BlueLogistics;Dresden;Truck;9169;560.9;4331.95;4;173.5;20.05.2016
FastMove;Amsterdam;Ship;136180;4006.8;21012.85;15;26989.5;17.06.2018
CargoOne;Ljubljana;Ship;12998;7152.8;54553.05;15;61604.3;30.07.2025
SkyCargo;Frankfurt;Truck;8694;285.1;4451.78;2;70.5;28.06.2022
SkyCargo;Munich;Train;68326;1915.9;14899.97;7;2625.6;31.12.2020
HeavyLift;Zagreb;Truck;5488;1171.6;6039.1;5;364.5;15.10.2015
GlobalFreight;Brussels;Ship;128133;1522.3;15072.73;7;6821.8;01.09.2019
NorthWind;Zagreb;Truck;22925;1073.7;6330.22;4;444.7;05.11.2023
FastMove;Brussels;Train;77869;2497.5;10263.22;6;5313.6;21.04.2017
QuickCargo;Warsaw;Ship;34922;2640.6;9778.7;9;16653.2;06.09.2023
BlueLogistics;Zagreb;Train;4102;1699.9;10597.75;5;2790.4;18.01.2025
CargoOne;Zurich;Plane;2143;2540.9;61577.63;2;15989.6;12.01.2018
ShipLine;Zurich;Truck;8897;546.3;3980.47;4;149.4;08.08.2018
CargoOne;Brussels;Plane;9449;5089.6;126045.32;4;32718.0;19.01.2024
CargoBridge;Ljubljana;Train;3675;475.2;4907.39;4;862.1;21.05.2015
RoadRunner;Milan;Truck;19885;984.6;11943.33;3;303.7;15.02.2015
CargoBridge;Dresden;Truck;13629;745.2;8720.63;3;290.3;11.08.2018
RailCargo;Paris;Plane;12211;2956.8;52329.2;3;30746.4;15.12.2017
HeavyLift;Munich;Truck;1869;411.8;3092.68;4;132.1;01.05.2025
GlobalFreight;Paris;Truck;9244;967.2;9275.63;2;360.3;30.03.2022
ShipLine;Paris;Train;32315;1572.5;14820.28;3;3181.7;09.09.2024
NorthWind;Vienna;Truck;20665;88.3;7005.88;2;29.9;14.06.2024
HeavyLift;Bratislava;Plane;8525;2476.4;58754.55;2;32120.3;03.06.2015
CargoOne;Zurich;Train;47526;786.2;11388.78;3;1272.4;17.03.2023
SkyCargo;Ljubljana;Truck;670;465.5;5086.53;2;169.1;01.03.2018
RailCargo;Brussels;Truck;2033;560.0;4091.91;2;135.2;19.09.2018
QuickCargo;Vienna;Truck;5641;633.2;6203.4;3;150.7;22.08.2022
NorthWind;Milan;Truck;12113;826.3;4625.07;4;288.1;17.07.2025
CargoOne;Ljubljana;Ship;42034;7493.7;47442.03;22;37173.8;24.05.2020
TransMax;Zagreb;Ship;208045;7788.6;58525.32;24;77822.1;13.06.2015
QuickCargo;Amsterdam;Ship;134763;1925.4;14081.77;7;13668.5;12.06.2018
RailCargo;Warsaw;Truck;9635;342.1;6128.24;2;116.0;21.03.2022
SkyCargo;Munich;Truck;21817;404.6;6111.22;3;123.8;27.12.2015
MoveIt;Amsterdam;Ship;147530;5355.5;27196.42;20;45909.5;27.12.2022
RoadRunner;Munich;Ship;175191;4094.4;36435.92;19;21724.1;11.05.2018
SkyCargo;Zurich;Truck;21694;55.7;13957.51;1;18.6;22.01.2025
RailCargo;Amsterdam;Ship;86090;6528.0;46713.44;20;36531.2;17.07.2020
SkyCargo;Prague;Train;32469;1296.2;13271.95;4;2216.0;02.01.2024
HeavyLift;Zagreb;Plane;761;2990.2;51872.72;3;20993.5;13.02.2016
MoveIt;Dresden;Truck;17686;537.0;6576.24;3;168.7;08.10.2019
QuickCargo;Copenhagen;Ship;47789;5782.9;43914.52;18;40978.9;27.05.2024
HeavyLift;Budapest;Truck;20078;806.5;10680.98;3;280.4;30.05.2025
MoveIt;Prague;Train;59154;1016.6;20357.32;3;1383.0;22.11.2019
QuickCargo;Hamburg;Ship;222930;6082.5;51752.07;18;55951.4;09.05.2020
ShipLine;Warsaw;Truck;14804;458.8;4498.13;4;153.1;04.02.2019
QuickCargo;Prague;Train;37475;1027.9;16661.4;3;1401.3;05.10.2022
RoadRunner;Dresden;Truck;4381;984.1;5720.94;3;387.2;01.03.2025
HeavyLift;Dresden;Truck;11087;437.1;5319.52;3;155.1;11.06.2023
NorthWind;Brussels;Truck;22654;1002.3;13775.88;3;309.3;19.04.2015
RoadRunner;Paris;Plane;11256;4791.9;120539.59;4;46930.7;04.01.2022
QuickCargo;Budapest;Truck;22078;707.6;7946.7;3;264.5;08.07.2021
HeavyLift;Munich;Train;56386;1683.8;10346.1;6;2097.6;04.11.2021
SkyCargo;Prague;Ship;248628;2149.3;13059.93;10;23077.3;21.02.2025
TransMax;Zurich;Truck;1905;464.4;2308.57;4;146.2;24.12.2018
BlueLogistics;Zagreb;Truck;22357;948.1;7621.82;4;284.1;25.03.2018
RoadRunner;Vienna;Train;56641;1096.1;14816.71;4;1366.3;12.12.2016
GlobalFreight;Munich;Truck;19921;164.0;10185.52;1;56.3;03.01.2022
SkyCargo;Budapest;Truck;1559;600.0;5203.11;2;130.0;15.06.2018
MoveIt;Prague;Truck;15789;1139.0;10265.88;4;324.2;12.01.2023
EuroTrans;Bratislava;Train;995;424.6;6487.58;2;503.9;06.11.2021
RoadRunner;Warsaw;Truck;18805;848.4;5499.59;4;287.1;14.03.2016
SkyCargo;Budapest;Train;12877;2485.0;15501.84;5;4501.4;03.12.2015
NorthWind;Budapest;Truck;7602;266.9;6724.46;2;103.7;04.10.2021
RailCargo;Brussels;Train;33767;1686.5;20271.68;4;2744.3;03.04.2021
NorthWind;Hamburg;Train;38116;1021.7;6698.91;5;1650.8;26.01.2023
ShipLine;Amsterdam;Truck;10683;682.4;12134.3;2;190.7;20.10.2024
ShipLine;Zagreb;Ship;46587;5723.2;41489.99;21;39596.5;05.01.2019
CargoOne;Paris;Truck;14583;231.6;5074.0;3;63.7;04.06.2018
NorthWind;Frankfurt;Truck;12979;585.7;5340.47;4;218.2;04.12.2024
BlueLogistics;Frankfurt;Ship;145719;4590.8;21467.36;18;22645.2;22.11.2019
ShipLine;Munich;Train;65755;1304.3;10411.67;5;2186.9;15.03.2015
ShipLine;Copenhagen;Train;22178;2170.9;15255.57;6;3978.3;18.01.2017
MoveIt;Zurich;Truck;7272;414.3;4614.3;2;131.2;16.12.2017
FastMove;Prague;Truck;2313;167.6;4375.19;1;58.2;14.10.2017
ShipLine;Berlin;Plane;5990;1490.2;50684.61;2;18271.1;23.12.2023
GlobalFreight;Paris;Truck;12175;719.8;9302.32;2;181.3;25.01.2023
GlobalFreight;Frankfurt;Truck;7430;505.0;2602.88;4;121.8;09.07.2015
QuickCargo;Vienna;Plane;4529;4311.8;126414.26;4;26947.9;02.09.2025
CargoOne;Zagreb;Plane;1718;537.5;33889.38;2;5445.1;22.05.2017
ShipLine;Hamburg;Truck;20812;734.9;6487.31;4;209.0;29.05.2022
CargoBridge;Zurich;Train;10559;1151.6;7564.79;5;2140.5;13.09.2024
EuroTrans;Bratislava;Truck;2584;50.1;2503.32;1;13.9;13.10.2019
CargoBridge;Copenhagen;Truck;10309;1102.9;4600.49;5;452.2;04.02.2023
CargoOne;Bratislava;Ship;297087;1400.9;21208.41;12;8624.6;20.10.2018
CargoOne;Vienna;Ship;41727;6173.8;30273.53;20;42292.5;10.01.2025
CargoBridge;Brussels;Truck;15841;1158.7;9781.77;4;455.7;27.01.2018
TransMax;Zagreb;Plane;6854;3838.2;148680.12;3;31493.2;23.09.2018
RailCargo;Budapest;Truck;9007;452.4;8922.47;2;129.3;04.05.2019
RoadRunner;Bratislava;Train;54898;1792.2;12927.26;6;3570.2;22.11.2017
CargoBridge;Warsaw;Train;65904;566.5;24528.11;2;798.8;02.02.2016
RailCargo;Berlin;Truck;2528;689.8;6346.31;3;227.1;30.06.2020
CargoOne;Dresden;Truck;18020;615.7;8056.81;3;266.2;26.03.2023
HeavyLift;Vienna;Plane;4591;5483.8;126518.42;5;54734.1;25.05.2023
RailCargo;Zagreb;Ship;287495;935.2;13947.21;5;7438.8;22.05.2016
BlueLogistics;Ljubljana;Train;23670;1713.2;13199.13;5;2106.5;26.06.2015
HeavyLift;Budapest;Truck;18512;522.6;7167.72;3;147.7;23.01.2015
ShipLine;Copenhagen;Train;1890;380.8;7401.03;2;513.7;14.01.2019
RoadRunner;Zagreb;Truck;19578;1121.7;6735.66;5;456.4;30.08.2022
CargoOne;Paris;Truck;2787;1045.4;7241.11;3;224.3;18.09.2022
MoveIt;Ljubljana;Truck;23327;1155.8;5291.97;5;504.2;22.04.2020
SkyCargo;Bratislava;Truck;12099;376.5;7032.12;2;120.1;02.06.2020
ShipLine;Berlin;Truck;22596;611.3;12146.77;2;248.2;09.07.2023
BlueLogistics;Zurich;Train;27409;469.8;11043.2;2;770.8;10.10.2016
ShipLine;Munich;Train;70588;1631.0;23892.44;4;2857.9;22.02.2018
TransMax;Berlin;Ship;58612;5680.7;28462.61;14;46628.8;01.01.2018
TransMax;Zurich;Train;51759;1644.5;16959.08;5;3347.5;07.01.2016
EuroTrans;Munich;Truck;4278;515.8;4190.51;2;130.6;10.04.2021
SkyCargo;Berlin;Truck;21617;614.5;12495.7;2;174.9;18.01.2023
CargoOne;Copenhagen;Train;30185;1252.7;10834.01;5;2447.1;25.12.2021
FastMove;Paris;Truck;12462;553.8;6724.5;3;177.2;21.07.2019
CargoBridge;Milan;Train;25778;1112.1;7292.68;4;2202.2;31.12.2025
MoveIt;Copenhagen;Train;19412;632.4;5675.53;4;989.3;12.01.2019
CargoOne;Dresden;Plane;6364;5525.4;106539.26;4;33024.9;11.03.2020
MoveIt;Hamburg;Ship;297996;7323.3;63890.89;20;48050.8;18.02.2022
CargoBridge;Zurich;Ship;31682;6233.6;29351.19;19;37020.9;22.03.2018
BlueLogistics;Amsterdam;Plane;4552;4660.6;124310.51;4;33476.9;05.01.2023
RailCargo;Prague;Train;65577;1601.2;13350.97;6;2683.0;30.09.2017
ShipLine;Milan;Train;37547;212.2;7377.63;3;359.1;13.07.2018
QuickCargo;Dresden;Ship;251357;1215.3;15290.51;5;10263.2;08.07.2024
ShipLine;Brussels;Truck;6212;180.6;7039.66;1;70.5;01.12.2023
CargoOne;Warsaw;Ship;176847;4727.0;32136.47;19;31854.7;11.09.2020
TransMax;Prague;Train;40798;613.9;12043.66;2;777.1;11.01.2015
ShipLine;Munich;Truck;480;307.3;3247.31;2;69.7;11.06.2024
GlobalFreight;Berlin;Truck;8336;428.9;4286.44;3;104.8;17.07.2022
TransMax;Milan;Truck;6874;465.7;3959.0;4;156.0;14.02.2022
HeavyLift;Vienna;Train;12635;1025.4;4515.09;5;1021.9;01.04.2024
CargoOne;Zagreb;Truck;9056;1113.8;4937.88;5;331.3;02.04.2025
MoveIt;Hamburg;Truck;15543;937.4;10281.74;3;341.5;30.05.2021
CargoBridge;Bratislava;Truck;20095;637.6;9592.94;2;235.3;16.07.2024
BlueLogistics;Berlin;Truck;13575;108.9;7384.61;1;42.6;20.04.2024
MoveIt;Warsaw;Truck;9784;286.0;4212.34;3;73.6;12.10.2015
RoadRunner;Amsterdam;Ship;155556;3603.5;18100.92;17;25727.7;09.08.2022
QuickCargo;Hamburg;Truck;10375;402.2;5033.69;3;137.5;20.09.2019
SkyCargo;Warsaw;Truck;19175;917.3;9302.05;3;260.1;09.11.2023
NorthWind;Warsaw;Train;76382;1619.9;15365.05;5;2889.4;09.07.2023
CargoOne;Budapest;Truck;6937;373.4;5949.26;2;98.2;07.09.2017
FastMove;Copenhagen;Truck;937;217.0;1722.13;2;72.0;24.01.2015
CargoOne;Zurich;Truck;14321;1010.3;4376.67;5;328.3;08.08.2020
NorthWind;Budapest;Truck;15257;899.0;10453.7;3;344.2;09.04.2017
RailCargo;Frankfurt;Truck;15959;285.9;7551.8;2;75.4;11.10.2025
EuroTrans;Hamburg;Truck;18539;1032.6;9165.51;4;287.7;26.11.2016
HeavyLift;Ljubljana;Truck;15343;775.5;8893.04;3;267.9;14.01.2015
RoadRunner;Frankfurt;Train;54767;2215.4;13404.76;7;3576.8;13.12.2016
SkyCargo;Vienna;Ship;208008;4720.0;39597.08;11;34694.3;21.11.2023
SkyCargo;Frankfurt;Truck;15986;1092.9;9050.37;4;338.1;07.02.2021
NorthWind;Bratislava;Truck;811;629.1;4953.88;3;215.4;04.10.2016
NorthWind;Zurich;Truck;15003;752.8;4186.23;4;248.2;13.09.2015
SkyCargo;Hamburg;Truck;20294;883.6;8031.84;4;371.7;09.03.2025
SkyCargo;Ljubljana;Train;36115;302.4;4507.39;4;485.3;05.12.2023
GlobalFreight;Dresden;Truck;20838;845.9;6291.48;3;237.1;27.08.2020
QuickCargo;Prague;Truck;23876;535.9;9639.69;3;155.2;25.06.2021
ShipLine;Zurich;Truck;16391;77.9;5278.96;2;20.0;09.12.2016
CargoBridge;Paris;Train;58016;2134.2;25136.73;4;3528.7;26.07.2020
CargoOne;Zurich;Plane;12906;941.6;59623.75;2;9535.7;31.01.2022
QuickCargo;Ljubljana;Truck;5525;139.5;1801.97;3;33.5;17.07.2016
HeavyLift;Zagreb;Train;33534;833.7;11983.3;3;1572.8;16.01.2020
BlueLogistics;Berlin;Truck;15699;1043.6;8144.33;4;288.7;02.05.2025
CargoBridge;Ljubljana;Train;53056;1844.5;13118.4;4;2234.6;20.04.2018
RailCargo;Copenhagen;Truck;22921;739.9;9986.82;3;292.7;27.05.2016
GlobalFreight;Paris;Train;34980;891.6;10301.45;3;1650.0;01.01.2017
RoadRunner;Berlin;Plane;11793;1391.1;39368.29;2;15140.2;10.02.2016
GlobalFreight;Bratislava;Truck;14411;644.3;5681.77;4;267.4;22.11.2020
BlueLogistics;Amsterdam;Train;70805;2048.0;11278.91;6;3966.7;03.04.2022
CargoBridge;Bratislava;Truck;13854;626.1;8419.54;2;200.6;17.07.2017
GlobalFreight;Copenhagen;Truck;18224;359.0;16994.75;1;152.7;21.11.2015
QuickCargo;Zurich;Ship;220177;4973.3;30490.79;13;32787.3;09.05.2015
CargoOne;Vienna;Truck;9400;542.1;3358.87;4;187.5;06.11.2015
HeavyLift;Berlin;Train;1332;2171.4;13960.14;4;1989.8;25.08.2021
MoveIt;Paris;Truck;23651;1134.2;11893.99;3;327.4;05.01.2018
MoveIt;Copenhagen;Truck;16136;895.5;6611.19;4;366.2;21.03.2024
CargoOne;Paris;Truck;11187;871.2;6472.11;4;293.0;12.09.2022
CargoBridge;Hamburg;Truck;6547;939.8;7306.57;3;278.1;07.02.2025
RailCargo;Warsaw;Truck;20602;564.5;6933.23;3;219.5;28.04.2016
MoveIt;Zagreb;Truck;8334;819.3;6513.87;2;208.3;09.01.2018
EuroTrans;Budapest;Plane;14899;5966.7;131693.43;5;51927.8;22.07.2023
NorthWind;Brussels;Truck;22125;1105.3;11416.01;4;373.4;11.03.2018
ShipLine;Zagreb;Train;11207;805.8;5531.98;5;724.4;02.11.2024
GlobalFreight;Hamburg;Train;72515;2459.3;15115.56;6;4531.0;16.04.2021
ShipLine;Paris;Train;8277;1899.2;12118.32;4;1769.7;16.10.2025
TransMax;Frankfurt;Train;22086;2133.2;14222.77;6;2166.0;23.07.2025
HeavyLift;Amsterdam;Truck;20601;807.7;6642.79;5;236.5;17.02.2018
HeavyLift;Zurich;Truck;4817;942.1;6074.44;4;256.0;21.08.2025
CargoBridge;Zagreb;Train;7550;1882.4;10808.56;5;3225.3;08.12.2017
NorthWind;Copenhagen;Train;63522;2301.1;20147.25;5;4934.2;02.06.2022
TransMax;Zurich;Truck;13487;964.4;6635.26;4;392.1;12.05.2015
RoadRunner;Ljubljana;Train;23272;870.6;7543.97;4;992.1;18.02.2022
HeavyLift;Budapest;Truck;13932;628.2;8185.39;3;194.2;26.07.2015
CargoBridge;Munich;Truck;107;731.0;5143.02;3;194.3;21.01.2019
TransMax;Frankfurt;Train;46472;725.8;4765.14;5;1087.8;23.08.2023
BlueLogistics;Zurich;Truck;1880;355.0;1903.59;3;103.1;25.08.2019
MoveIt;Hamburg;Truck;19413;893.8;9681.39;3;340.9;20.01.2021
QuickCargo;Bratislava;Ship;252770;5259.5;41388.69;14;50877.9;31.10.2016
FastMove;Warsaw;Ship;166778;2113.9;15379.33;12;11067.8;14.11.2017
HeavyLift;Zagreb;Plane;3582;3278.7;85117.29;3;32548.1;24.02.2019
MoveIt;Prague;Truck;21195;765.0;7823.26;4;295.0;09.06.2017
EuroTrans;Ljubljana;Truck;23439;1121.4;10037.42;4;465.9;02.10.2018
ShipLine;Budapest;Truck;19919;934.3;7382.07;4;291.8;20.12.2021
TransMax;Amsterdam;Truck;16393;1113.3;9052.35;4;349.4;15.12.2021
RoadRunner;Brussels;Ship;62061;2205.2;10492.02;14;11960.7;12.08.2022
TransMax;Dresden;Train;47990;2458.1;15113.39;6;4616.7;26.06.2019
TransMax;Budapest;Train;55472;241.1;7653.34;4;378.0;08.07.2018
EuroTrans;Zagreb;Plane;13142;2954.8;81724.82;3;35277.8;17.03.2022
GlobalFreight;Amsterdam;Truck;21270;285.5;9684.31;2;125.7;23.05.2017
NorthWind;Zurich;Ship;205761;3172.2;18868.74;16;27773.2;18.03.2020
RailCargo;Milan;Train;3173;527.7;2948.46;4;849.4;14.06.2018
NorthWind;Milan;Ship;248303;6716.1;27614.86;15;37026.0;26.08.2018
BlueLogistics;Frankfurt;Ship;226145;1184.5;13645.4;7;10596.4;12.12.2024
ShipLine;Copenhagen;Plane;11983;1645.1;101982.61;2;18151.4;13.12.2022
MoveIt;Zagreb;Truck;12659;1018.9;8808.98;4;279.6;02.05.2020
GlobalFreight;Hamburg;Truck;11450;908.9;9689.54;3;259.0;02.07.2016
MoveIt;Prague;Truck;6368;563.0;5141.85;3;156.0;29.10.2021
HeavyLift;Warsaw;Train;35911;1498.3;18888.85;4;2618.8;23.04.2022
RailCargo;Munich;Train;72964;1739.0;24992.9;4;4022.5;31.07.2016
TransMax;Zagreb;Truck;11674;814.6;8169.4;3;330.0;19.09.2018
CargoOne;Ljubljana;Truck;17798;825.0;11443.67;3;227.1;07.07.2025
BlueLogistics;Vienna;Train;17615;1199.5;6768.33;6;1690.1;17.04.2024
QuickCargo;Milan;Truck;2578;1144.0;7182.79;4;404.6;06.12.2023
CargoOne;Vienna;Train;35931;325.6;8490.0;2;672.1;29.01.2017
RailCargo;Milan;Truck;10014;485.3;5905.39;3;149.9;29.05.2025
RailCargo;Milan;Train;18754;2229.5;15237.43;6;3159.8;29.08.2015
GlobalFreight;Prague;Truck;738;423.1;2142.64;3;146.7;11.11.2021
TransMax;Zurich;Ship;102422;3868.8;27596.66;11;31886.9;24.05.2024
FastMove;Copenhagen;Plane;13942;2339.3;91334.62;3;23624.4;11.08.2018
BlueLogistics;Zurich;Truck;16130;735.9;6929.55;4;196.1;28.06.2021
BlueLogistics;Berlin;Plane;6210;4917.0;132108.84;3;58520.1;26.07.2015
RailCargo;Copenhagen;Truck;7267;744.5;4652.11;3;283.5;07.01.2018
FastMove;Warsaw;Truck;21014;1015.8;7122.87;5;360.1;01.03.2016
RoadRunner;Zurich;Truck;20429;87.1;7132.27;2;24.1;12.04.2024
FastMove;Budapest;Truck;16803;1042.2;11589.87;3;363.1;27.06.2018
QuickCargo;Zagreb;Truck;16710;697.7;6513.17;4;197.6;21.12.2021
RailCargo;Frankfurt;Train;56966;1437.2;8717.03;6;2406.2;12.07.2025
QuickCargo;Amsterdam;Truck;1221;946.2;6377.97;4;268.1;18.02.2024
GlobalFreight;Milan;Truck;6420;984.3;3732.58;5;360.0;12.09.2016
QuickCargo;Vienna;Truck;14667;426.7;3463.47;3;146.3;14.10.2016
CargoBridge;Dresden;Truck;13344;387.8;9585.04;2;137.3;13.02.2024
FastMove;Amsterdam;Truck;10734;533.2;9356.43;2;152.5;11.10.2023
BlueLogistics;Warsaw;Truck;20978;705.6;6130.43;3;315.4;21.11.2024
NorthWind;Vienna;Truck;2493;639.6;3609.67;4;177.1;03.02.2018
CargoBridge;Ljubljana;Train;40513;898.9;16177.85;3;1227.5;15.02.2021
FastMove;Paris;Truck;20242;924.7;11489.92;3;273.3;14.09.2024
QuickCargo;Vienna;Train;57387;1777.1;9041.46;6;3137.1;18.06.2024
RailCargo;Berlin;Train;69002;2101.8;20778.47;4;4789.7;23.10.2019
CargoBridge;Brussels;Ship;58910;3598.9;15199.84;13;22992.2;30.10.2016
CargoOne;Brussels;Ship;297091;4175.3;35051.69;19;33505.2;20.03.2021
EuroTrans;Bratislava;Plane;10228;564.1;36773.41;2;5503.0;13.08.2018
QuickCargo;Zagreb;Truck;1147;1198.2;7387.82;3;286.8;30.10.2020
MoveIt;Brussels;Truck;18347;449.7;5031.51;3;131.9;29.05.2018
NorthWind;Ljubljana;Truck;3344;792.1;5660.82;4;251.3;15.06.2025
BlueLogistics;Munich;Plane;9401;914.1;115888.71;1;5780.4;09.08.2017
BlueLogistics;Bratislava;Plane;2394;5092.8;122726.57;4;53895.1;17.12.2020
GlobalFreight;Zurich;Ship;270370;1991.1;22092.81;8;18727.7;17.12.2017
BlueLogistics;Bratislava;Truck;3045;956.0;4898.97;3;309.9;14.08.2024
GlobalFreight;Zagreb;Truck;3315;367.9;3848.21;3;102.2;13.02.2021
TransMax;Milan;Plane;4090;4932.9;128568.69;3;59643.7;03.07.2023
BlueLogistics;Zagreb;Truck;5516;582.3;4618.17;4;142.9;15.02.2018
BlueLogistics;Bratislava;Train;27306;420.8;7422.54;3;758.5;07.11.2019
GlobalFreight;Brussels;Truck;6514;57.5;1668.03;3;16.6;09.08.2024
QuickCargo;Paris;Ship;28225;5987.1;34284.97;22;30601.1;13.04.2018
CargoOne;Zagreb;Ship;277310;4695.6;28679.98;14;37400.4;06.01.2017
RoadRunner;Hamburg;Ship;17214;6193.9;23953.48;20;52227.2;29.09.2024
SkyCargo;Ljubljana;Train;69126;1075.2;16799.55;3;1796.1;09.09.2019
EuroTrans;Hamburg;Plane;6717;4154.2;44478.28;4;35346.1;21.03.2017
MoveIt;Budapest;Train;3705;1233.2;4894.4;6;1286.0;21.02.2025
MoveIt;Zurich;Plane;5549;2941.1;84880.65;3;34405.4;23.09.2019
BlueLogistics;Zagreb;Truck;19386;1185.3;9600.62;4;414.5;28.09.2022
MoveIt;Paris;Truck;19164;262.0;9551.09;2;116.1;05.05.2022
TransMax;Amsterdam;Plane;6415;5278.9;101791.5;5;43107.5;10.03.2017
TransMax;Zagreb;Ship;156072;3600.2;20055.47;12;19844.0;14.07.2025
EuroTrans;Budapest;Truck;21572;1159.4;10345.46;3;373.8;06.01.2018
TransMax;Budapest;Train;51178;1780.6;16812.01;4;3029.9;23.11.2024
RailCargo;Berlin;Plane;9729;2878.9;87932.01;3;22208.2;01.06.2015
RailCargo;Frankfurt;Truck;20246;878.5;11911.23;3;295.3;12.03.2023
RailCargo;Prague;Truck;16658;263.4;8928.08;2;90.8;02.10.2017
RailCargo;Hamburg;Train;78946;1028.7;25524.62;3;2412.9;18.07.2018
NorthWind;Berlin;Train;39832;1081.6;12155.42;3;1420.1;21.11.2021
RoadRunner;Prague;Train;67926;2369.5;10205.49;7;4332.5;08.10.2015
FastMove;Prague;Truck;5765;374.7;2354.34;4;95.9;30.11.2025
RailCargo;Frankfurt;Truck;18346;797.7;6954.96;4;249.4;30.12.2023
MoveIt;Zagreb;Truck;6551;179.9;7864.65;1;67.7;23.07.2020
MoveIt;Brussels;Truck;7378;692.9;4902.35;4;164.7;27.08.2020
CargoOne;Zurich;Truck;22936;1075.7;14482.73;3;446.7;22.06.2020
GlobalFreight;Copenhagen;Train;23644;2010.3;18222.69;4;2209.0;03.02.2024
SkyCargo;Zagreb;Truck;3048;241.1;1643.21;3;80.7;25.10.2025
RailCargo;Milan;Train;51309;1213.8;16603.03;3;1507.6;23.10.2015
ShipLine;Frankfurt;Truck;605;954.5;8352.42;3;313.7;13.07.2018
SkyCargo;Dresden;Train;70369;2207.6;10803.17;5;4723.6;11.08.2024
HeavyLift;Warsaw;Truck;14911;199.8;12991.79;1;64.1;09.02.2015
RoadRunner;Milan;Truck;659;1124.3;4436.01;5;394.4;10.01.2017
TransMax;Paris;Truck;20930;506.5;9408.64;2;154.4;06.06.2022
ShipLine;Berlin;Truck;21436;1028.2;5366.94;5;443.4;21.01.2015
FastMove;Bratislava;Truck;23135;495.6;13135.23;2;173.3;11.01.2025
ShipLine;Munich;Truck;11992;904.4;14282.15;2;333.1;02.04.2023
MoveIt;Hamburg;Train;46484;2241.1;12974.29;5;4727.0;06.07.2019
QuickCargo;Munich;Truck;2285;424.3;10148.89;1;152.5;04.05.2016
ShipLine;Amsterdam;Truck;21858;1078.5;9313.0;3;435.8;17.05.2022
EuroTrans;Prague;Train;7723;1219.2;9545.55;5;2185.0;05.09.2016
HeavyLift;Prague;Truck;6653;157.4;3076.04;2;52.9;26.08.2017
RoadRunner;Berlin;Truck;21707;491.5;4646.58;4;218.4;25.06.2017
RoadRunner;Warsaw;Train;3047;2209.3;10877.05;6;1879.0;03.08.2016
NorthWind;Copenhagen;Truck;23425;100.4;12755.65;1;37.3;25.01.2019
CargoOne;Prague;Truck;20796;344.0;6839.13;3;115.6;29.07.2022
QuickCargo;Zurich;Truck;21114;904.3;8559.43;3;260.4;14.09.2021
CargoOne;Budapest;Truck;12347;52.5;3513.1;3;13.7;29.01.2015
RailCargo;Prague;Ship;260120;1607.1;16145.5;13;9313.6;02.05.2023
RoadRunner;Munich;Truck;15554;1089.1;5909.59;4;431.6;23.05.2019
NorthWind;Munich;Train;68028;1749.4;12710.79;5;2788.5;02.11.2019
GlobalFreight;Brussels;Train;73651;1910.0;13860.11;6;3803.5;05.08.2016
CargoBridge;Prague;Truck;18259;1165.3;4475.25;5;320.8;13.10.2023
NorthWind;Paris;Truck;9728;611.1;8170.76;2;174.1;25.08.2024
QuickCargo;Zagreb;Truck;14397;1092.9;4179.61;5;337.3;05.07.2021
GlobalFreight;Milan;Truck;1718;693.9;9825.88;2;221.2;23.01.2023
RoadRunner;Milan;Truck;10376;275.2;4727.4;2;110.0;23.07.2016
RoadRunner;Bratislava;Truck;1295;773.6;4320.4;4;243.0;05.12.2017
GlobalFreight;Berlin;Train;56940;467.8;5700.3;4;780.8;25.01.2015
ShipLine;Zurich;Truck;14071;118.1;8422.34;1;32.8;08.04.2025
BlueLogistics;Vienna;Truck;14799;904.5;9979.18;3;387.3;19.11.2018
HeavyLift;Vienna;Truck;1084;355.8;10502.45;1;88.3;08.12.2018
TransMax;Dresden;Truck;3772;239.4;3212.09;2;77.3;01.05.2023
RailCargo;Warsaw;Truck;17848;1104.7;12948.37;3;403.0;13.11.2019
FastMove;Budapest;Ship;205680;6426.4;40286.55;16;43207.6;18.05.2020
RailCargo;Bratislava;Truck;12580;989.1;10081.61;3;399.3;26.08.2015
QuickCargo;Vienna;Train;40569;2497.1;22738.42;5;5215.1;27.09.2016
GlobalFreight;Ljubljana;Ship;94460;7140.5;28492.16;20;33299.3;03.10.2018
TransMax;Warsaw;Truck;5067;658.0;3362.32;3;182.2;18.05.2025
NorthWind;Dresden;Ship;66772;3228.9;25383.82;13;30528.8;31.07.2024
SkyCargo;Berlin;Ship;112561;2136.9;19828.52;14;18706.1;19.10.2018
BlueLogistics;Prague;Plane;14594;3189.4;97686.94;2;37128.0;21.04.2021
CargoBridge;Frankfurt;Truck;14165;170.3;4319.51;2;56.3;21.09.2022
MoveIt;Vienna;Train;2777;1687.4;15942.49;4;2810.2;24.05.2015
RoadRunner;Milan;Plane;14950;2112.8;71340.46;3;19927.5;23.11.2019
RoadRunner;Warsaw;Ship;243340;2580.1;19526.64;14;21307.4;21.04.2016
TransMax;Paris;Train;65425;1057.1;16735.57;4;1696.8;25.04.2021
RailCargo;Munich;Train;62872;721.1;16766.02;3;1611.5;25.06.2015
BlueLogistics;Vienna;Train;43290;2473.1;17323.89;6;4672.8;12.05.2025
CargoBridge;Bratislava;Truck;6315;318.6;11080.89;1;96.1;07.09.2016
RoadRunner;Frankfurt;Truck;17984;982.3;10791.38;3;367.3;02.02.2024
QuickCargo;Vienna;Train;1474;1282.8;15888.42;3;1384.2;11.09.2017
ShipLine;Bratislava;Train;33187;694.5;9891.5;4;775.3;12.12.2017
BlueLogistics;Zurich;Truck;22134;446.1;7174.77;3;131.7;23.08.2019
FastMove;Vienna;Truck;15164;1198.6;5302.59;4;493.8;04.03.2020
SkyCargo;Zagreb;Ship;185255;6200.8;55526.39;16;40528.3;25.11.2023
CargoBridge;Brussels;Ship;106708;4054.9;22977.94;10;18868.9;23.08.2021
EuroTrans;Copenhagen;Truck;23844;594.4;15540.33;2;224.5;04.01.2018
BlueLogistics;Dresden;Truck;17974;193.3;6008.7;3;66.7;16.07.2019
GlobalFreight;Brussels;Truck;1597;658.9;2814.98;4;229.2;01.09.2022
RoadRunner;Berlin;Ship;152483;5631.2;41109.16;15;39067.6;08.10.2023
EuroTrans;Brussels;Truck;22741;286.0;9708.36;2;126.6;27.07.2023
TransMax;Brussels;Ship;107313;1363.0;9389.42;11;9773.8;23.07.2023
EuroTrans;Hamburg;Train;40546;2489.9;10181.3;6;4367.4;18.11.2020
TransMax;Amsterdam;Truck;2701;178.7;1988.88;2;53.1;08.05.2020
BlueLogistics;Dresden;Train;13051;1136.4;14505.09;3;1286.1;16.12.2024
QuickCargo;Munich;Train;73690;2062.6;17001.36;4;2945.1;02.07.2021
EuroTrans;Milan;Train;4979;1430.3;6242.29;6;1324.1;30.07.2015
NorthWind;Amsterdam;Truck;23838;407.5;8459.17;2;152.1;12.07.2020
HeavyLift;Prague;Truck;22690;525.7;5950.91;3;195.1;05.05.2015
BlueLogistics;Vienna;Truck;5739;667.6;5446.15;3;226.7;30.09.2021
NorthWind;Dresden;Truck;7366;779.3;6138.67;4;314.6;29.10.2025
TransMax;Munich;Ship;276000;5453.0;33532.08;13;45337.3;30.09.2017
MoveIt;Brussels;Train;32346;1877.0;5614.06;7;3414.0;15.05.2018
MoveIt;Frankfurt;Truck;2851;1038.8;8542.02;3;367.2;10.06.2023
EuroTrans;Amsterdam;Plane;6390;4996.8;119471.28;4;30268.2;05.07.2020
CargoOne;Vienna;Truck;4978;1181.2;5409.55;4;467.5;12.12.2024
MoveIt;Munich;Truck;13806;696.1;9190.89;2;240.0;31.01.2017
BlueLogistics;Ljubljana;Train;56301;2442.9;11302.14;7;4157.6;12.12.2023
ShipLine;Ljubljana;Plane;6835;639.3;40565.51;2;4621.5;08.03.2022
FastMove;Amsterdam;Truck;19125;704.4;10302.14;2;231.4;19.08.2019
RoadRunner;Dresden;Truck;13655;302.2;7189.71;2;112.7;10.05.2024
MoveIt;Milan;Truck;16669;148.5;12114.78;1;43.9;24.07.2020
CargoBridge;Frankfurt;Truck;20018;208.8;5200.2;2;68.4;29.11.2025
NorthWind;Frankfurt;Plane;4798;1555.2;89493.91;2;18309.3;12.12.2021
CargoBridge;Copenhagen;Truck;8798;200.1;4764.47;2;52.5;08.03.2022
CargoOne;Budapest;Truck;16992;601.3;13207.53;2;190.3;28.03.2025
FastMove;Copenhagen;Ship;127760;6007.6;44509.03;17;40514.1;11.01.2015
BlueLogistics;Frankfurt;Plane;527;4494.3;70863.44;3;38229.4;07.11.2021
CargoBridge;Dresden;Plane;6169;3318.8;48065.71;3;39270.1;26.07.2024
FastMove;Ljubljana;Plane;8146;516.9;21604.13;2;5846.2;10.08.2022
FastMove;Amsterdam;Truck;5504;399.6;3598.69;3;144.4;10.02.2025
CargoOne;Vienna;Ship;240043;3705.4;21820.74;12;27110.5;12.02.2022
EuroTrans;Dresden;Truck;21883;62.4;5667.55;2;25.4;31.08.2015
MoveIt;Paris;Plane;8594;3133.6;114100.41;3;35997.8;01.06.2021
RailCargo;Prague;Ship;203982;6173.9;54746.55;21;46229.8;01.10.2015
NorthWind;Paris;Truck;12451;141.2;3897.39;2;54.5;15.03.2019
RailCargo;Ljubljana;Train;11591;410.2;9644.96;2;458.2;05.05.2019
MoveIt;Ljubljana;Truck;11910;432.3;6373.81;2;164.7;09.09.2023
EuroTrans;Brussels;Truck;17249;273.5;7995.94;2;110.4;06.09.2025
RailCargo;Copenhagen;Truck;23125;107.7;3791.04;3;48.0;24.03.2020
TransMax;Paris;Train;14653;283.3;5516.89;2;263.3;06.06.2018
SkyCargo;Ljubljana;Truck;12840;171.1;9596.71;1;58.9;20.08.2015
MoveIt;Munich;Truck;19950;903.8;9789.39;3;244.4;01.06.2017
FastMove;Munich;Truck;23412;276.9;10103.23;2;118.4;25.04.2025
CargoOne;Zagreb;Truck;18302;511.2;6029.5;3;219.8;21.07.2025
RailCargo;Milan;Truck;6540;655.9;5817.69;3;154.2;31.10.2023
CargoOne;Zurich;Truck;14973;508.8;5818.28;3;161.9;03.07.2021
NorthWind;Hamburg;Train;17880;1854.9;14307.31;4;2848.3;10.08.2021
RailCargo;Zagreb;Truck;19141;946.4;4698.89;5;387.5;02.10.2018
HeavyLift;Prague;Plane;10253;3459.5;58815.24;4;28754.9;06.04.2023
SkyCargo;Budapest;Truck;13277;726.2;6058.93;3;302.3;17.06.2020
HeavyLift;Dresden;Train;79711;2134.7;15446.24;7;3818.3;15.05.2020
SkyCargo;Brussels;Truck;9782;1099.8;7400.18;3;393.0;16.02.2023
CargoBridge;Zurich;Train;38645;1780.1;15307.94;4;2436.4;23.01.2019
HeavyLift;Bratislava;Truck;18423;223.1;6916.68;2;60.8;13.04.2022
EuroTrans;Dresden;Truck;15004;1090.6;10998.78;3;290.4;12.06.2025
HeavyLift;Copenhagen;Ship;291333;2522.5;23602.96;9;23374.6;23.08.2019
SkyCargo;Warsaw;Train;49269;242.8;8650.5;3;400.6;07.01.2019
CargoOne;Warsaw;Truck;20500;802.2;11313.19;3;331.2;01.06.2019
ShipLine;Zagreb;Train;52196;900.3;12044.17;5;1155.5;02.10.2015
SkyCargo;Copenhagen;Truck;14456;517.3;5679.41;3;207.6;10.08.2017
TransMax;Amsterdam;Ship;285043;3624.8;23675.33;10;21431.8;07.08.2019
EuroTrans;Zurich;Train;55730;1614.4;14625.82;4;2951.2;02.04.2024
HeavyLift;Zagreb;Truck;7422;944.4;9676.77;3;258.0;17.11.2017
RoadRunner;Paris;Truck;21439;201.7;9456.38;2;60.9;04.07.2024
FastMove;Munich;Ship;138516;5233.3;17422.46;20;28083.4;24.07.2022
RoadRunner;Munich;Ship;207019;3358.5;21363.55;11;22848.6;10.12.2021
RailCargo;Berlin;Truck;5601;141.6;2040.46;3;35.8;15.01.2024
HeavyLift;Prague;Plane;2032;5407.9;72203.21;5;52628.5;18.10.2022
TransMax;Budapest;Truck;3103;644.9;4910.49;3;155.9;16.09.2025
MoveIt;Hamburg;Ship;177346;2428.6;13655.25;11;23853.8;19.01.2016
SkyCargo;Bratislava;Truck;12952;418.6;4861.53;4;108.1;05.08.2025
EuroTrans;Milan;Truck;2190;526.6;5137.44;2;116.5;08.07.2025
CargoBridge;Zagreb;Ship;218878;5612.2;32759.52;16;33853.4;22.02.2019
QuickCargo;Milan;Truck;4227;909.9;4255.11;4;325.9;22.02.2018
QuickCargo;Brussels;Truck;8579;249.6;6555.35;2;59.4;15.06.2023
SkyCargo;Munich;Train;79354;1373.3;17398.67;3;2328.1;18.05.2017
GlobalFreight;Bratislava;Ship;230326;3268.5;25953.0;10;36659.3;22.05.2023
NorthWind;Prague;Truck;2824;1188.2;6809.89;5;301.9;12.11.2025
QuickCargo;Ljubljana;Ship;133379;6897.1;26212.2;21;40539.0;08.12.2021
FastMove;Frankfurt;Ship;201243;3084.5;30250.5;14;25374.6;01.08.2015
TransMax;Milan;Train;35815;925.1;7298.94;4;1313.6;05.04.2015
NorthWind;Brussels;Truck;23709;767.9;8163.23;3;296.1;06.09.2018
BlueLogistics;Prague;Truck;8991;412.9;8127.68;2;111.9;16.01.2018
CargoBridge;Budapest;Train;33815;1782.3;14468.72;6;1986.9;15.03.2023
TransMax;Hamburg;Truck;1617;458.2;2120.07;4;140.3;02.11.2018
NorthWind;Hamburg;Train;31943;2153.0;13614.45;6;3603.2;01.02.2017
QuickCargo;Munich;Ship;178447;1823.8;12462.15;12;17140.6;30.05.2025
QuickCargo;Copenhagen;Ship;163090;7194.4;55458.98;20;49351.5;18.12.2019
SkyCargo;Amsterdam;Ship;132374;6633.9;28225.89;19;59446.5;25.08.2022
GlobalFreight;Vienna;Plane;5811;3275.2;91756.54;3;31453.1;16.11.2024
SkyCargo;Prague;Train;63715;1501.5;16995.23;4;3223.6;24.10.2020
BlueLogistics;Prague;Train;79472;363.7;14250.71;3;803.7;08.08.2023
NorthWind;Frankfurt;Truck;20858;919.3;6816.24;4;250.7;29.09.2024
RailCargo;Munich;Train;49938;1761.5;9629.03;5;2075.2;12.02.2016
SkyCargo;Frankfurt;Truck;10804;648.5;11859.85;2;220.7;22.05.2015
ShipLine;Paris;Ship;71518;5573.7;44311.78;13;34097.2;10.12.2024
ShipLine;Zurich;Truck;13121;74.0;3884.94;3;30.3;17.02.2017
RoadRunner;Munich;Truck;8418;392.6;3138.96;3;144.6;15.02.2022
FastMove;Zagreb;Truck;20501;672.6;3982.16;4;180.5;13.03.2017
TransMax;Copenhagen;Truck;22369;256.8;6836.72;3;73.8;31.10.2017
CargoBridge;Budapest;Ship;210681;1394.4;15924.0;9;10637.3;24.06.2020
QuickCargo;Amsterdam;Truck;13822;559.4;7024.42;3;237.2;11.03.2016
NorthWind;Hamburg;Truck;12706;55.9;5487.0;1;22.3;10.10.2016
RoadRunner;Berlin;Truck;9723;1148.0;12100.91;3;419.4;01.01.2018
BlueLogistics;Berlin;Train;39397;255.7;9053.46;2;499.3;28.07.2016
BlueLogistics;Budapest;Ship;137190;2965.0;11030.84;17;21398.6;31.05.2019
CargoOne;Brussels;Truck;16153;790.5;6782.74;4;275.8;13.11.2017
FastMove;Dresden;Truck;5323;119.0;1864.19;3;26.5;31.01.2024
MoveIt;Dresden;Train;12955;1870.8;13573.52;5;3053.2;25.02.2022
MoveIt;Brussels;Train;49044;1440.5;17192.57;4;2207.6;13.01.2024
QuickCargo;Amsterdam;Truck;23912;580.3;12291.04;2;223.8;26.06.2020
CargoBridge;Vienna;Ship;119003;949.3;8477.65;11;9340.6;26.07.2024
RailCargo;Paris;Truck;17680;936.5;11173.74;2;295.7;18.05.2017
CargoOne;Bratislava;Train;3913;1452.5;4836.35;5;2437.3;08.09.2025
TransMax;Ljubljana;Truck;11427;351.2;7873.96;2;128.4;10.11.2023
QuickCargo;Vienna;Plane;2305;1659.5;90822.19;2;10016.8;12.02.2022
BlueLogistics;Berlin;Truck;16661;980.6;13326.28;3;334.4;23.09.2025
BlueLogistics;Amsterdam;Ship;32751;4717.4;21487.63;18;36888.2;14.06.2024
MoveIt;Prague;Train;56761;1790.2;8868.11;6;2335.8;26.03.2015
HeavyLift;Zurich;Train;52641;732.8;10654.3;5;1374.9;03.06.2016
FastMove;Warsaw;Truck;13310;173.1;4205.93;2;42.3;17.07.2024
NorthWind;Ljubljana;Plane;3837;5451.7;74196.24;5;34958.9;05.06.2020
BlueLogistics;Ljubljana;Truck;265;64.4;484.89;3;19.1;13.09.2019
QuickCargo;Zurich;Truck;7757;593.6;4867.65;3;198.9;06.10.2018
BlueLogistics;Ljubljana;Truck;5699;263.6;4091.75;2;78.8;22.05.2021
NorthWind;Zagreb;Train;29480;2065.9;8257.27;6;3292.3;30.04.2019
CargoOne;Amsterdam;Train;33157;2440.6;8272.48;6;4364.5;15.02.2023
CargoOne;Milan;Train;58157;2422.4;13091.23;7;4958.4;04.02.2016
RoadRunner;Copenhagen;Train;29663;1651.7;13537.29;4;1784.5;10.09.2016
GlobalFreight;Brussels;Truck;20976;155.2;5746.58;3;58.9;20.01.2022
MoveIt;Amsterdam;Truck;9592;944.4;9661.2;3;240.4;02.07.2021
NorthWind;Prague;Truck;16724;679.7;12314.95;2;261.9;03.06.2022
MoveIt;Hamburg;Truck;17585;1119.6;10775.39;3;479.3;10.06.2025
BlueLogistics;Bratislava;Ship;135903;2274.8;19861.81;10;17115.0;04.08.2020
ShipLine;Amsterdam;Truck;23029;216.7;6586.06;2;87.4;24.12.2023
SkyCargo;Zagreb;Train;53856;755.3;11985.99;3;1137.0;20.05.2019
SkyCargo;Amsterdam;Train;3669;1401.7;6010.82;5;2491.4;02.03.2016
RailCargo;Munich;Train;73439;1555.2;19299.74;4;2512.6;30.11.2019
ShipLine;Hamburg;Truck;6185;1040.8;9485.4;3;247.6;14.04.2021
CargoBridge;Ljubljana;Truck;8764;512.8;9084.54;2;191.1;29.04.2023
HeavyLift;Bratislava;Plane;5608;3071.9;53746.37;3;35929.6;07.11.2021
RailCargo;Frankfurt;Ship;65200;7568.6;41537.33;19;35722.8;03.03.2016
BlueLogistics;Milan;Train;73031;530.2;15579.67;3;852.7;09.05.2024
GlobalFreight;Prague;Train;58122;1015.2;13128.06;3;1592.3;31.08.2019
RailCargo;Zurich;Train;15577;1390.6;7888.42;4;2201.8;10.07.2015
ShipLine;Dresden;Ship;155025;2214.9;18463.82;12;18546.4;15.11.2017
GlobalFreight;Budapest;Truck;17780;1146.5;5336.07;4;377.1;02.02.2019
TransMax;Amsterdam;Truck;22993;610.3;4653.68;4;203.0;27.02.2016
NorthWind;Warsaw;Truck;22121;164.8;5855.75;3;70.8;11.12.2024
FastMove;Munich;Ship;128363;4446.4;22346.45;19;27407.3;14.01.2025
QuickCargo;Prague;Train;62736;509.7;23837.65;2;1099.5;03.04.2025
GlobalFreight;Copenhagen;Train;26011;2489.9;13540.3;7;3975.5;21.01.2020
HeavyLift;Bratislava;Truck;8320;1096.6;9154.79;3;353.6;30.12.2023
CargoBridge;Dresden;Train;74709;567.9;6874.61;4;1262.2;05.12.2021
TransMax;Copenhagen;Truck;1129;911.2;6068.47;3;278.3;03.06.2016
MoveIt;Brussels;Train;17473;1476.7;8199.68;5;2746.4;04.08.2018
RailCargo;Munich;Plane;239;740.6;31105.27;2;5619.1;07.05.2016
MoveIt;Frankfurt;Ship;8631;4482.5;21029.31;17;13835.8;12.01.2021
EuroTrans;Dresden;Plane;12081;5259.0;134211.27;4;40665.6;25.09.2016
CargoOne;Hamburg;Truck;17823;131.1;9929.34;1;52.0;12.11.2016
BlueLogistics;Ljubljana;Truck;5533;794.7;9166.99;2;212.1;05.10.2015
RoadRunner;Dresden;Truck;22298;53.0;4994.28;3;18.9;30.04.2024
MoveIt;Zurich;Ship;297870;7511.6;56516.46;19;59878.7;19.07.2021
EuroTrans;Copenhagen;Truck;20916;720.0;7265.23;4;257.4;09.12.2018
RoadRunner;Vienna;Truck;7576;211.9;3226.51;3;61.4;09.02.2020
MoveIt;Budapest;Ship;142648;5476.1;34579.35;16;31322.0;14.12.2024
RailCargo;Vienna;Train;42597;261.5;3402.65;4;437.9;19.02.2022
EuroTrans;Brussels;Truck;19758;877.5;8588.25;4;242.3;28.03.2024
CargoBridge;Zurich;Truck;10789;588.2;4437.17;3;155.4;03.10.2023
CargoBridge;Frankfurt;Train;13067;1880.4;14843.11;5;3288.5;18.10.2015
SkyCargo;Warsaw;Truck;9210;236.0;4970.68;2;76.4;31.07.2021
HeavyLift;Berlin;Ship;96388;4949.5;37917.33;15;36030.6;20.11.2018
QuickCargo;Dresden;Ship;263604;7856.4;63148.25;22;90818.3;04.06.2022
CargoOne;Milan;Truck;18722;73.8;4659.66;3;23.2;14.06.2022
GlobalFreight;Ljubljana;Truck;20264;218.9;18765.11;1;72.1;11.03.2019
MoveIt;Brussels;Train;72227;1815.1;18098.22;4;3920.0;22.10.2018
QuickCargo;Dresden;Truck;12507;947.5;4387.37;5;275.6;31.08.2022
HeavyLift;Zagreb;Train;45713;210.7;12287.38;2;386.7;20.02.2025
EuroTrans;Zurich;Train;7134;1996.5;13522.71;6;2421.8;24.01.2025
EuroTrans;Zurich;Train;60541;1314.1;20938.63;4;2899.8;16.12.2020
BlueLogistics;Paris;Truck;19816;819.8;16927.73;2;309.3;01.06.2015
QuickCargo;Brussels;Truck;10122;787.1;5756.63;4;279.6;21.12.2024
TransMax;Budapest;Truck;6431;227.1;9534.25;1;82.2;14.02.2020
BlueLogistics;Hamburg;Plane;9117;5043.7;148417.0;4;57861.1;29.03.2019
GlobalFreight;Ljubljana;Truck;4597;460.8;5117.73;2;133.5;23.01.2021
GlobalFreight;Prague;Train;50899;1180.3;14651.94;3;2537.0;30.06.2019
HeavyLift;Frankfurt;Truck;1730;307.8;6065.87;1;82.4;26.10.2018
MoveIt;Amsterdam;Truck;16752;561.4;12825.68;2;202.7;18.03.2018
HeavyLift;Ljubljana;Truck;22641;991.0;8112.82;4;339.3;18.05.2017
TransMax;Hamburg;Truck;11022;541.5;5892.3;3;211.3;09.04.2022
FastMove;Hamburg;Train;48206;1214.0;9343.71;5;1832.9;12.06.2021
SkyCargo;Warsaw;Train;20391;766.1;11243.03;3;1202.0;26.12.2024
ShipLine;Vienna;Truck;3587;56.7;1627.02;2;15.9;20.07.2025
MoveIt;Hamburg;Truck;17925;1004.3;7543.4;4;261.3;27.09.2016
ShipLine;Warsaw;Plane;6829;1728.4;57044.26;2;13498.2;14.11.2025
NorthWind;Zurich;Ship;275941;3611.1;23397.0;14;25396.2;01.02.2022
QuickCargo;Vienna;Train;63481;1410.8;14705.04;5;2340.8;23.07.2022
CargoOne;Dresden;Truck;20310;143.5;9355.88;2;46.6;06.01.2020
MoveIt;Berlin;Train;42611;263.7;8829.25;2;312.3;28.07.2018
QuickCargo;Zagreb;Truck;20635;210.9;7148.9;3;76.9;19.12.2021
GlobalFreight;Dresden;Ship;227014;7585.6;58701.69;21;57014.3;29.11.2016
RailCargo;Frankfurt;Truck;17037;90.0;10943.29;1;37.2;26.09.2022
BlueLogistics;Milan;Train;22919;906.2;8536.38;5;1573.9;15.01.2023
EuroTrans;Hamburg;Truck;16969;475.2;7964.99;2;186.0;09.08.2020
FastMove;Warsaw;Ship;248914;7955.5;36289.43;19;53581.1;11.09.2021
EuroTrans;Frankfurt;Ship;264950;2248.4;12553.06;13;14777.9;14.02.2025
CargoOne;Budapest;Train;50351;370.8;11491.21;2;670.8;30.04.2018
HeavyLift;Hamburg;Truck;117;831.7;7278.91;3;316.3;07.10.2025
BlueLogistics;Amsterdam;Train;10177;1115.6;7513.49;5;1689.7;27.07.2025
ShipLine;Berlin;Ship;54617;3181.6;12604.06;12;25066.3;23.09.2025
QuickCargo;Amsterdam;Plane;1581;5199.5;122266.58;4;50737.5;07.02.2019
CargoOne;Bratislava;Train;41393;2026.9;9363.12;6;2594.3;03.08.2016
MoveIt;Amsterdam;Truck;5088;803.4;6248.78;4;211.4;17.06.2025
GlobalFreight;Amsterdam;Truck;2568;516.4;3021.77;4;200.0;06.02.2019
NorthWind;Frankfurt;Plane;5980;1243.6;42174.85;2;8647.1;27.05.2015
TransMax;Milan;Truck;21828;963.9;12471.23;3;320.9;16.09.2020
GlobalFreight;Dresden;Truck;18286;935.7;9790.75;3;279.5;10.12.2020
TransMax;Copenhagen;Train;45750;297.4;8508.04;4;485.2;06.06.2024
BlueLogistics;Frankfurt;Truck;4171;767.3;6072.28;3;217.8;30.05.2018
HeavyLift;Ljubljana;Ship;58786;3465.9;17957.03;13;18978.1;24.05.2019
GlobalFreight;Paris;Train;5600;1960.3;13018.96;6;2283.9;28.07.2020
MoveIt;Budapest;Truck;6003;244.6;5784.79;1;64.4;20.09.2015
RoadRunner;Warsaw;Ship;251065;6751.6;54259.3;22;41286.2;18.09.2017
GlobalFreight;Vienna;Ship;52663;6538.2;25024.38;22;61582.6;18.05.2024
EuroTrans;Dresden;Truck;4782;203.6;8289.38;1;64.3;12.07.2023
FastMove;Bratislava;Truck;20890;937.2;7531.87;3;308.4;01.09.2021
EuroTrans;Munich;Truck;7633;75.7;1759.11;2;27.6;20.02.2017
EuroTrans;Ljubljana;Train;71878;1588.3;14346.19;5;2382.8;09.03.2022
RoadRunner;Zagreb;Train;31083;1842.5;14653.84;5;3301.9;22.04.2016
NorthWind;Zagreb;Plane;4618;1510.9;33741.48;3;15849.4;21.12.2023
RailCargo;Zurich;Truck;19582;932.8;6684.91;5;324.4;11.10.2015
CargoBridge;Bratislava;Truck;21085;267.6;10353.37;2;101.1;30.08.2017
RailCargo;Berlin;Truck;4047;1140.7;4993.17;5;312.2;23.09.2019
FastMove;Zagreb;Train;26426;2302.5;10959.13;6;3651.5;01.07.2022
SkyCargo;Zagreb;Train;26122;2189.4;12926.59;6;3803.3;20.08.2020
EuroTrans;Vienna;Truck;5292;241.1;10406.15;1;95.5;17.03.2017
SkyCargo;Vienna;Truck;10713;1129.6;9400.98;3;299.5;26.04.2019
EuroTrans;Zagreb;Train;38677;1974.2;7272.55;7;3767.3;28.01.2016
HeavyLift;Zurich;Truck;5306;408.2;4590.68;2;161.4;19.12.2019
NorthWind;Prague;Train;74857;2095.5;22380.49;5;4332.8;28.11.2018
CargoOne;Bratislava;Truck;20156;229.7;5135.66;3;69.5;14.12.2018
CargoBridge;Hamburg;Ship;127835;4780.3;31389.81;13;35432.0;04.02.2019
TransMax;Vienna;Train;3335;2055.2;12596.84;5;3262.5;25.10.2018
SkyCargo;Zagreb;Truck;16721;447.4;6778.8;3;129.3;10.07.2017
EuroTrans;Hamburg;Truck;18385;604.4;7949.72;3;254.6;28.05.2018
SkyCargo;Zurich;Truck;15332;574.8;5970.58;3;222.3;06.01.2018
SkyCargo;Amsterdam;Train;50415;2394.5;12961.07;7;2920.0;12.07.2016
NorthWind;Budapest;Truck;21696;1129.5;14116.26;3;342.7;20.02.2019
TransMax;Bratislava;Ship;62971;1543.8;11748.83;12;6178.8;15.04.2023
RailCargo;Munich;Train;19221;2450.5;11999.02;6;3313.8;18.04.2015
TransMax;Bratislava;Plane;9333;4564.3;71154.01;4;43961.1;28.12.2017
EuroTrans;Zurich;Ship;109126;3139.3;18147.47;17;15779.9;23.02.2023
QuickCargo;Amsterdam;Truck;2250;519.2;7458.07;2;128.4;26.02.2025
CargoBridge;Hamburg;Truck;23356;447.0;6936.89;2;188.2;31.07.2022
MoveIt;Brussels;Train;4453;1696.3;8802.69;5;2928.9;19.08.2025
FastMove;Munich;Truck;13217;468.0;8033.09;2;151.6;17.11.2019
ShipLine;Copenhagen;Truck;13602;237.8;4587.62;3;95.5;07.04.2023
CargoOne;Ljubljana;Train;9568;1889.4;8053.31;6;1853.3;02.04.2018
SkyCargo;Prague;Truck;9792;746.9;5798.37;4;187.8;13.01.2023
RoadRunner;Prague;Truck;2329;344.6;3082.03;3;112.4;25.11.2016
QuickCargo;Hamburg;Train;38961;1883.5;7769.89;6;2383.0;01.05.2017
CargoOne;Brussels;Truck;2854;1071.4;5206.13;3;235.9;06.09.2022
BlueLogistics;Vienna;Truck;355;450.2;4677.56;2;120.1;20.07.2018
CargoOne;Copenhagen;Truck;14627;936.4;3693.28;5;293.2;09.11.2020
BlueLogistics;Milan;Plane;364;2326.7;75887.98;3;13708.0;26.04.2020
CargoOne;Budapest;Truck;17740;945.2;7695.05;3;262.7;04.03.2025
QuickCargo;Brussels;Truck;3202;883.6;6915.32;3;305.7;27.05.2015
RailCargo;Warsaw;Train;43179;1170.3;17947.18;3;1613.4;15.08.2025
GlobalFreight;Milan;Truck;1230;1026.8;3505.8;4;301.8;02.12.2019
EuroTrans;Paris;Train;40631;1455.2;12753.79;4;2662.1;25.02.2021
SkyCargo;Brussels;Train;56666;279.3;7962.32;3;378.0;19.08.2017
RailCargo;Berlin;Truck;19131;67.2;3933.34;2;25.1;09.10.2024
RoadRunner;Warsaw;Plane;4425;4378.5;97631.88;4;25264.7;13.04.2016
EuroTrans;Ljubljana;Plane;12985;1108.3;69471.86;2;12594.4;15.10.2020
SkyCargo;Ljubljana;Ship;45304;3002.5;23875.87;11;21017.4;23.12.2023
GlobalFreight;Bratislava;Train;43855;885.1;8309.25;5;1130.8;16.05.2020
BlueLogistics;Dresden;Plane;9772;2884.2;111748.88;3;35134.9;08.11.2024
FastMove;Berlin;Truck;5655;1145.0;7405.89;4;401.0;09.03.2024
HeavyLift;Hamburg;Truck;15475;540.0;6848.6;3;186.1;10.09.2020
FastMove;Prague;Truck;4465;637.3;7885.65;2;143.1;08.01.2019
FastMove;Amsterdam;Truck;11697;926.3;8986.3;3;251.1;16.11.2023
RailCargo;Copenhagen;Truck;21117;867.0;12639.59;3;247.3;12.08.2021
TransMax;Paris;Train;50485;1762.2;10499.07;5;3616.9;10.04.2025
MoveIt;Brussels;Plane;1828;2828.0;29866.43;4;31672.8;21.07.2022
BlueLogistics;Prague;Train;63091;615.2;10547.2;3;1080.7;05.12.2020
RailCargo;Amsterdam;Ship;186632;2288.8;21651.38;7;16508.2;20.10.2019
CargoOne;Paris;Truck;918;655.0;6036.58;3;173.1;07.08.2015
SkyCargo;Hamburg;Truck;6171;769.6;6659.15;3;265.6;27.05.2015
GlobalFreight;Milan;Ship;168383;7482.5;56060.21;23;61312.1;19.06.2024
EuroTrans;Bratislava;Truck;1628;125.7;1907.91;2;41.6;21.07.2021
RoadRunner;Berlin;Truck;3905;156.0;2220.25;3;47.4;08.11.2021
CargoBridge;Dresden;Truck;8685;617.3;6283.32;3;167.7;18.12.2019
HeavyLift;Vienna;Plane;7154;4717.5;142173.64;4;40350.3;11.11.2023
CargoOne;Bratislava;Truck;21076;617.8;5869.64;4;249.0;22.12.2018
NorthWind;Budapest;Ship;32492;5269.7;30896.33;18;25356.0;21.03.2017
RoadRunner;Berlin;Truck;18243;620.1;8722.55;3;256.6;13.02.2019
MoveIt;Hamburg;Ship;44327;3139.9;21551.01;16;15490.0;15.07.2020
HeavyLift;Hamburg;Train;636;514.2;4664.94;3;501.6;08.04.2024
QuickCargo;Prague;Truck;119;670.7;4836.88;2;164.5;21.08.2020
EuroTrans;Amsterdam;Truck;13321;161.4;9230.11;1;59.4;26.06.2020
QuickCargo;Frankfurt;Train;15412;2032.7;9357.88;7;2671.3;12.06.2019
HeavyLift;Zurich;Truck;9247;739.1;7923.55;3;249.1;11.12.2024
RailCargo;Vienna;Truck;4150;793.9;5343.3;4;310.5;25.06.2016
RailCargo;Warsaw;Truck;21289;358.9;5330.33;3;158.4;13.05.2023
MoveIt;Munich;Train;54536;895.2;9362.6;3;1378.7;12.12.2020
RoadRunner;Paris;Truck;13180;633.2;5956.14;4;254.0;12.07.2024
BlueLogistics;Ljubljana;Plane;14385;2437.5;39862.3;3;17944.2;19.04.2018
SkyCargo;Ljubljana;Truck;10002;952.6;8874.88;3;260.7;31.07.2022
TransMax;Ljubljana;Plane;10573;2577.6;97207.93;3;27717.2;01.12.2019
GlobalFreight;Amsterdam;Ship;165411;4168.5;19891.25;14;38252.8;02.05.2022
HeavyLift;Munich;Train;21268;236.9;7707.63;2;367.9;06.12.2023
GlobalFreight;Munich;Ship;46115;2926.9;22597.05;11;23995.0;22.06.2023
MoveIt;Brussels;Truck;17189;895.4;4126.9;5;296.3;02.01.2025
RailCargo;Paris;Train;66303;1629.9;10310.03;5;3264.6;23.09.2019
GlobalFreight;Dresden;Truck;18294;713.1;5515.53;4;218.3;23.05.2022
HeavyLift;Zurich;Train;30982;240.9;5220.27;4;381.3;24.03.2017
QuickCargo;Bratislava;Truck;12831;1140.7;5391.68;4;281.6;22.10.2021
SkyCargo;Copenhagen;Plane;11671;1256.0;45620.05;2;11142.4;16.12.2022
CargoBridge;Amsterdam;Ship;110593;3280.8;28228.47;9;13798.6;03.03.2016
RoadRunner;Berlin;Ship;265146;5879.3;23008.84;17;66520.4;21.12.2022
TransMax;Amsterdam;Plane;4560;1813.1;54763.76;3;11061.9;29.03.2022
QuickCargo;Bratislava;Truck;16694;916.6;8473.61;3;362.8;18.04.2022
ShipLine;Zurich;Truck;15053;452.6;5006.65;3;138.4;15.03.2024
BlueLogistics;Milan;Ship;34099;1228.9;7111.55;9;7260.1;03.01.2015
CargoOne;Paris;Truck;15915;912.4;7881.03;4;370.5;30.12.2022
CargoOne;Amsterdam;Truck;7169;570.2;2914.23;4;134.6;24.02.2018
FastMove;Milan;Ship;232828;1470.7;11967.9;12;9158.4;21.09.2015
NorthWind;Bratislava;Train;20981;1969.5;6977.68;7;2406.3;01.11.2018
FastMove;Ljubljana;Train;47906;1799.4;7744.41;6;2939.1;02.12.2017
MoveIt;Copenhagen;Truck;8403;616.5;4183.41;4;206.6;04.09.2015
CargoOne;Budapest;Truck;6677;828.1;6614.41;4;284.9;14.10.2019
MoveIt;Budapest;Truck;18297;336.8;5834.04;2;116.9;08.07.2017
HeavyLift;Zagreb;Ship;65020;2838.5;18526.88;16;18054.1;07.06.2016
SkyCargo;Munich;Truck;21181;459.5;5295.38;3;204.1;27.06.2022
RailCargo;Zagreb;Truck;12168;255.6;3471.89;3;77.2;27.09.2023
HeavyLift;Frankfurt;Ship;134395;7786.7;39598.44;21;50702.6;13.05.2022
HeavyLift;Munich;Truck;19002;106.5;10167.78;1;28.7;15.09.2024
RailCargo;Milan;Train;26830;1830.0;15008.05;5;3622.8;06.10.2015
SkyCargo;Ljubljana;Truck;19929;844.9;7498.81;3;293.0;21.01.2021
GlobalFreight;Budapest;Ship;37913;4540.2;29920.01;18;24963.1;22.04.2022
NorthWind;Bratislava;Truck;19153;201.2;6821.55;2;77.1;26.07.2018
HeavyLift;Bratislava;Ship;151957;2072.5;21983.58;7;17017.9;14.12.2024
SkyCargo;Prague;Truck;17258;538.0;7758.27;3;208.7;04.04.2021
NorthWind;Berlin;Train;26630;1238.2;10760.74;5;2278.8;09.11.2016
HeavyLift;Ljubljana;Ship;189000;1545.9;15587.15;10;11790.0;15.12.2015
GlobalFreight;Brussels;Truck;5189;1065.7;7358.53;3;325.3;18.12.2015
BlueLogistics;Frankfurt;Train;38742;654.2;10608.71;2;1132.0;30.09.2022
MoveIt;Warsaw;Truck;23588;527.7;13834.69;2;163.1;03.12.2021
QuickCargo;Dresden;Train;57068;1527.5;11340.1;5;3285.0;19.08.2020
EuroTrans;Munich;Truck;20666;704.9;9038.0;3;205.5;23.12.2024
CargoBridge;Dresden;Truck;22559;98.8;8005.99;2;34.2;26.10.2020
NorthWind;Milan;Truck;14995;212.1;5133.3;2;79.4;11.09.2016
RoadRunner;Frankfurt;Truck;20373;1197.2;9822.98;3;484.2;25.10.2017
GlobalFreight;Bratislava;Truck;3191;378.8;2248.3;4;103.4;13.08.2024
EuroTrans;Vienna;Train;44179;2101.3;17791.7;4;2570.8;24.03.2024
CargoOne;Brussels;Truck;21921;801.1;4787.46;4;338.0;04.07.2024
RailCargo;Zurich;Truck;6379;686.6;5712.12;3;188.5;04.08.2024
BlueLogistics;Milan;Truck;23788;848.5;4028.15;5;361.5;13.10.2018
HeavyLift;Copenhagen;Truck;19571;934.7;10280.56;3;345.4;27.05.2021
TransMax;Ljubljana;Truck;23082;317.3;6886.45;3;88.0;30.05.2016
GlobalFreight;Dresden;Truck;8758;97.3;2026.69;3;26.1;03.04.2025
MoveIt;Hamburg;Ship;272540;7098.5;62120.17;19;74864.6;11.11.2019
BlueLogistics;Brussels;Train;41381;2114.5;11359.75;6;4246.2;03.06.2022
RailCargo;Hamburg;Ship;240127;6444.7;44873.2;21;56639.2;16.12.2022
TransMax;Prague;Truck;19073;1047.7;13359.96;3;392.3;02.01.2016
RoadRunner;Munich;Truck;7012;352.0;3279.89;3;128.8;11.06.2022
ShipLine;Dresden;Ship;113552;1230.2;6027.52;10;6079.5;17.03.2015
BlueLogistics;Frankfurt;Truck;16607;730.9;16234.29;2;286.2;13.04.2025
CargoOne;Warsaw;Truck;21888;53.0;3874.16;3;20.9;05.05.2018
ShipLine;Brussels;Truck;2045;692.6;3895.36;4;265.0;06.06.2015
HeavyLift;Prague;Truck;22402;1168.3;5844.39;5;377.7;06.01.2024
QuickCargo;Hamburg;Truck;9035;1049.6;5684.7;3;286.9;09.12.2017
BlueLogistics;Munich;Truck;3972;1064.7;5002.41;5;293.0;16.04.2023
NorthWind;Budapest;Train;62625;1944.7;15011.71;6;4353.1;04.12.2024
RoadRunner;Berlin;Train;50212;352.9;18186.19;2;588.2;19.05.2021
EuroTrans;Prague;Plane;9423;5046.8;131409.45;4;53989.4;23.05.2021
CargoOne;Vienna;Truck;3569;647.8;5057.22;4;177.0;27.04.2023
RailCargo;Prague;Train;39740;871.6;9545.38;3;1693.2;25.10.2021
ShipLine;Hamburg;Truck;19166;53.4;5085.6;2;23.2;07.01.2024
NorthWind;Prague;Truck;11318;255.9;4722.37;3;95.2;15.04.2021
SkyCargo;Dresden;Train;71213;1783.4;24150.21;4;3805.0;20.12.2017
RailCargo;Bratislava;Train;42797;1812.3;15063.78;5;3827.1;11.05.2017
EuroTrans;Zurich;Truck;20976;433.0;6109.05;4;175.9;13.02.2016
FastMove;Hamburg;Truck;20587;701.8;12225.7;2;253.3;12.06.2019
MoveIt;Copenhagen;Truck;20512;840.3;7101.27;4;374.3;01.04.2025
MoveIt;Paris;Train;50141;2156.1;12666.79;6;4079.8;18.10.2021
HeavyLift;Budapest;Train;67972;275.2;10225.7;3;506.6;23.03.2025
TransMax;Dresden;Ship;274443;3136.1;29475.01;15;29469.5;24.02.2017
ShipLine;Prague;Truck;2754;592.2;6974.75;2;163.1;10.05.2021
NorthWind;Zurich;Train;8567;672.1;9223.89;3;930.7;12.02.2017
HeavyLift;Prague;Train;15913;1002.9;4085.83;5;936.3;18.02.2016
BlueLogistics;Copenhagen;Truck;127;1060.4;8897.41;3;265.2;15.05.2022
FastMove;Budapest;Train;66866;1730.5;12685.03;6;2266.8;25.08.2018
EuroTrans;Paris;Truck;18799;336.4;6351.5;2;107.9;06.01.2018
FastMove;Budapest;Train;74422;1848.0;16728.36;5;2623.1;20.02.2017
NorthWind;Budapest;Truck;8430;217.5;6078.39;1;81.2;17.07.2024
HeavyLift;Frankfurt;Plane;12310;1366.5;80003.28;2;14804.3;09.07.2016
CargoBridge;Brussels;Ship;208428;1748.3;15440.62;13;13220.4;27.12.2015
CargoBridge;Berlin;Truck;23302;123.9;13683.96;1;56.2;02.07.2021
MoveIt;Copenhagen;Truck;12835;474.0;4863.29;3;192.4;04.04.2022
TransMax;Hamburg;Truck;9665;403.5;7249.75;2;114.1;31.08.2020
CargoOne;Zagreb;Truck;1877;743.2;6102.45;3;180.0;29.05.2021
TransMax;Prague;Truck;292;755.8;4505.38;4;274.8;19.11.2020
NorthWind;Vienna;Truck;5043;316.1;3188.26;2;93.9;17.08.2020
ShipLine;Munich;Truck;4057;1146.5;4409.53;5;416.6;26.09.2025
CargoBridge;Milan;Train;75547;2281.9;17967.88;6;5029.1;08.10.2018
FastMove;Dresden;Truck;12110;460.9;6535.65;2;146.0;18.07.2016
FastMove;Zagreb;Truck;4688;684.4;7120.9;3;212.2;09.05.2021
SkyCargo;Berlin;Train;20805;251.7;3854.21;3;402.6;11.07.2018
TransMax;Warsaw;Train;34932;761.1;10250.88;3;1046.0;14.06.2023
FastMove;Amsterdam;Truck;12493;467.3;5210.35;2;144.3;21.07.2016
HeavyLift;Vienna;Truck;3756;67.5;2892.74;1;17.8;09.12.2015
HeavyLift;Amsterdam;Truck;22263;599.8;6513.18;4;167.5;09.03.2025
RoadRunner;Budapest;Train;62661;2250.6;21920.55;4;4344.9;26.04.2021
ShipLine;Copenhagen;Train;77007;1696.2;10572.82;6;3215.5;09.07.2019
NorthWind;Brussels;Train;8841;903.2;9036.6;3;796.4;02.04.2018
RoadRunner;Copenhagen;Truck;23202;855.7;7870.41;3;270.9;14.06.2015
ShipLine;Warsaw;Plane;4651;3887.8;151947.96;3;23148.7;23.01.2017
EuroTrans;Berlin;Truck;15896;215.6;3762.08;3;92.3;21.09.2025
QuickCargo;Milan;Plane;3877;4487.4;65089.43;4;53334.7;24.01.2024
HeavyLift;Amsterdam;Truck;2487;517.2;5063.48;3;145.5;15.04.2020
HeavyLift;Zurich;Plane;7991;2773.2;127844.4;2;19043.0;18.01.2023
RoadRunner;Paris;Ship;66710;6501.0;35396.16;17;45104.0;03.09.2015
CargoBridge;Hamburg;Truck;12139;420.3;2835.7;4;140.1;17.06.2016
BlueLogistics;Copenhagen;Ship;163511;6012.1;42755.39;16;46245.1;22.03.2019
QuickCargo;Hamburg;Truck;15178;984.3;8515.7;4;334.7;05.04.2015
GlobalFreight;Ljubljana;Train;65737;355.2;6723.26;3;683.8;23.03.2023
ShipLine;Bratislava;Ship;94121;5137.1;30025.84;14;49133.0;22.07.2019
RailCargo;Brussels;Plane;8846;2076.3;70713.8;3;24251.6;14.01.2021
SkyCargo;Vienna;Truck;16099;655.0;4888.5;4;242.1;26.03.2018
RoadRunner;Brussels;Truck;9607;645.6;7755.27;3;164.4;19.09.2017
NorthWind;Warsaw;Train;68653;2107.9;17270.51;4;3647.3;10.03.2024
BlueLogistics;Paris;Truck;20789;932.6;11036.21;3;362.3;03.05.2015
QuickCargo;Ljubljana;Train;62914;1854.1;15441.78;6;3548.4;09.03.2019
GlobalFreight;Hamburg;Truck;15940;72.7;7436.21;1;28.6;05.12.2016
GlobalFreight;Munich;Truck;20574;261.0;7575.51;2;88.0;11.02.2019
GlobalFreight;Paris;Ship;90240;7388.7;42250.47;18;65991.8;18.12.2020
GlobalFreight;Brussels;Truck;13273;1111.6;11647.04;3;302.7;29.11.2019
HeavyLift;Budapest;Train;20675;511.1;7445.25;2;553.1;13.04.2018
CargoBridge;Copenhagen;Truck;11206;236.2;13244.84;1;58.7;14.02.2023
HeavyLift;Frankfurt;Truck;13524;104.2;3039.85;2;29.9;07.06.2021
BlueLogistics;Munich;Plane;5631;4541.2;104328.3;4;52800.6;31.08.2015
GlobalFreight;Prague;Truck;13057;449.5;4577.39;4;140.9;12.08.2023
GlobalFreight;Dresden;Train;46537;826.8;12370.9;3;1278.2;28.02.2016
CargoBridge;Prague;Ship;94464;6522.3;38661.99;14;48023.7;03.05.2018
CargoOne;Brussels;Truck;3215;1137.4;6585.32;5;264.2;25.05.2016
RoadRunner;Copenhagen;Truck;18943;961.6;8784.66;3;311.4;24.08.2025
HeavyLift;Hamburg;Truck;1124;254.9;2315.31;2;54.1;06.09.2022
CargoOne;Ljubljana;Truck;18444;240.9;10078.72;2;89.8;26.03.2025
SkyCargo;Hamburg;Train;38911;1319.3;11981.78;3;2400.4;25.05.2019
CargoBridge;Zagreb;Train;28474;1418.5;7693.53;6;2520.0;19.09.2015
TransMax;Hamburg;Truck;22562;452.6;4141.57;4;136.8;12.05.2025
EuroTrans;Budapest;Truck;1499;617.9;8054.15;2;215.2;18.09.2017
NorthWind;Munich;Truck;20020;682.8;7697.09;3;212.9;21.05.2025
CargoBridge;Munich;Truck;12057;505.4;7566.6;2;149.7;21.05.2022
RoadRunner;Zagreb;Truck;9809;188.9;3491.78;3;46.6;02.07.2023
CargoOne;Zurich;Truck;1703;487.1;5169.8;2;153.7;13.04.2022
GlobalFreight;Bratislava;Truck;1508;725.1;3871.92;4;183.3;14.11.2016
RoadRunner;Brussels;Truck;10868;1060.5;11251.31;3;311.9;31.08.2017
ShipLine;Munich;Plane;10957;2008.3;126223.39;2;17551.4;19.04.2018
SkyCargo;Milan;Ship;21447;1412.2;7376.88;14;7252.8;29.08.2024
EuroTrans;Copenhagen;Truck;3830;132.0;3851.26;1;39.8;04.10.2021
QuickCargo;Munich;Train;76747;610.7;29652.25;2;1204.6;19.06.2016
CargoBridge;Budapest;Plane;4234;1857.2;98611.57;2;16094.7;01.06.2025
RailCargo;Vienna;Truck;15928;480.5;12299.86;2;179.6;05.06.2024
SkyCargo;Frankfurt;Plane;7163;5321.2;114487.8;4;50299.3;08.06.2022
HeavyLift;Berlin;Train;25994;1886.1;14798.87;5;2288.0;05.05.2024
NorthWind;Munich;Ship;217762;3785.5;23939.18;13;31357.6;08.08.2021
GlobalFreight;Brussels;Truck;1670;108.5;3581.1;1;25.1;06.04.2017
QuickCargo;Brussels;Train;62148;236.2;5684.42;4;445.2;28.06.2017
ShipLine;Vienna;Truck;7125;834.5;6250.56;4;230.1;18.05.2021
BlueLogistics;Munich;Train;66468;1776.0;11443.1;5;3858.4;25.03.2024
RailCargo;Budapest;Train;32815;1876.5;11608.13;7;3334.7;01.08.2016
TransMax;Zurich;Truck;16927;592.0;12671.6;2;257.5;05.03.2016
NorthWind;Brussels;Plane;437;4156.4;104165.6;4;35751.0;18.04.2021
QuickCargo;Berlin;Truck;7623;768.7;4816.62;3;197.8;22.05.2018
GlobalFreight;Budapest;Truck;8536;463.3;8513.07;2;146.6;21.12.2022
QuickCargo;Zagreb;Truck;3389;1080.0;3735.95;5;422.0;19.09.2023
FastMove;Copenhagen;Train;24866;1530.5;7748.55;5;2898.9;26.11.2022
NorthWind;Copenhagen;Truck;2294;857.7;4821.14;3;262.5;05.05.2024
RoadRunner;Paris;Ship;227944;2418.1;27510.71;11;23234.9;14.04.2024
ShipLine;Paris;Ship;217915;5418.1;44859.12;16;37970.6;18.08.2022
FastMove;Frankfurt;Truck;4460;1099.5;4812.33;4;326.0;15.07.2021
QuickCargo;Vienna;Train;43703;2438.8;15396.54;7;4848.7;08.11.2019
RoadRunner;Frankfurt;Truck;2125;1091.6;5417.5;5;316.1;19.10.2024
GlobalFreight;Milan;Train;76582;2359.8;19348.8;5;5503.7;25.07.2021
ShipLine;Copenhagen;Truck;6515;261.4;4703.67;2;104.2;16.12.2023
GlobalFreight;Warsaw;Ship;7375;2488.4;16213.34;14;10591.5;30.04.2018
RoadRunner;Warsaw;Ship;108563;1918.4;18828.77;7;13223.8;24.01.2018
EuroTrans;Munich;Truck;22323;1036.5;9682.1;3;464.9;15.08.2021
MoveIt;Zagreb;Truck;21944;640.2;7566.1;4;267.3;20.11.2017
ShipLine;Hamburg;Truck;1074;425.7;2687.48;3;131.9;10.04.2021
GlobalFreight;Prague;Train;22558;673.3;8699.58;3;669.0;14.08.2018
FastMove;Hamburg;Truck;6661;540.5;4360.53;4;189.1;06.12.2019
FastMove;Vienna;Ship;107548;3541.2;25085.9;16;19981.7;10.10.2024
HeavyLift;Hamburg;Truck;16627;784.8;5602.0;4;224.0;08.08.2019
SkyCargo;Budapest;Train;52674;538.4;8348.83;5;715.0;21.02.2023
HeavyLift;Paris;Ship;96081;5751.8;28524.82;21;54917.9;30.03.2021
RailCargo;Warsaw;Ship;274602;5579.4;32149.52;21;46361.1;10.09.2021
RoadRunner;Hamburg;Truck;8202;397.8;4099.24;3;114.7;02.11.2025
RailCargo;Warsaw;Ship;157456;3782.8;18725.11;17;19159.8;29.07.2018
HeavyLift;Amsterdam;Truck;15912;834.2;7279.65;4;330.2;17.11.2015
EuroTrans;Zagreb;Train;55236;1312.9;9388.85;5;2794.8;16.11.2015
EuroTrans;Warsaw;Truck;19540;657.9;9072.03;3;174.5;22.01.2020
EuroTrans;Brussels;Truck;1774;211.9;1926.1;2;64.8;27.11.2021
TransMax;Warsaw;Train;72845;2244.4;12077.84;7;4442.0;05.04.2021
RailCargo;Bratislava;Truck;3884;347.3;2630.37;3;82.9;09.05.2016
ShipLine;Paris;Truck;12865;51.4;2140.33;3;16.5;25.06.2024
QuickCargo;Bratislava;Truck;15321;743.5;10183.8;2;237.3;09.09.2019
MoveIt;Berlin;Train;17477;404.7;4112.35;3;643.9;16.03.2017
RailCargo;Berlin;Truck;10605;429.6;5208.75;2;159.5;10.05.2017
EuroTrans;Brussels;Truck;10164;298.6;6725.44;2;89.1;04.12.2021
RoadRunner;Warsaw;Ship;249390;4135.3;28413.72;14;35428.7;25.12.2023
NorthWind;Budapest;Truck;22910;869.5;5910.74;5;275.8;18.07.2019
EuroTrans;Frankfurt;Truck;3846;138.4;2193.48;3;40.3;03.11.2018
RoadRunner;Paris;Truck;8875;274.6;3474.21;3;102.9;25.11.2021
GlobalFreight;Frankfurt;Ship;143238;1725.0;16132.89;11;10083.0;14.03.2023
ShipLine;Budapest;Train;36769;948.1;16101.77;3;1570.2;10.05.2018
CargoBridge;Amsterdam;Truck;23145;1081.7;8141.33;3;330.7;06.02.2023
MoveIt;Berlin;Train;51536;1264.0;21596.15;3;2649.7;18.07.2020
HeavyLift;Berlin;Truck;12175;1140.7;10156.92;3;411.9;31.05.2025
TransMax;Prague;Truck;15184;339.2;7478.69;2;142.0;26.10.2025
ShipLine;Ljubljana;Train;42504;1597.6;15356.73;4;2817.4;09.05.2022
GlobalFreight;Warsaw;Train;64419;850.8;17693.29;3;1772.3;30.07.2019
FastMove;Milan;Train;8697;825.5;6562.37;4;1138.0;03.08.2021
EuroTrans;Paris;Truck;20306;855.0;13304.78;2;256.5;13.10.2023
QuickCargo;Vienna;Truck;22150;345.2;5073.48;3;122.2;24.11.2018
GlobalFreight;Paris;Truck;6203;603.8;5959.89;3;136.3;13.11.2018
ShipLine;Zurich;Truck;9329;1117.5;7161.71;3;424.1;31.07.2025
BlueLogistics;Dresden;Train;54813;907.3;13277.94;3;1616.7;18.04.2021
BlueLogistics;Berlin;Train;27822;877.6;13445.62;2;1255.8;10.11.2023
HeavyLift;Bratislava;Ship;196962;1095.3;11761.77;11;9162.7;17.06.2025
FastMove;Zagreb;Train;25987;1900.4;18499.24;4;3255.8;12.12.2022
NorthWind;Berlin;Plane;7456;4369.5;80844.42;3;48204.8;06.01.2022
MoveIt;Dresden;Truck;22022;971.0;11684.49;2;341.3;19.06.2017
FastMove;Frankfurt;Plane;10420;3037.2;53405.05;3;21818.6;22.04.2015
SkyCargo;Berlin;Truck;17799;1050.6;10218.7;4;440.3;15.03.2025
CargoOne;Budapest;Ship;191582;5624.9;27589.87;16;57443.4;22.06.2018
HeavyLift;Vienna;Plane;11187;3831.5;136716.24;3;32703.6;13.11.2020
RailCargo;Amsterdam;Train;51899;1500.8;15256.08;4;2996.3;16.11.2022
HeavyLift;Budapest;Truck;20814;130.9;7484.76;2;37.0;29.09.2021
NorthWind;Prague;Train;48369;1630.8;13462.22;6;2122.0;23.11.2021
GlobalFreight;Amsterdam;Train;12248;1670.1;16344.27;3;2909.3;24.04.2025
SkyCargo;Munich;Truck;10534;1165.7;5251.48;5;473.0;19.08.2024
EuroTrans;Zurich;Train;75844;1099.8;12212.63;5;1764.4;15.02.2023
GlobalFreight;Munich;Truck;3716;51.9;1403.84;3;17.6;16.08.2022
GlobalFreight;Zurich;Truck;10209;404.4;3762.76;3;104.9;05.03.2016
TransMax;Dresden;Ship;103975;4156.9;29938.9;16;21034.4;06.09.2018
RoadRunner;Berlin;Truck;20599;944.0;5574.33;4;422.9;11.10.2025
BlueLogistics;Munich;Truck;23744;365.5;21435.48;1;144.1;13.08.2015
EuroTrans;Ljubljana;Truck;14731;442.8;8997.24;2;138.8;29.05.2017
ShipLine;Berlin;Train;56382;1335.9;11791.69;5;2878.5;05.04.2015
TransMax;Munich;Truck;12735;169.0;4426.57;2;66.4;28.02.2025
EuroTrans;Zagreb;Truck;6862;234.4;4746.78;2;67.6;26.12.2016
NorthWind;Milan;Plane;6536;5652.0;78984.44;4;56134.8;28.08.2018
MoveIt;Berlin;Train;40338;1888.1;9345.55;6;2223.5;02.05.2017
TransMax;Ljubljana;Truck;14856;275.4;4541.17;3;113.7;12.10.2025
RailCargo;Zurich;Ship;229610;3348.0;23674.66;17;37721.8;28.01.2025
NorthWind;Paris;Train;1086;1318.0;12230.94;4;1804.2;03.08.2015
RailCargo;Ljubljana;Train;54705;1980.4;7398.68;7;4108.5;11.03.2022
CargoOne;Paris;Train;43934;2209.1;12348.82;5;3503.4;10.12.2017
RailCargo;Zagreb;Train;71994;306.7;16611.25;2;649.2;28.01.2015
QuickCargo;Copenhagen;Truck;6064;859.7;5846.77;3;194.2;23.07.2023
ShipLine;Paris;Truck;20995;968.4;8052.69;3;372.9;26.03.2016
EuroTrans;Amsterdam;Train;37423;601.5;14300.37;3;1143.3;04.07.2016
CargoBridge;Zagreb;Truck;23608;422.8;9537.44;2;184.1;25.07.2024
ShipLine;Vienna;Truck;22100;162.2;9261.16;2;54.0;16.09.2021
BlueLogistics;Dresden;Truck;7489;1082.2;7550.29;3;411.7;17.05.2024
RoadRunner;Vienna;Truck;11459;449.6;3811.83;4;159.3;30.06.2016
SkyCargo;Zagreb;Train;17506;939.9;4534.86;5;1412.3;26.07.2020
NorthWind;Zurich;Ship;38171;4094.1;25367.93;11;20898.3;02.10.2019
MoveIt;Prague;Train;13122;1603.4;9165.79;6;1526.8;05.06.2023
GlobalFreight;Copenhagen;Train;59781;434.6;9353.09;4;960.7;23.01.2019
RoadRunner;Zagreb;Truck;8626;647.8;4321.35;4;263.9;19.11.2016
FastMove;Prague;Train;67205;574.7;7412.45;5;1217.0;12.01.2022
CargoBridge;Brussels;Truck;15294;705.8;7420.65;3;199.3;27.06.2018
FastMove;Paris;Plane;808;1164.4;62850.61;2;9680.6;10.01.2015
MoveIt;Ljubljana;Ship;203743;4970.7;40720.94;17;25923.2;08.03.2025
NorthWind;Brussels;Train;48347;459.3;9075.27;4;612.9;29.03.2021
BlueLogistics;Copenhagen;Ship;193759;3054.8;28724.2;13;21764.0;08.04.2023
CargoOne;Brussels;Train;18386;2147.0;9147.66;5;3814.6;26.04.2021
NorthWind;Bratislava;Train;3232;1200.4;6842.46;5;1763.7;14.02.2015
EuroTrans;Amsterdam;Truck;4555;138.5;5842.07;1;45.4;29.07.2021
QuickCargo;Copenhagen;Train;62016;969.0;12111.25;3;1478.7;18.11.2018
CargoBridge;Brussels;Truck;18632;598.2;5476.59;4;231.6;21.09.2017
QuickCargo;Dresden;Train;69803;2248.4;13316.16;6;2981.9;15.10.2023
NorthWind;Vienna;Truck;15557;315.1;5012.07;3;129.1;20.01.2016
HeavyLift;Amsterdam;Truck;14539;143.8;8809.02;1;47.8;28.06.2020
SkyCargo;Zagreb;Ship;133809;3797.1;30757.28;16;27528.9;09.06.2024
SkyCargo;Vienna;Truck;5708;1139.6;6621.04;5;420.0;10.08.2015
HeavyLift;Zurich;Train;31855;1715.3;10439.75;6;1974.5;23.09.2023
SkyCargo;Warsaw;Truck;11625;343.7;4828.4;2;131.7;01.08.2016
NorthWind;Paris;Plane;263;3751.6;51568.72;4;41620.9;29.06.2016
HeavyLift;Warsaw;Truck;17717;862.5;7744.1;4;324.9;11.01.2022
TransMax;Warsaw;Truck;9086;616.0;11992.4;2;145.7;01.06.2024
GlobalFreight;Zagreb;Train;12411;963.8;10327.91;4;1075.6;10.08.2017
RailCargo;Frankfurt;Truck;2727;236.6;1851.19;3;63.7;22.09.2022
ShipLine;Brussels;Train;53458;2498.4;21172.2;5;3231.3;08.08.2015
RailCargo;Munich;Truck;3515;207.4;2145.99;3;53.9;27.03.2019
RailCargo;Zurich;Train;28429;1663.1;8972.61;5;3062.3;01.10.2017
CargoBridge;Paris;Truck;3486;1031.7;8133.85;3;265.9;21.09.2022
CargoBridge;Paris;Truck;18512;202.5;17635.26;1;83.1;07.06.2025
RoadRunner;Bratislava;Truck;23691;818.9;6790.69;4;336.8;24.03.2020
MoveIt;Budapest;Train;38359;1956.2;10751.83;5;3667.0;17.03.2016
ShipLine;Milan;Truck;19278;704.4;9943.14;2;219.5;07.03.2018
HeavyLift;Bratislava;Truck;11948;847.8;9688.05;3;282.2;17.10.2016
GlobalFreight;Budapest;Train;67452;1376.7;10249.07;5;2895.3;12.03.2015
CargoBridge;Dresden;Train;33268;2258.7;19140.06;5;2556.2;10.11.2015
BlueLogistics;Warsaw;Truck;20017;552.4;5813.32;3;197.0;29.05.2017
ShipLine;Zagreb;Truck;14510;1199.3;4982.8;5;513.4;20.11.2017
FastMove;Munich;Plane;13057;5838.8;122959.3;4;47678.9;29.06.2023
FastMove;Munich;Truck;7572;208.1;2707.01;3;78.9;03.05.2018
CargoBridge;Vienna;Train;63087;994.7;17467.49;3;1937.6;19.08.2017
RoadRunner;Dresden;Train;64667;1477.7;12002.73;6;2208.8;03.01.2015
SkyCargo;Paris;Plane;10508;1540.5;97785.9;2;13703.8;23.10.2023
EuroTrans;Brussels;Plane;1455;1375.1;83058.79;2;9848.5;09.11.2024
FastMove;Berlin;Train;67005;997.3;14513.75;4;1986.2;18.01.2016
SkyCargo;Warsaw;Plane;9877;4894.5;65029.06;4;37131.3;21.12.2022
SkyCargo;Amsterdam;Truck;117;947.0;7134.95;3;222.1;10.05.2022
CargoBridge;Paris;Truck;6455;982.4;7097.54;3;317.3;06.09.2021
ShipLine;Budapest;Train;74569;821.9;9771.39;4;1294.5;13.03.2017
MoveIt;Berlin;Ship;47492;5212.9;28250.46;18;48321.8;28.02.2017
BlueLogistics;Budapest;Truck;21600;311.5;11546.3;2;129.4;06.06.2018
HeavyLift;Zagreb;Train;4222;2129.7;6172.51;7;2024.3;15.11.2016
GlobalFreight;Zagreb;Train;77577;1441.3;10680.18;4;2856.6;19.07.2024
FastMove;Frankfurt;Ship;251813;5545.1;31928.25;19;63749.1;23.12.2016
CargoOne;Ljubljana;Truck;2576;720.3;5267.24;3;256.1;22.06.2025
TransMax;Ljubljana;Truck;3547;712.7;7232.32;3;196.9;10.11.2024
SkyCargo;Berlin;Truck;732;367.5;2325.91;3;105.3;14.09.2024
EuroTrans;Amsterdam;Truck;15495;208.3;4586.84;2;53.3;24.08.2024
RailCargo;Dresden;Truck;7886;1040.1;6334.87;4;409.7;25.02.2021
HeavyLift;Ljubljana;Plane;1512;4993.7;130458.98;4;45088.6;02.11.2015
MoveIt;Copenhagen;Truck;5828;104.6;3694.96;1;34.1;26.07.2019
BlueLogistics;Zagreb;Plane;1874;2316.1;95256.38;2;21818.0;05.10.2024
BlueLogistics;Vienna;Truck;7667;487.7;4323.74;3;141.9;22.04.2018
SkyCargo;Munich;Train;20476;568.2;7626.96;4;727.1;10.10.2018
MoveIt;Bratislava;Truck;2568;305.9;3707.48;2;68.9;05.09.2025
MoveIt;Berlin;Truck;11682;439.1;4036.23;4;178.1;11.06.2025
BlueLogistics;Ljubljana;Truck;14369;1174.1;8389.02;4;474.3;04.08.2019
CargoBridge;Zagreb;Truck;21153;617.0;10740.16;3;168.2;05.10.2018
EuroTrans;Budapest;Truck;22728;920.3;17591.92;2;352.7;26.08.2016
GlobalFreight;Zurich;Train;49709;1424.5;17649.11;4;2357.7;06.05.2022
CargoBridge;Copenhagen;Truck;9554;793.8;6168.06;4;298.9;28.06.2017
FastMove;Warsaw;Truck;12504;191.3;4207.36;3;54.3;28.01.2017
CargoBridge;Vienna;Truck;22392;903.5;7566.15;3;380.2;04.04.2015
NorthWind;Bratislava;Truck;20073;785.2;6101.81;5;218.2;20.04.2015
SkyCargo;Frankfurt;Truck;12148;656.4;6018.54;4;274.4;16.10.2019
HeavyLift;Paris;Truck;12274;696.1;5765.02;4;224.0;01.06.2020
HeavyLift;Budapest;Truck;5359;386.3;2895.04;3;129.2;27.05.2018
BlueLogistics;Copenhagen;Train;43310;2033.7;20526.42;5;2807.8;02.12.2020
GlobalFreight;Berlin;Ship;242567;7206.8;45417.25;20;66813.7;22.05.2025
EuroTrans;Paris;Truck;3555;923.3;8848.03;3;196.5;09.11.2020
NorthWind;Bratislava;Truck;19791;173.6;6142.5;3;67.4;18.08.2019
ShipLine;Vienna;Train;78279;1677.8;19063.54;4;2891.3;25.03.2015
CargoBridge;Prague;Train;48754;1874.8;7968.09;6;3386.4;06.08.2023
SkyCargo;Zagreb;Truck;6731;113.9;2015.16;3;26.2;25.06.2017
NorthWind;Prague;Truck;13398;408.5;8177.77;2;170.9;18.12.2022
RoadRunner;Zurich;Truck;14054;115.9;4874.04;2;39.7;28.01.2023
BlueLogistics;Budapest;Train;69222;1975.6;8095.8;6;3132.0;14.11.2015
MoveIt;Hamburg;Ship;259037;6203.0;40809.68;14;51793.8;23.02.2020
RoadRunner;Berlin;Train;31187;1295.0;8545.67;4;2596.5;28.05.2021
TransMax;Budapest;Truck;16117;751.1;5103.22;3;315.8;26.06.2019
NorthWind;Ljubljana;Truck;19527;109.3;4849.1;2;30.1;23.01.2022
NorthWind;Copenhagen;Truck;17881;1046.5;10001.8;3;289.3;25.09.2017
TransMax;Ljubljana;Truck;727;624.6;7636.1;2;229.8;23.04.2016
EuroTrans;Copenhagen;Train;5983;701.8;4998.86;3;1185.9;01.05.2024
FastMove;Dresden;Plane;9298;4536.7;133632.92;3;36838.0;14.04.2019
CargoBridge;Ljubljana;Truck;15675;645.9;6255.23;4;167.5;02.06.2018
FastMove;Vienna;Ship;228108;7569.0;31696.86;18;48123.1;04.04.2016
RoadRunner;Copenhagen;Truck;19385;205.4;4654.21;3;73.1;20.08.2016
FastMove;Vienna;Ship;86754;4289.7;22321.56;17;23107.1;19.05.2019
GlobalFreight;Paris;Truck;9074;230.6;3996.94;3;59.6;10.06.2022
TransMax;Budapest;Plane;4335;5086.1;123680.11;4;30164.7;05.12.2021
MoveIt;Paris;Truck;9696;1062.2;10280.05;3;294.9;30.09.2017
GlobalFreight;Munich;Truck;20672;808.4;7997.86;3;290.6;12.09.2022
BlueLogistics;Budapest;Truck;3002;69.1;1257.71;2;22.2;09.03.2016
TransMax;Frankfurt;Truck;15196;539.1;8248.14;2;185.4;26.06.2020
SkyCargo;Prague;Truck;2074;274.6;5704.28;1;98.0;09.05.2015
QuickCargo;Copenhagen;Truck;14369;1047.0;11432.0;3;330.9;14.12.2022
RoadRunner;Brussels;Plane;10013;2215.4;70499.49;3;28099.1;06.01.2023
ShipLine;Warsaw;Plane;9774;2137.9;119034.39;2;17322.2;18.08.2020
MoveIt;Bratislava;Train;45611;2291.4;10500.2;6;4259.8;04.02.2025
NorthWind;Ljubljana;Truck;5532;277.1;4135.79;2;97.8;04.11.2020
CargoBridge;Ljubljana;Ship;95976;1851.4;11382.31;13;15856.9;25.06.2023
QuickCargo;Dresden;Train;40492;494.6;6192.08;4;926.9;04.06.2018
GlobalFreight;Bratislava;Train;4441;634.9;3232.0;4;627.7;25.04.2019
RailCargo;Paris;Ship;159080;7225.9;45928.64;18;72860.5;21.12.2025
BlueLogistics;Budapest;Plane;5474;2181.1;54070.05;3;15831.3;25.10.2016
EuroTrans;Frankfurt;Train;54946;1888.8;12681.28;6;3744.5;10.02.2025
NorthWind;Budapest;Train;29477;2438.3;6593.04;7;3988.6;29.01.2024
NorthWind;Ljubljana;Train;10722;368.4;2976.11;4;571.9;02.04.2025
HeavyLift;Vienna;Truck;17362;140.8;8167.98;1;46.0;23.09.2017
RoadRunner;Bratislava;Truck;11787;134.3;4635.4;2;53.3;20.06.2021
TransMax;Vienna;Truck;14746;1083.1;5444.24;5;340.9;29.04.2023
RoadRunner;Budapest;Truck;2158;972.9;7042.13;3;365.9;05.05.2015
NorthWind;Bratislava;Truck;4609;67.4;2295.49;2;17.2;07.10.2018
RailCargo;Zurich;Truck;20644;789.7;8598.31;3;213.5;06.09.2024
BlueLogistics;Munich;Ship;223723;6630.9;27537.13;21;62377.5;21.11.2015
QuickCargo;Berlin;Truck;19603;313.0;11840.19;2;131.1;05.02.2018
FastMove;Bratislava;Ship;231426;7746.5;48693.7;22;54731.3;22.03.2019
NorthWind;Bratislava;Train;37368;2243.8;9467.89;7;3559.7;04.09.2020
MoveIt;Vienna;Truck;23781;395.5;9847.05;2;148.9;26.06.2018
MoveIt;Berlin;Truck;15600;377.0;8348.42;2;132.8;08.10.2018
EuroTrans;Frankfurt;Plane;13513;3163.8;116789.27;3;28278.1;28.04.2021
SkyCargo;Dresden;Truck;9478;1114.6;4960.34;4;397.0;19.02.2018
EuroTrans;Warsaw;Truck;20896;179.7;8739.73;2;61.4;22.04.2020
ShipLine;Frankfurt;Truck;6890;371.7;2665.74;3;138.8;21.11.2022
RoadRunner;Dresden;Truck;14176;1123.5;6434.3;4;449.6;26.12.2023
BlueLogistics;Prague;Truck;4239;822.4;6208.79;4;285.4;26.08.2024
NorthWind;Munich;Ship;113079;3458.5;23801.22;13;31349.5;20.12.2016
MoveIt;Milan;Truck;23623;466.5;6353.11;4;197.8;12.04.2023
MoveIt;Warsaw;Truck;16123;453.7;8915.6;2;132.0;31.12.2024
HeavyLift;Munich;Truck;14098;149.5;6811.78;2;45.3;02.05.2020
FastMove;Ljubljana;Plane;11228;1770.4;71709.06;3;14176.2;20.08.2022
RoadRunner;Vienna;Plane;12856;5526.9;117541.14;5;57942.7;16.09.2018
RailCargo;Munich;Train;56144;1313.0;14749.26;5;1864.7;30.10.2019
FastMove;Budapest;Truck;4676;739.4;4575.58;4;215.4;02.05.2020
SkyCargo;Zurich;Truck;15824;848.8;7993.71;3;262.6;14.07.2016
CargoOne;Ljubljana;Ship;190449;6190.1;40132.28;14;44614.9;19.06.2025
NorthWind;Budapest;Plane;14032;3505.9;78260.36;4;36800.9;19.11.2015
RailCargo;Zurich;Ship;57087;2503.3;13380.14;14;10197.5;07.12.2022
SkyCargo;Paris;Truck;12725;82.8;2717.75;3;21.9;10.10.2022
NorthWind;Prague;Train;54085;1925.4;11834.9;5;2765.9;25.08.2018
MoveIt;Munich;Truck;14059;808.1;5703.11;4;257.5;19.05.2024
ShipLine;Amsterdam;Ship;234524;4512.0;32208.86;11;42260.3;09.09.2025
HeavyLift;Zurich;Plane;85;1593.5;53411.87;2;11245.5;23.01.2025
ShipLine;Zagreb;Truck;21291;384.7;8045.05;3;166.5;16.11.2023
GlobalFreight;Warsaw;Train;32545;423.3;13447.24;2;516.0;02.09.2025
CargoBridge;Amsterdam;Train;44083;652.8;14205.41;3;968.6;13.07.2019
MoveIt;Berlin;Truck;11078;117.1;7934.74;1;42.9;02.07.2025
RailCargo;Milan;Truck;23375;1127.0;9203.59;3;329.8;06.08.2019
GlobalFreight;Milan;Ship;76274;6093.8;36151.34;17;58685.7;10.04.2022
QuickCargo;Bratislava;Truck;508;823.4;3181.3;4;290.3;07.03.2018
SkyCargo;Hamburg;Truck;12756;955.7;6873.45;3;232.7;28.09.2016
CargoOne;Frankfurt;Truck;7151;495.6;5124.46;3;160.1;10.07.2021
NorthWind;Budapest;Truck;16629;701.3;8947.4;3;281.0;10.09.2025
RoadRunner;Dresden;Truck;3206;744.5;7175.69;3;157.2;21.03.2020
QuickCargo;Milan;Truck;3410;906.1;4733.22;4;348.9;11.06.2024
GlobalFreight;Budapest;Truck;19615;200.8;5559.35;3;65.4;19.11.2016
SkyCargo;Warsaw;Plane;6634;5928.7;120252.02;5;48873.3;26.06.2020
BlueLogistics;Vienna;Truck;15152;1022.6;4277.07;5;361.0;31.12.2022
TransMax;Zagreb;Train;24403;1181.5;9919.39;5;1568.6;29.09.2019
NorthWind;Milan;Truck;4229;1040.6;7489.56;3;363.9;27.03.2016
RailCargo;Hamburg;Train;61946;1248.3;16906.88;3;1990.2;06.12.2016
SkyCargo;Vienna;Ship;107352;7905.7;38588.08;19;43316.6;06.03.2018
RailCargo;Prague;Train;78193;915.7;12112.4;4;1850.8;20.05.2018
NorthWind;Zurich;Truck;23277;412.6;12866.31;2;125.1;23.06.2020
BlueLogistics;Dresden;Train;17158;443.2;5427.47;4;812.9;30.09.2025
ShipLine;Bratislava;Ship;189214;7279.0;37300.19;16;69218.2;27.07.2023
NorthWind;Copenhagen;Truck;21767;677.3;10472.64;3;269.1;26.09.2022
QuickCargo;Amsterdam;Train;38924;2015.2;10174.44;5;3191.9;22.10.2018
QuickCargo;Amsterdam;Train;33124;1392.9;8330.87;4;2618.2;22.02.2020
MoveIt;Budapest;Train;58897;1867.4;12381.0;5;3033.0;30.12.2022
TransMax;Berlin;Ship;30825;6689.6;29078.95;22;57932.3;10.12.2019
MoveIt;Zagreb;Truck;3161;408.1;13232.62;1;139.9;11.04.2017
RoadRunner;Zagreb;Plane;12503;4621.4;156233.91;3;36828.6;11.06.2017
NorthWind;Bratislava;Truck;11038;896.1;6188.6;4;294.6;24.04.2025
CargoBridge;Zagreb;Truck;4480;889.4;4134.98;4;337.7;26.11.2019
RailCargo;Copenhagen;Truck;11834;550.9;10655.53;2;225.7;13.11.2023
SkyCargo;Zagreb;Train;61711;1677.7;14009.9;5;2977.6;06.01.2022
QuickCargo;Zagreb;Train;61480;2222.6;12027.55;6;3863.3;21.12.2015
ShipLine;Zurich;Truck;20108;794.4;17022.81;2;265.8;21.12.2023
BlueLogistics;Milan;Truck;21326;669.7;6209.12;4;268.7;28.06.2016
TransMax;Zagreb;Train;51943;2413.0;20595.83;6;3897.6;29.05.2021
SkyCargo;Zurich;Truck;6186;74.0;1721.37;3;28.8;23.07.2015
CargoBridge;Paris;Plane;1603;1938.4;97305.78;2;12391.3;12.03.2019
MoveIt;Warsaw;Plane;5546;1726.3;79541.56;2;16709.6;06.08.2015
BlueLogistics;Brussels;Ship;20873;1308.7;10723.7;10;10375.5;05.11.2016
TransMax;Zagreb;Truck;6800;938.7;5085.06;4;280.7;16.10.2022
TransMax;Ljubljana;Truck;3770;483.3;2266.45;4;184.5;07.08.2018
RailCargo;Vienna;Plane;13958;4466.9;179648.87;3;53818.7;11.01.2022
BlueLogistics;Zurich;Train;76047;2120.4;13479.47;7;4418.0;29.09.2015
EuroTrans;Berlin;Truck;18956;930.9;6397.69;5;297.2;19.12.2016
HeavyLift;Warsaw;Plane;3541;2981.4;112106.38;3;21564.0;08.02.2023
BlueLogistics;Hamburg;Truck;20808;393.8;10674.88;2;110.5;29.12.2023
SkyCargo;Zagreb;Ship;44246;3633.4;20996.91;16;29592.0;24.05.2022
MoveIt;Zurich;Train;23785;2412.2;15154.96;5;4327.6;31.12.2017
SkyCargo;Budapest;Truck;2897;441.8;3551.57;4;153.6;01.07.2020
NorthWind;Brussels;Truck;9023;308.6;3788.89;3;107.8;15.05.2019
MoveIt;Vienna;Train;42310;1165.4;10591.27;3;1764.1;08.12.2018
ShipLine;Berlin;Plane;11326;2240.3;81055.47;3;25393.2;16.05.2024
TransMax;Hamburg;Truck;14748;477.8;6251.93;3;177.2;27.09.2015
RoadRunner;Hamburg;Ship;50292;5521.3;31274.95;17;43236.2;08.06.2023
ShipLine;Prague;Truck;14420;247.0;5064.42;2;80.1;11.10.2018
EuroTrans;Ljubljana;Train;26184;2149.7;13903.49;4;4225.7;12.08.2020
NorthWind;Berlin;Truck;9449;950.6;9500.92;3;382.9;10.09.2021
FastMove;Dresden;Truck;10012;792.4;6110.76;4;257.8;03.03.2017
QuickCargo;Munich;Truck;4677;880.0;8765.68;3;277.3;15.04.2015
NorthWind;Hamburg;Truck;16142;478.0;5615.66;3;189.0;12.10.2022
CargoBridge;Copenhagen;Ship;80136;2343.4;11247.96;9;22312.1;31.08.2020
FastMove;Amsterdam;Truck;15139;249.3;5725.2;2;74.0;07.06.2018
TransMax;Amsterdam;Train;896;1058.9;6360.74;4;1741.9;03.04.2022
NorthWind;Ljubljana;Truck;18731;379.4;7207.91;2;164.9;17.05.2022
HeavyLift;Zagreb;Truck;18250;52.8;11114.02;1;20.2;15.10.2015
CargoOne;Berlin;Truck;23513;413.5;7129.95;3;171.5;07.05.2022
RoadRunner;Amsterdam;Train;63196;2127.3;17121.84;6;4110.0;05.07.2017
TransMax;Hamburg;Truck;6469;275.0;4230.08;2;101.5;26.01.2023
TransMax;Copenhagen;Train;20115;2019.1;12337.76;5;2167.8;27.01.2023
RailCargo;Dresden;Truck;11472;1197.5;9039.55;3;315.9;14.04.2024
NorthWind;Amsterdam;Truck;7679;1171.2;4174.6;5;340.1;13.04.2015
RailCargo;Frankfurt;Truck;13284;1102.0;7665.96;3;308.3;31.08.2021
CargoBridge;Milan;Truck;5095;503.8;3519.7;4;123.3;29.12.2020
FastMove;Berlin;Truck;14608;556.4;4534.52;4;192.3;26.12.2022
BlueLogistics;Zagreb;Truck;19999;1195.3;12609.15;3;459.0;15.08.2020
TransMax;Amsterdam;Truck;22730;465.8;8886.52;3;132.0;28.07.2016
RailCargo;Warsaw;Truck;5011;320.7;4163.39;2;101.6;05.12.2018
FastMove;Frankfurt;Train;15052;1993.8;11815.17;6;3462.7;01.08.2016
RoadRunner;Zurich;Truck;11988;324.0;3757.0;4;88.4;21.09.2021
SkyCargo;Milan;Truck;13050;219.5;3281.49;3;74.1;14.03.2021
CargoBridge;Zurich;Ship;191074;4458.5;18789.64;15;45250.2;08.02.2024
RoadRunner;Frankfurt;Truck;22987;1084.3;11103.47;4;453.0;30.10.2024
GlobalFreight;Prague;Plane;4399;856.4;46653.64;2;6645.4;13.11.2018
QuickCargo;Zagreb;Truck;9457;309.5;5155.56;3;89.6;08.12.2021
RoadRunner;Copenhagen;Truck;16416;120.7;3842.35;3;43.2;04.09.2016
EuroTrans;Budapest;Train;50158;907.2;15710.34;4;1143.8;28.08.2017
CargoOne;Prague;Truck;15130;62.8;3304.71;3;24.1;15.09.2019
TransMax;Zagreb;Ship;132526;5788.7;45087.59;20;49068.1;07.01.2019
BlueLogistics;Dresden;Truck;370;733.5;9694.17;2;205.0;17.07.2023
CargoBridge;Berlin;Truck;1841;1053.2;8917.93;3;333.1;28.11.2015
GlobalFreight;Milan;Train;74998;2332.9;22464.38;5;4544.3;19.09.2024
HeavyLift;Bratislava;Truck;11149;1135.4;7637.16;3;306.4;04.01.2021
RoadRunner;Zurich;Truck;20428;146.5;3336.02;3;54.4;06.01.2020
RailCargo;Hamburg;Truck;18125;109.6;15624.71;1;37.1;26.05.2020
CargoOne;Milan;Train;57562;1749.8;9537.19;5;3394.8;01.03.2024
BlueLogistics;Brussels;Plane;1063;4079.3;80521.19;4;35791.8;19.01.2024
SkyCargo;Warsaw;Truck;864;1001.6;5568.63;4;307.4;18.08.2016
FastMove;Bratislava;Truck;17071;677.0;8821.11;3;266.3;31.08.2020
RoadRunner;Amsterdam;Truck;18154;788.0;6445.71;3;256.4;05.08.2018
RailCargo;Berlin;Train;14503;636.5;5066.73;4;673.8;08.03.2023
SkyCargo;Milan;Train;55686;1415.1;15622.64;4;2590.9;18.01.2018
HeavyLift;Prague;Train;56581;756.2;13285.25;3;1158.7;21.02.2025
ShipLine;Berlin;Train;67392;1057.3;9848.86;4;1940.1;19.09.2016
BlueLogistics;Prague;Ship;29797;7471.5;23545.64;23;42236.0;18.06.2018
HeavyLift;Copenhagen;Ship;56059;3397.1;25310.96;10;30227.3;24.06.2017
CargoBridge;Paris;Truck;12337;503.9;4068.83;4;160.8;14.01.2019
CargoOne;Milan;Train;47787;2119.2;12099.43;6;3930.3;29.12.2024
RoadRunner;Hamburg;Ship;135364;4229.3;21645.2;15;41929.8;05.03.2020
EuroTrans;Berlin;Train;20476;948.9;14042.21;3;1655.2;13.06.2025
RailCargo;Prague;Train;60212;261.9;12949.57;3;532.5;18.08.2023
MoveIt;Zurich;Truck;7517;826.9;8395.29;3;201.1;19.06.2016
RailCargo;Brussels;Ship;259259;1762.3;16938.39;10;20345.4;16.06.2017
MoveIt;Amsterdam;Truck;17654;1092.2;8866.09;3;478.7;03.07.2020
SkyCargo;Prague;Truck;6475;493.8;4488.35;3;125.5;03.01.2024
GlobalFreight;Brussels;Truck;18153;1159.1;6521.74;4;460.6;28.09.2018
CargoBridge;Dresden;Truck;11856;107.1;3563.06;3;36.8;15.06.2023
BlueLogistics;Dresden;Truck;12255;589.5;3428.81;4;147.6;23.06.2017
NorthWind;Dresden;Plane;5476;4604.8;107260.03;4;29820.1;03.02.2020
RoadRunner;Bratislava;Train;14475;1865.2;13511.32;6;3335.9;13.04.2016
GlobalFreight;Warsaw;Plane;6677;1991.0;90402.65;2;20042.6;04.02.2020
FastMove;Berlin;Truck;11959;1010.9;6203.32;4;268.2;16.03.2021
GlobalFreight;Zurich;Ship;179341;3058.7;22628.0;10;30697.3;11.06.2025
TransMax;Zagreb;Truck;20389;464.7;4731.32;4;176.2;02.02.2018
HeavyLift;Budapest;Truck;3401;972.4;4055.1;5;237.2;21.09.2020
MoveIt;Zurich;Train;51890;447.7;13955.89;2;704.7;13.07.2019
BlueLogistics;Paris;Train;49527;337.6;5071.29;4;463.3;28.03.2017
FastMove;Hamburg;Truck;3630;180.7;1562.24;3;67.5;28.04.2020
BlueLogistics;Zurich;Truck;18978;1174.7;7259.14;5;403.5;16.12.2021
CargoBridge;Warsaw;Truck;20043;487.3;8361.86;3;206.1;19.11.2018
SkyCargo;Dresden;Truck;9007;1139.1;7841.31;4;286.6;22.10.2022
NorthWind;Zagreb;Truck;10124;656.9;6277.97;3;156.8;12.09.2016
RoadRunner;Brussels;Truck;13397;610.2;7549.45;3;202.6;26.04.2019
FastMove;Frankfurt;Ship;142647;6133.6;37902.64;15;31725.5;03.12.2017
GlobalFreight;Paris;Truck;21759;1082.6;13763.24;3;315.4;05.11.2019
BlueLogistics;Zurich;Train;56326;213.9;8705.24;4;280.1;16.04.2022
NorthWind;Copenhagen;Truck;10020;1096.6;7995.45;3;297.9;02.12.2018
MoveIt;Munich;Truck;12540;991.8;7875.16;4;289.1;06.09.2022
HeavyLift;Vienna;Truck;6203;595.1;4692.34;3;227.3;10.12.2021
FastMove;Hamburg;Truck;16657;773.7;12615.48;2;283.9;27.05.2020
NorthWind;Warsaw;Train;45695;887.9;11421.67;3;1532.1;29.09.2022
NorthWind;Milan;Truck;17831;941.0;8361.0;4;280.2;27.03.2020
EuroTrans;Copenhagen;Truck;17006;139.6;13348.84;1;42.3;08.10.2015
RailCargo;Dresden;Truck;15398;210.9;3276.73;3;90.2;01.09.2021
RoadRunner;Berlin;Truck;10264;70.1;2211.35;2;21.3;31.03.2015
NorthWind;Prague;Truck;11768;53.0;2593.98;2;13.9;09.12.2015
MoveIt;Frankfurt;Truck;984;292.7;2966.6;2;93.1;22.07.2016
TransMax;Ljubljana;Truck;16310;287.7;6540.45;2;95.3;27.04.2024
BlueLogistics;Budapest;Plane;754;2622.1;101566.6;2;14256.5;02.09.2018
MoveIt;Budapest;Truck;21575;921.3;6198.73;5;293.7;26.02.2024
TransMax;Milan;Ship;250491;7722.0;58962.79;24;78132.1;05.08.2022
NorthWind;Milan;Ship;160177;5029.3;26539.05;13;24931.2;15.04.2015
RoadRunner;Dresden;Train;61717;1254.3;11445.46;4;1597.9;03.11.2022
BlueLogistics;Warsaw;Plane;1513;2627.1;95703.11;3;24846.6;14.11.2019
GlobalFreight;Brussels;Truck;21051;106.8;3849.93;3;31.9;08.04.2024
EuroTrans;Brussels;Truck;17745;524.7;5041.7;3;190.3;29.11.2017
BlueLogistics;Milan;Ship;103370;5186.4;41480.97;16;39495.1;28.10.2024
CargoBridge;Dresden;Train;8861;557.9;4369.25;4;638.9;14.01.2018
RoadRunner;Ljubljana;Truck;10361;507.9;9137.92;2;166.2;13.12.2024
RoadRunner;Paris;Plane;3102;1610.2;56507.64;2;13313.9;10.05.2017
FastMove;Prague;Truck;2389;196.8;3585.28;2;63.7;12.07.2020
GlobalFreight;Hamburg;Train;34804;1764.7;17001.94;4;2404.1;22.11.2023
GlobalFreight;Zurich;Train;60015;1943.0;15889.42;5;3413.1;07.10.2019
CargoBridge;Frankfurt;Plane;2103;3590.6;75775.57;3;28300.9;11.08.2024
BlueLogistics;Paris;Train;45015;2343.5;10355.01;5;2816.1;19.03.2018
TransMax;Copenhagen;Truck;14223;1027.3;6585.63;5;388.0;30.03.2023
EuroTrans;Bratislava;Truck;15641;1156.9;4986.93;5;378.2;14.06.2022
CargoBridge;Vienna;Truck;713;295.3;7225.24;1;107.1;17.10.2018
GlobalFreight;Warsaw;Truck;13731;1039.2;5925.44;4;297.4;21.03.2025
HeavyLift;Warsaw;Truck;5432;195.5;3219.93;2;50.8;16.05.2023
EuroTrans;Warsaw;Truck;15608;417.3;6358.22;2;153.7;05.12.2021
RailCargo;Zagreb;Train;72648;1213.4;14369.32;4;1671.0;25.05.2016
NorthWind;Milan;Ship;98643;1523.0;7563.18;9;8799.1;11.09.2022
RailCargo;Hamburg;Truck;13633;962.1;5349.76;4;243.2;04.04.2023
RoadRunner;Hamburg;Truck;11231;1057.8;5388.32;4;359.2;23.02.2021
FastMove;Milan;Truck;14928;439.3;4577.05;4;184.0;23.09.2023
EuroTrans;Copenhagen;Truck;7103;259.5;5737.75;2;71.3;01.03.2015
RoadRunner;Dresden;Truck;2615;748.1;5427.85;3;206.4;22.07.2020
RoadRunner;Copenhagen;Train;28985;1595.4;15994.45;5;3139.9;20.05.2016
CargoBridge;Zurich;Train;60809;2081.5;14157.44;5;2859.5;17.09.2021
QuickCargo;Prague;Truck;11921;382.4;8481.15;2;125.7;12.06.2019
CargoBridge;Hamburg;Ship;115489;7433.6;56265.4;18;39926.5;29.08.2020
TransMax;Copenhagen;Truck;14230;549.7;4519.78;4;228.6;14.05.2023
HeavyLift;Hamburg;Truck;2246;493.0;5380.4;2;161.9;18.06.2023
FastMove;Zurich;Train;61010;782.0;12901.3;3;1463.3;12.11.2023
HeavyLift;Hamburg;Truck;14433;440.9;7066.32;3;162.0;01.06.2022
TransMax;Budapest;Truck;1409;709.3;6903.51;3;225.6;22.02.2021
RailCargo;Ljubljana;Train;68841;2473.9;12582.26;5;3889.4;12.05.2021
HeavyLift;Paris;Truck;11375;166.6;2449.42;3;68.6;23.07.2016
NorthWind;Prague;Ship;61353;7246.7;25140.78;20;55845.2;28.09.2024
QuickCargo;Warsaw;Truck;9945;967.9;5157.5;4;276.5;29.11.2018
CargoOne;Vienna;Train;63309;1751.4;19271.98;5;3485.3;11.03.2025
BlueLogistics;Brussels;Truck;5678;1072.4;3779.93;5;293.3;24.09.2022
BlueLogistics;Munich;Truck;23770;293.7;6011.89;2;126.8;14.09.2025
FastMove;Ljubljana;Truck;4579;773.5;6452.98;3;199.5;19.03.2023
TransMax;Copenhagen;Train;24845;976.1;11978.6;4;1756.4;25.12.2016
CargoOne;Warsaw;Train;22187;1462.5;14352.27;4;2559.0;29.06.2025
HeavyLift;Munich;Ship;260966;4665.7;38043.9;11;26397.2;01.12.2022
CargoOne;Brussels;Train;13805;1023.3;6857.77;5;1626.9;31.10.2018
NorthWind;Hamburg;Truck;4482;555.8;3663.14;3;154.5;25.04.2020
CargoOne;Dresden;Truck;21256;404.6;11617.28;2;165.2;07.01.2017
TransMax;Milan;Truck;4583;149.4;4309.87;1;35.3;31.01.2015
BlueLogistics;Munich;Truck;13672;490.2;8942.03;2;187.7;12.05.2025
CargoBridge;Amsterdam;Truck;3046;165.5;3009.73;2;49.8;02.06.2023
TransMax;Zurich;Truck;14217;524.1;9183.02;2;164.4;15.11.2024
MoveIt;Prague;Plane;10721;4031.2;51777.86;4;45429.2;16.03.2024
RailCargo;Paris;Truck;12474;992.8;6195.29;4;255.6;03.03.2025
QuickCargo;Hamburg;Truck;9928;908.9;8569.29;3;241.9;24.07.2016
CargoBridge;Paris;Train;67545;2110.7;17067.42;6;4288.4;20.07.2023
RoadRunner;Hamburg;Train;53758;1571.0;12695.86;4;2578.5;11.03.2022
BlueLogistics;Milan;Truck;16309;819.4;13190.84;2;309.2;27.03.2018
FastMove;Budapest;Truck;21043;845.9;10814.61;2;271.3;29.02.2020
SkyCargo;Hamburg;Truck;10995;1138.5;7703.47;3;351.4;01.10.2025
BlueLogistics;Bratislava;Train;2664;781.2;7844.82;4;738.5;03.04.2017
MoveIt;Brussels;Plane;2523;1419.2;80416.34;2;9436.1;07.12.2017
NorthWind;Paris;Plane;7989;1614.8;87766.91;2;17117.4;11.11.2019
ShipLine;Zurich;Truck;6142;774.0;6683.64;3;242.2;02.11.2023
FastMove;Amsterdam;Truck;20203;202.5;5762.84;3;81.0;06.07.2016
TransMax;Warsaw;Ship;223645;808.4;9680.89;10;6580.5;29.04.2018
MoveIt;Zurich;Train;46615;2171.3;19603.12;4;4091.5;06.12.2025
RailCargo;Berlin;Ship;176064;4722.0;18828.92;20;26736.2;16.11.2024
EuroTrans;Munich;Plane;5154;3021.3;105880.09;3;18697.7;05.05.2021
CargoBridge;Copenhagen;Truck;12128;823.3;5130.73;4;289.9;09.09.2025
ShipLine;Frankfurt;Train;66649;2295.5;14224.94;5;5015.4;13.08.2015
MoveIt;Amsterdam;Truck;15865;910.7;8897.52;4;364.4;17.11.2015
EuroTrans;Berlin;Truck;21348;294.5;21207.26;1;92.3;25.01.2019
NorthWind;Paris;Train;18757;2087.9;14603.39;6;2285.7;25.08.2016
BlueLogistics;Berlin;Ship;295166;2546.2;23460.72;9;18580.9;04.10.2015
FastMove;Warsaw;Plane;10178;3945.6;80893.44;4;46158.6;25.01.2021
MoveIt;Ljubljana;Train;61812;1209.7;12149.72;4;2057.9;23.05.2019
CargoOne;Dresden;Train;78246;619.4;14966.63;4;1360.6;09.09.2018
FastMove;Zurich;Truck;16728;349.3;8932.23;2;118.2;27.09.2016
MoveIt;Prague;Truck;22199;124.3;9242.8;2;52.9;21.11.2021
NorthWind;Warsaw;Train;19010;1817.0;13750.97;4;3244.3;11.02.2015
TransMax;Prague;Train;29132;746.5;9862.67;4;1506.6;01.03.2021
FastMove;Vienna;Train;77948;1655.8;10066.21;5;3771.0;06.01.2015
ShipLine;Bratislava;Train;37499;981.5;9059.88;3;1892.5;04.06.2024
RoadRunner;Munich;Train;1282;2239.7;17772.24;5;2978.1;19.07.2023
CargoBridge;Warsaw;Ship;203057;3747.4;36217.23;15;40862.7;23.01.2018
MoveIt;Berlin;Train;43812;1410.3;11859.38;6;1753.4;10.08.2017
EuroTrans;Amsterdam;Train;2328;650.4;3786.77;5;1010.5;10.11.2015
CargoOne;Amsterdam;Truck;5791;1116.3;6580.58;4;391.4;29.08.2018
EuroTrans;Milan;Plane;3466;4878.4;91823.67;4;29503.7;18.10.2020
FastMove;Warsaw;Truck;9160;955.5;6397.81;4;290.9;11.03.2016
MoveIt;Hamburg;Truck;1973;1097.3;3000.09;5;246.5;09.10.2021
NorthWind;Warsaw;Plane;14095;3367.8;59476.41;4;39060.0;08.02.2016
SkyCargo;Milan;Train;7470;2306.1;9533.46;5;2859.6;27.02.2019
BlueLogistics;Paris;Train;52563;1561.7;10089.23;5;2661.9;14.10.2025
CargoOne;Dresden;Truck;7990;211.7;3636.32;2;56.7;16.04.2019
RailCargo;Berlin;Truck;18432;159.3;7500.97;2;54.9;29.01.2018
MoveIt;Ljubljana;Train;60777;1778.7;13243.61;6;3203.6;14.09.2025
SkyCargo;Amsterdam;Truck;14586;819.9;5052.46;4;255.2;22.07.2023
QuickCargo;Bratislava;Truck;20598;1190.1;10007.4;4;359.3;01.06.2017
FastMove;Vienna;Train;23136;2128.7;9864.49;5;3958.3;11.04.2023
BlueLogistics;Prague;Truck;12560;389.9;4418.29;3;131.7;04.09.2018
RoadRunner;Brussels;Truck;564;716.6;3916.64;4;264.6;28.01.2023
QuickCargo;Amsterdam;Truck;2054;463.7;3484.78;2;147.5;22.01.2022
CargoOne;Hamburg;Truck;12835;942.5;8890.25;3;229.5;07.09.2022
QuickCargo;Copenhagen;Train;54732;815.6;12657.96;3;1550.1;10.03.2022
CargoOne;Frankfurt;Truck;17196;660.6;5813.16;4;275.3;09.06.2021
RailCargo;Budapest;Truck;8441;372.9;11767.63;1;109.9;03.08.2020
TransMax;Ljubljana;Truck;18750;959.5;11234.7;3;285.7;06.12.2022
RoadRunner;Vienna;Truck;8979;1142.9;9013.82;4;452.3;10.11.2022
EuroTrans;Hamburg;Truck;2099;767.7;5225.05;3;255.5;28.11.2020
CargoBridge;Copenhagen;Truck;3322;553.6;5197.59;3;195.9;12.06.2024
GlobalFreight;Frankfurt;Plane;12319;4496.6;74506.61;4;55260.2;10.09.2024
CargoBridge;Milan;Train;21331;403.2;5611.21;4;515.1;03.03.2025
QuickCargo;Bratislava;Truck;12994;542.6;6133.59;3;176.7;05.08.2025
FastMove;Vienna;Ship;264076;1810.5;26010.47;6;15886.4;08.01.2022
SkyCargo;Hamburg;Ship;262180;4901.7;43986.32;17;51329.1;17.01.2017
GlobalFreight;Paris;Truck;2611;579.5;5839.14;3;195.2;31.08.2017
BlueLogistics;Milan;Ship;274098;5173.3;43436.57;17;46322.0;26.08.2020
RailCargo;Frankfurt;Train;1816;639.7;6321.32;4;651.1;05.10.2021
MoveIt;Zagreb;Train;16736;698.9;6817.12;4;649.2;15.07.2021
SkyCargo;Hamburg;Truck;291;65.7;1795.11;1;19.0;19.03.2021
HeavyLift;Prague;Truck;11163;399.6;5599.89;2;147.7;23.02.2021
ShipLine;Berlin;Train;78852;2078.8;17550.83;4;3567.8;03.03.2020
QuickCargo;Prague;Truck;19862;271.8;7204.58;3;110.4;15.10.2020
TransMax;Hamburg;Ship;144839;3823.8;21967.82;14;29416.8;13.03.2025
RailCargo;Vienna;Truck;14634;272.9;4896.82;3;91.2;18.02.2020
GlobalFreight;Munich;Train;75282;1846.5;16213.67;6;4243.2;25.12.2021
FastMove;Milan;Ship;247293;5892.7;27464.03;21;51490.9;30.01.2016
QuickCargo;Budapest;Truck;14620;1007.3;7039.04;4;336.2;09.01.2024
ShipLine;Paris;Plane;7064;725.2;82051.75;1;5808.1;01.05.2023
TransMax;Dresden;Train;51022;2088.7;19017.67;5;4477.3;20.02.2016
BlueLogistics;Warsaw;Plane;7577;1605.0;177469.09;1;19993.5;26.10.2024
EuroTrans;Prague;Truck;20478;368.0;6035.14;3;151.0;13.12.2024
QuickCargo;Munich;Train;10351;1957.8;6782.67;7;2326.4;28.04.2020
SkyCargo;Brussels;Train;47386;650.8;7166.32;4;1355.2;27.10.2016
ShipLine;Amsterdam;Truck;18743;626.8;12047.67;2;199.0;08.05.2022
SkyCargo;Zurich;Ship;98658;2592.8;21096.8;15;25528.2;07.04.2025
RoadRunner;Paris;Truck;18469;741.5;10074.34;3;259.0;23.08.2015
TransMax;Zagreb;Train;10459;206.9;3965.96;3;331.0;06.02.2022
NorthWind;Frankfurt;Ship;151239;6731.9;40079.56;18;47316.0;05.03.2019
FastMove;Vienna;Ship;189075;2350.8;16618.5;11;25172.3;28.06.2016
FastMove;Berlin;Plane;9769;4494.2;106884.41;3;44893.7;26.08.2024
RoadRunner;Paris;Truck;1845;77.6;663.59;3;20.2;14.06.2024
MoveIt;Copenhagen;Train;49569;294.9;6191.85;4;609.8;29.12.2023
CargoBridge;Munich;Truck;10513;180.7;4632.94;2;48.3;09.11.2022
CargoOne;Paris;Truck;7482;83.6;2220.34;2;29.5;28.07.2025
NorthWind;Ljubljana;Truck;7145;822.5;7025.51;3;292.4;26.04.2024
TransMax;Budapest;Truck;15831;585.3;5891.8;4;192.2;28.06.2025
RailCargo;Copenhagen;Ship;102641;3141.3;15931.93;11;30885.5;11.09.2019
NorthWind;Dresden;Train;5121;2436.9;9851.66;7;3118.5;16.03.2018
RailCargo;Milan;Train;58039;1756.5;10408.97;5;2862.7;19.10.2022
RoadRunner;Munich;Truck;7982;565.7;6498.07;2;183.0;30.06.2022
SkyCargo;Milan;Truck;6065;447.8;4868.02;3;138.2;21.12.2015
SkyCargo;Ljubljana;Truck;8556;502.3;3689.69;4;120.9;17.06.2022
ShipLine;Ljubljana;Truck;6499;1131.9;5021.48;4;385.2;16.03.2015
BlueLogistics;Vienna;Train;23969;1209.3;15003.11;4;2241.4;23.10.2024
RailCargo;Dresden;Train;50571;1400.5;14649.8;4;2652.3;02.09.2025
CargoOne;Paris;Train;43020;269.9;5432.34;3;564.2;13.10.2015
RailCargo;Hamburg;Truck;3085;518.0;3335.49;3;146.7;11.08.2017
FastMove;Budapest;Truck;22222;1076.0;5749.84;5;432.9;13.03.2022
MoveIt;Zagreb;Train;56883;1422.8;15943.61;5;2353.1;04.11.2017
RailCargo;Brussels;Ship;58731;6440.0;44668.26;18;54009.0;20.11.2021
RailCargo;Ljubljana;Truck;22585;1195.1;7231.3;4;477.9;15.11.2015
QuickCargo;Budapest;Truck;12307;493.7;10400.33;2;180.2;21.01.2023
ShipLine;Dresden;Truck;6461;963.0;4484.58;5;233.2;20.07.2025
MoveIt;Munich;Truck;23531;1066.2;7422.8;3;338.0;09.08.2016
FastMove;Bratislava;Train;70436;318.4;21411.43;2;733.0;14.01.2019
ShipLine;Zagreb;Truck;7147;839.6;8154.8;3;215.2;05.06.2016
NorthWind;Vienna;Train;32094;2093.6;15700.65;5;3393.4;20.10.2020
BlueLogistics;Milan;Train;69230;1674.6;21078.6;4;3214.6;20.07.2016
RoadRunner;Ljubljana;Ship;180585;4475.4;36414.18;14;34241.1;07.08.2015
NorthWind;Budapest;Truck;20043;393.7;6820.94;3;129.7;30.04.2015
RoadRunner;Berlin;Truck;970;1119.5;4331.06;4;321.7;03.09.2019
EuroTrans;Brussels;Truck;10915;878.6;6223.68;4;291.8;27.12.2016
HeavyLift;Bratislava;Ship;132148;3599.6;27595.1;10;31275.9;16.09.2022
CargoBridge;Berlin;Train;40570;597.3;9365.69;4;1069.0;13.01.2016
NorthWind;Vienna;Truck;2474;93.8;1469.14;2;21.2;20.12.2018
FastMove;Hamburg;Truck;10689;370.7;5935.7;2;94.6;30.07.2017
ShipLine;Prague;Truck;14861;668.0;8231.86;3;211.4;22.04.2017
EuroTrans;Munich;Plane;7815;2870.0;117171.27;2;32611.7;09.09.2017
EuroTrans;Brussels;Truck;17480;345.1;6948.44;2;106.0;11.09.2015
MoveIt;Hamburg;Truck;17900;1182.0;7467.0;5;478.8;08.01.2023
RailCargo;Zagreb;Truck;18006;909.0;11118.05;3;264.8;11.02.2018
TransMax;Paris;Train;72003;1609.4;11198.06;4;2593.5;18.06.2022
CargoBridge;Vienna;Truck;12032;1145.5;6273.75;5;378.5;20.11.2016
QuickCargo;Hamburg;Truck;8806;675.0;10595.86;2;267.0;08.06.2022
RailCargo;Ljubljana;Plane;13645;3015.0;125339.38;3;34798.9;06.04.2022
EuroTrans;Zurich;Truck;11307;869.8;8043.78;3;336.0;22.10.2025
ShipLine;Vienna;Truck;12300;1015.6;5195.66;5;371.5;15.06.2020
BlueLogistics;Warsaw;Train;21119;500.2;8459.98;3;627.3;08.12.2024
BlueLogistics;Bratislava;Plane;6101;3405.8;122259.88;3;36696.4;01.03.2015
BlueLogistics;Milan;Train;62920;993.4;16879.15;3;1452.7;04.12.2018
CargoOne;Munich;Truck;5116;131.6;2605.85;2;32.9;01.03.2021
TransMax;Ljubljana;Ship;275686;7491.3;47127.77;24;67728.6;24.08.2019
CargoBridge;Zurich;Train;50144;1335.4;12077.16;5;2671.3;02.03.2023
QuickCargo;Warsaw;Train;35509;1130.8;15994.5;3;1954.5;10.08.2016
BlueLogistics;Paris;Ship;45531;2039.6;17292.13;14;17849.2;12.09.2022
CargoOne;Prague;Truck;5908;1052.8;6874.1;3;241.7;24.06.2015
SkyCargo;Amsterdam;Train;6961;1026.5;6446.16;4;1417.1;10.07.2024
ShipLine;Warsaw;Ship;53318;911.7;6158.58;7;7943.8;30.03.2024
GlobalFreight;Warsaw;Ship;105376;7312.8;38486.3;20;64330.9;09.07.2019
SkyCargo;Frankfurt;Train;61061;1356.1;12115.03;5;2762.1;17.03.2017
FastMove;Brussels;Truck;11465;1003.5;10676.37;3;363.5;02.06.2019
MoveIt;Hamburg;Truck;2042;582.5;2932.02;4;193.3;01.02.2018
CargoBridge;Vienna;Train;34206;2370.6;10506.14;7;4011.7;12.04.2019
SkyCargo;Brussels;Truck;20873;506.0;5240.61;4;203.1;08.07.2025
FastMove;Bratislava;Truck;323;630.8;8117.12;2;233.0;25.03.2016
BlueLogistics;Ljubljana;Truck;8937;564.4;5835.88;3;139.6;07.02.2024
EuroTrans;Hamburg;Plane;13898;1310.0;61165.67;2;15057.5;23.05.2020
RailCargo;Munich;Train;27904;525.0;4311.22;4;670.9;30.04.2016
ShipLine;Zagreb;Truck;13863;581.1;4034.46;4;188.8;27.05.2015
CargoOne;Milan;Train;16566;2160.6;12066.23;6;2820.6;27.10.2021
TransMax;Amsterdam;Train;27515;1638.6;9414.21;6;2481.8;09.06.2016
RailCargo;Copenhagen;Plane;1432;5424.5;73888.53;5;64996.0;23.11.2020
CargoOne;Prague;Train;44863;1052.2;10848.82;4;1299.5;02.06.2025
TransMax;Amsterdam;Train;25741;1468.6;9877.76;5;2435.5;09.05.2019
SkyCargo;Paris;Truck;20727;817.8;10358.67;3;256.1;02.08.2022
HeavyLift;Warsaw;Train;30092;910.0;9792.04;3;1300.1;08.07.2015
FastMove;Zagreb;Ship;240299;7706.6;44568.36;18;80524.8;13.07.2015
RailCargo;Milan;Truck;9700;100.9;1985.33;3;38.4;23.06.2021
BlueLogistics;Vienna;Train;51364;1428.2;13925.77;4;2618.3;08.09.2023
CargoBridge;Prague;Truck;3845;75.3;1864.43;2;24.4;12.01.2019
RailCargo;Copenhagen;Ship;296569;1522.4;23301.47;7;14354.6;23.05.2020
GlobalFreight;Frankfurt;Truck;18468;302.3;4633.61;3;80.3;22.03.2017
QuickCargo;Copenhagen;Truck;18998;1151.4;6906.57;5;498.9;29.06.2021
FastMove;Frankfurt;Train;62741;476.2;9625.78;3;793.0;23.07.2018
NorthWind;Bratislava;Ship;151678;7707.6;29425.9;22;42655.9;11.08.2023
RoadRunner;Budapest;Truck;7934;444.6;7918.35;2;116.5;12.06.2022
QuickCargo;Dresden;Ship;133771;3451.3;16801.45;11;20972.8;10.06.2015
SkyCargo;Frankfurt;Truck;18318;317.4;5150.05;3;96.6;16.06.2023
CargoBridge;Munich;Truck;14886;1186.8;6601.0;5;469.3;27.03.2018
CargoOne;Zagreb;Train;25129;1776.9;10354.44;4;3457.5;01.05.2019
NorthWind;Zagreb;Truck;14858;1170.3;4667.64;5;317.1;07.08.2015
CargoBridge;Zagreb;Ship;266150;3944.6;34949.9;12;33101.2;10.01.2022
RoadRunner;Vienna;Train;1255;1669.3;19154.57;3;1454.9;05.01.2016
BlueLogistics;Amsterdam;Truck;20962;1013.9;12724.97;3;295.1;11.11.2017
CargoBridge;Prague;Truck;8151;885.6;5437.15;4;324.1;29.05.2022
NorthWind;Dresden;Ship;83640;7134.9;28218.5;19;48435.4;27.03.2022
ShipLine;Brussels;Plane;1256;2272.7;84193.4;3;26375.7;16.04.2021
RoadRunner;Warsaw;Truck;17919;841.5;9058.05;4;248.3;18.12.2021
TransMax;Ljubljana;Truck;20678;1066.6;7115.36;5;306.9;17.09.2022
FastMove;Munich;Train;2457;1600.6;5845.65;6;2571.8;21.06.2016
MoveIt;Copenhagen;Truck;15454;189.5;6505.55;2;75.1;16.10.2015
EuroTrans;Copenhagen;Truck;19064;836.0;14497.66;2;330.1;08.10.2016
QuickCargo;Ljubljana;Ship;268383;5653.2;44684.05;20;46524.7;27.04.2025
CargoBridge;Zurich;Plane;6101;4533.3;107139.12;4;40631.5;10.03.2025
CargoBridge;Ljubljana;Truck;22721;604.8;6620.67;3;254.5;08.03.2020
GlobalFreight;Berlin;Train;17946;1146.4;14790.24;3;1909.4;07.02.2025
BlueLogistics;Amsterdam;Truck;22699;938.2;8864.65;3;370.8;10.08.2020
RailCargo;Paris;Truck;21177;563.8;6350.59;4;244.4;13.01.2015
QuickCargo;Milan;Truck;6934;1169.0;5803.16;3;313.1;14.12.2023
ShipLine;Dresden;Train;67073;2037.5;14106.62;5;2685.6;01.08.2022
EuroTrans;Milan;Truck;16431;914.6;7054.06;3;357.6;31.05.2017
ShipLine;Berlin;Truck;23826;891.7;17604.5;2;360.7;06.09.2019
EuroTrans;Hamburg;Train;45824;1693.2;9721.73;6;2317.2;24.04.2021
MoveIt;Zagreb;Truck;150;1027.6;4280.73;4;385.7;21.06.2020
FastMove;Warsaw;Train;21255;1935.3;10806.41;5;2879.4;08.09.2017
HeavyLift;Hamburg;Truck;23782;1004.9;5692.99;5;456.1;01.08.2016
NorthWind;Copenhagen;Plane;197;1481.7;62931.95;2;11382.9;08.12.2015
CargoBridge;Amsterdam;Truck;13096;166.2;5940.32;2;42.3;23.09.2020
ShipLine;Warsaw;Truck;10981;58.3;4274.03;2;19.8;04.07.2015
ShipLine;Vienna;Plane;9036;5265.3;56096.63;5;68691.1;04.03.2016
SkyCargo;Copenhagen;Truck;10288;90.2;3814.35;2;35.2;24.04.2018
FastMove;Zagreb;Ship;51132;2648.7;13492.63;10;22577.0;18.12.2015
TransMax;Munich;Plane;5594;5226.6;137575.99;4;32775.1;14.05.2023
RoadRunner;Vienna;Truck;6386;522.3;5775.97;2;134.0;07.01.2023
HeavyLift;Frankfurt;Truck;14679;71.9;4090.35;3;21.3;22.07.2018
MoveIt;Prague;Truck;13590;701.7;7736.65;3;222.3;21.04.2022
RailCargo;Brussels;Ship;256597;5302.3;41873.08;16;49398.1;22.09.2015
HeavyLift;Paris;Truck;9076;1140.5;7734.94;4;351.5;14.03.2024
GlobalFreight;Hamburg;Truck;617;78.2;899.69;2;18.6;06.05.2024
SkyCargo;Bratislava;Truck;6887;1070.3;5469.05;4;354.4;30.01.2019
FastMove;Hamburg;Truck;1661;574.1;6732.34;2;181.9;25.10.2019
TransMax;Bratislava;Plane;8481;1795.4;43998.19;2;16939.8;06.02.2016
RoadRunner;Munich;Train;79887;1033.5;17554.09;3;1842.1;28.03.2023
EuroTrans;Amsterdam;Ship;71624;6565.2;26000.63;17;63660.7;19.01.2019
ShipLine;Warsaw;Truck;19957;848.5;8465.11;3;270.9;23.09.2020
TransMax;Hamburg;Truck;5725;80.6;1175.55;3;28.7;11.05.2025
NorthWind;Munich;Truck;16233;183.3;6940.57;2;62.9;05.06.2021
RailCargo;Prague;Truck;3159;981.2;6846.62;4;314.8;24.07.2017
QuickCargo;Paris;Train;27968;772.5;9232.35;3;843.6;17.11.2016
QuickCargo;Dresden;Ship;168104;5980.6;42462.16;22;53044.2;22.01.2023
CargoBridge;Prague;Train;58998;438.1;9549.43;4;583.8;18.12.2020
NorthWind;Dresden;Truck;4263;666.6;4319.42;3;189.1;28.06.2019
BlueLogistics;Copenhagen;Truck;6994;611.4;5090.19;3;230.4;10.10.2025
CargoBridge;Ljubljana;Ship;90133;1818.9;8043.79;8;8613.7;08.11.2019
BlueLogistics;Ljubljana;Plane;3539;3559.2;63663.62;3;38064.6;17.04.2018
GlobalFreight;Budapest;Plane;13346;4778.2;109568.69;4;48341.9;22.03.2020
HeavyLift;Vienna;Truck;8998;409.0;6039.93;2;94.3;18.03.2023
CargoOne;Copenhagen;Train;46348;619.8;10568.19;3;1070.2;16.05.2024
HeavyLift;Dresden;Ship;201193;2799.9;21125.35;9;30001.5;14.06.2023
SkyCargo;Ljubljana;Truck;8695;1110.4;8286.0;4;397.6;02.07.2022
ShipLine;Prague;Plane;5693;2829.3;94621.61;3;16304.6;05.02.2017
CargoOne;Zurich;Truck;14584;1007.7;6911.19;5;297.5;03.05.2020
EuroTrans;Zurich;Train;17449;1544.3;16972.72;4;1975.7;06.09.2022
NorthWind;Amsterdam;Truck;18057;914.2;12839.07;3;246.3;14.09.2020
EuroTrans;Prague;Train;1065;1675.1;6946.43;5;2215.2;04.07.2021
MoveIt;Budapest;Truck;178;770.0;3170.45;4;265.5;14.02.2022
GlobalFreight;Bratislava;Truck;1676;144.3;1390.19;3;42.4;26.06.2024
RoadRunner;Prague;Truck;556;150.0;847.98;3;54.9;14.05.2025
TransMax;Budapest;Ship;273702;6830.2;55843.07;22;49333.3;16.04.2023
NorthWind;Bratislava;Plane;12961;1428.6;85818.84;1;11393.9;19.01.2015
MoveIt;Ljubljana;Truck;7684;86.9;3543.29;2;28.0;21.07.2015
CargoBridge;Copenhagen;Train;50468;541.4;22893.74;2;914.2;21.02.2019
MoveIt;Munich;Plane;5370;774.9;83856.25;1;6372.0;24.08.2024
SkyCargo;Brussels;Plane;372;5792.9;113095.16;5;52908.1;01.04.2018
RoadRunner;Bratislava;Plane;7262;1065.4;126125.33;1;13759.8;26.04.2018
MoveIt;Frankfurt;Train;16993;770.6;8789.83;4;1187.6;19.06.2023
FastMove;Budapest;Truck;16635;712.2;6255.44;3;270.3;08.07.2016
RoadRunner;Ljubljana;Train;64756;1718.8;23410.34;4;2746.5;24.01.2017
TransMax;Paris;Train;78477;2323.2;14498.4;7;3978.7;22.05.2018
ShipLine;Zagreb;Truck;2943;587.9;5036.02;3;132.2;12.07.2015
BlueLogistics;Milan;Truck;7349;511.9;3181.06;4;172.4;05.01.2017
BlueLogistics;Bratislava;Truck;20737;439.2;13967.36;2;143.5;29.03.2022
RailCargo;Brussels;Truck;21630;1118.7;7658.29;4;438.7;26.03.2016
FastMove;Paris;Truck;3847;1037.0;7752.88;3;388.7;14.01.2024
GlobalFreight;Bratislava;Train;19891;2257.3;13057.52;6;3014.8;03.05.2020
BlueLogistics;Amsterdam;Truck;10059;498.5;4571.31;3;141.4;08.02.2025
HeavyLift;Prague;Plane;11487;4594.6;177128.73;3;47596.9;20.01.2015
CargoBridge;Brussels;Truck;9018;239.3;3525.2;3;65.2;28.10.2025
CargoBridge;Paris;Truck;20542;640.9;8380.07;3;186.0;12.06.2022
GlobalFreight;Paris;Truck;3745;567.7;4217.88;3;209.8;12.11.2023
CargoOne;Hamburg;Truck;8457;742.8;5333.55;3;249.0;02.12.2021
HeavyLift;Berlin;Train;9605;1599.1;17057.71;3;1403.7;24.01.2021
FastMove;Dresden;Train;25491;632.9;15248.11;2;925.2;18.12.2023
RailCargo;Zurich;Truck;22987;1102.8;10142.59;3;314.6;07.03.2024
RoadRunner;Prague;Train;3197;1190.5;8104.12;4;1052.6;04.03.2016
ShipLine;Copenhagen;Truck;10733;70.3;3138.67;2;27.1;31.05.2017
QuickCargo;Zagreb;Truck;22678;362.3;7986.93;2;134.6;01.02.2019
MoveIt;Brussels;Truck;8441;874.3;4660.83;4;351.3;20.09.2020
FastMove;Budapest;Ship;292469;3754.3;31084.69;14;25041.0;25.01.2022
QuickCargo;Dresden;Ship;129935;7951.4;46063.43;18;38046.6;11.06.2017
CargoOne;Zagreb;Train;61348;1408.1;13838.24;5;1955.4;05.10.2018
CargoBridge;Frankfurt;Train;15747;395.2;9186.61;2;536.7;18.07.2024
FastMove;Dresden;Truck;8769;1197.1;7359.35;4;331.1;07.12.2023
CargoOne;Berlin;Truck;4602;807.2;4449.72;4;224.0;28.07.2020
FastMove;Munich;Truck;11520;393.0;4948.92;3;150.1;16.12.2023
GlobalFreight;Vienna;Train;75689;346.7;6937.77;4;687.5;22.04.2024
NorthWind;Bratislava;Truck;753;1060.2;6124.53;3;392.3;28.09.2019
EuroTrans;Milan;Truck;11497;176.0;12029.88;1;70.6;30.08.2025
TransMax;Hamburg;Ship;30246;7828.3;53311.93;20;44814.3;13.11.2022
EuroTrans;Bratislava;Train;32037;618.0;13661.15;2;1246.6;15.07.2020
CargoOne;Copenhagen;Plane;9152;2409.4;82568.31;2;31818.6;04.12.2023
ShipLine;Ljubljana;Train;43399;1201.8;15737.03;3;2311.0;21.10.2024
FastMove;Budapest;Plane;12537;3027.4;64855.45;3;28994.9;31.03.2022
BlueLogistics;Milan;Truck;2830;532.4;4090.98;3;171.8;07.11.2018
GlobalFreight;Frankfurt;Truck;4217;1081.9;3789.38;5;316.2;30.11.2017
EuroTrans;Ljubljana;Plane;1367;5352.2;143895.96;4;64734.6;08.04.2017
NorthWind;Budapest;Train;7254;2286.3;15080.37;5;3924.8;22.04.2024
MoveIt;Copenhagen;Truck;14899;405.2;10868.94;2;168.6;20.06.2017
BlueLogistics;Warsaw;Ship;159674;3248.9;26004.68;15;19221.4;04.06.2024
QuickCargo;Dresden;Ship;60835;3244.3;27034.74;15;16741.2;31.08.2017
RailCargo;Zurich;Train;20175;454.7;4738.31;4;828.4;01.09.2025
SkyCargo;Ljubljana;Ship;106767;3523.1;15653.65;15;18753.8;21.10.2016
FastMove;Brussels;Ship;274220;4775.0;36440.46;11;27508.5;09.12.2015
MoveIt;Paris;Truck;22109;352.3;19743.11;1;104.9;31.12.2016
FastMove;Dresden;Train;26063;2414.1;10661.42;5;4466.9;24.10.2015
RoadRunner;Zurich;Truck;11252;851.9;7502.34;4;337.7;28.05.2025
RoadRunner;Copenhagen;Truck;14838;281.9;3218.68;3;75.5;23.07.2017
HeavyLift;Milan;Train;35678;1303.0;15294.87;3;2667.4;25.12.2025
MoveIt;Munich;Truck;4325;56.7;4190.87;1;22.1;18.01.2020
FastMove;Copenhagen;Plane;3578;2211.1;78931.91;3;15091.6;27.12.2018
CargoBridge;Vienna;Ship;241799;5282.5;20492.32;17;33687.0;30.06.2016
RoadRunner;Munich;Truck;20219;1021.3;6934.45;5;379.4;13.04.2020
RailCargo;Bratislava;Truck;23447;779.5;8027.84;4;233.2;08.07.2023
MoveIt;Amsterdam;Truck;20122;139.5;4055.87;3;38.0;27.05.2015
CargoOne;Paris;Truck;10251;1112.0;8810.45;4;426.1;29.06.2019
QuickCargo;Milan;Truck;19618;280.3;6877.67;2;98.2;31.08.2023
QuickCargo;Frankfurt;Truck;6035;709.8;3734.36;4;157.3;13.06.2018
HeavyLift;Frankfurt;Train;3412;2193.8;11358.62;6;3999.2;20.11.2019
GlobalFreight;Ljubljana;Truck;10269;508.7;7525.89;2;151.4;10.05.2021
FastMove;Bratislava;Truck;5495;927.0;3717.21;5;331.1;01.02.2020
HeavyLift;Vienna;Plane;11932;2734.2;76623.41;3;31017.4;08.05.2016
SkyCargo;Munich;Truck;23435;295.5;8505.81;2;96.6;03.02.2020
TransMax;Zurich;Train;52283;1408.1;12408.13;5;2792.5;07.09.2018
FastMove;Bratislava;Truck;15236;773.7;8140.44;2;297.5;19.01.2023
CargoOne;Zagreb;Truck;19033;283.4;15943.53;1;86.6;24.10.2023
HeavyLift;Copenhagen;Truck;6982;931.0;4954.27;4;266.8;31.08.2025
NorthWind;Budapest;Ship;63608;6015.6;43934.27;21;37808.2;20.08.2019
TransMax;Ljubljana;Truck;7184;1039.8;9322.03;3;348.9;14.09.2017
MoveIt;Hamburg;Truck;5322;693.2;11592.48;2;210.7;25.04.2021
FastMove;Vienna;Ship;104773;6438.8;52234.76;19;32174.3;10.12.2015
SkyCargo;Hamburg;Ship;11897;6008.2;27485.61;17;41176.7;11.08.2018
GlobalFreight;Prague;Truck;3948;499.9;4817.48;2;168.2;13.11.2025
SkyCargo;Paris;Truck;13385;1177.3;13642.61;3;387.5;20.05.2025
EuroTrans;Ljubljana;Ship;125609;2075.5;18577.54;14;19147.1;10.10.2024
GlobalFreight;Brussels;Ship;48664;7901.8;48272.23;23;68281.2;13.04.2017
NorthWind;Berlin;Truck;7010;348.5;4678.15;2;94.3;14.01.2015
FastMove;Budapest;Train;68819;521.5;7997.68;4;948.6;08.06.2016
CargoOne;Milan;Ship;295284;2564.3;22482.28;12;24767.7;12.11.2022
EuroTrans;Munich;Truck;23560;95.5;4814.33;3;31.9;28.07.2019
CargoBridge;Ljubljana;Truck;22322;968.5;10421.44;3;358.2;05.11.2016
RailCargo;Brussels;Truck;652;119.4;1840.12;2;37.0;25.06.2017
GlobalFreight;Zurich;Train;48386;1141.9;11271.54;5;2010.4;01.08.2016
FastMove;Hamburg;Truck;1747;1104.1;6367.87;3;294.4;04.11.2019
QuickCargo;Bratislava;Truck;15287;718.7;10240.26;2;241.9;04.04.2018
CargoOne;Hamburg;Train;23501;816.1;13203.85;3;857.1;15.09.2018
TransMax;Zagreb;Truck;11420;1073.2;5375.31;4;444.9;13.11.2025
CargoBridge;Dresden;Ship;189440;7130.4;56041.57;18;41493.1;15.12.2023
GlobalFreight;Prague;Truck;6883;651.3;3732.53;4;151.5;21.08.2020
HeavyLift;Hamburg;Plane;13017;3689.8;113633.6;4;38595.8;25.12.2022
RailCargo;Copenhagen;Train;13339;1415.4;13483.27;3;2169.1;13.12.2024
QuickCargo;Munich;Train;41347;855.7;6847.24;4;977.3;08.10.2019
FastMove;Bratislava;Ship;231581;6310.7;31710.18;21;68866.1;01.03.2020
NorthWind;Munich;Truck;4614;349.8;4372.54;3;78.2;23.02.2022
MoveIt;Milan;Truck;9677;797.3;6840.31;4;185.8;17.07.2017
RoadRunner;Ljubljana;Truck;2780;695.1;6736.73;2;178.3;26.11.2018
TransMax;Prague;Train;22868;2187.8;11885.6;7;2772.9;05.02.2022
CargoOne;Zurich;Truck;3472;403.4;6505.95;2;134.7;23.10.2020
ShipLine;Zagreb;Ship;45645;6267.7;39508.82;16;57058.9;02.07.2016
RoadRunner;Warsaw;Plane;10372;1597.4;28805.88;3;10574.8;28.02.2018
NorthWind;Prague;Truck;13281;599.3;7778.75;3;171.2;08.06.2025
RoadRunner;Zurich;Truck;3328;787.3;6683.78;3;294.3;31.01.2017
TransMax;Frankfurt;Truck;12503;587.4;5421.74;3;231.0;18.09.2017
TransMax;Ljubljana;Truck;12340;519.3;5172.51;3;166.4;02.09.2022
ShipLine;Warsaw;Truck;2280;322.0;1840.98;3;107.8;22.10.2020
GlobalFreight;Milan;Plane;1181;1260.4;34768.26;3;7538.6;21.02.2021
EuroTrans;Paris;Truck;6735;335.2;3549.81;2;79.9;09.11.2016
NorthWind;Dresden;Train;35618;1795.3;9361.9;5;3303.8;03.01.2016
QuickCargo;Budapest;Truck;14905;143.9;2925.27;3;48.0;07.07.2018
NorthWind;Zagreb;Train;77575;421.9;11159.13;4;698.6;20.08.2015
EuroTrans;Vienna;Truck;22773;420.4;8589.88;3;135.9;15.09.2020
CargoOne;Zagreb;Truck;17004;257.5;3738.79;3;82.9;13.10.2022
HeavyLift;Munich;Truck;10194;255.2;3361.21;3;62.5;18.03.2016
NorthWind;Paris;Ship;213920;5563.6;28022.77;16;48840.2;04.06.2020
TransMax;Munich;Train;31366;543.0;6504.14;4;953.2;15.04.2015
SkyCargo;Brussels;Plane;13582;1824.6;42105.5;3;22069.0;06.12.2019
GlobalFreight;Berlin;Train;3168;1510.0;10228.48;5;2685.0;09.11.2022
MoveIt;Frankfurt;Truck;9983;209.2;4349.57;2;83.9;16.09.2019
QuickCargo;Budapest;Train;36665;1470.0;12698.42;5;2015.5;16.04.2018
TransMax;Ljubljana;Train;60228;807.1;18383.03;3;1289.7;13.11.2016
RailCargo;Prague;Ship;288045;3905.3;23933.48;16;43212.7;16.02.2015
NorthWind;Prague;Truck;19516;782.0;10151.83;3;208.5;12.03.2021
EuroTrans;Bratislava;Truck;6686;776.3;7124.39;2;193.2;07.06.2016
SkyCargo;Dresden;Truck;6760;766.9;4663.43;4;214.9;21.11.2025
CargoBridge;Munich;Train;22312;543.8;6014.24;3;648.7;28.01.2025
TransMax;Copenhagen;Ship;296606;4513.4;25084.84;15;44374.5;20.07.2021
NorthWind;Bratislava;Train;22006;1739.5;10267.69;4;3340.9;26.02.2023
HeavyLift;Brussels;Ship;67632;7902.7;28619.64;22;55941.3;20.01.2016
TransMax;Frankfurt;Truck;3684;218.7;4153.21;2;55.4;10.01.2023
NorthWind;Munich;Truck;21742;349.0;7624.95;2;114.1;25.04.2015
QuickCargo;Berlin;Ship;263170;7931.8;34365.21;23;81422.5;06.11.2018
RoadRunner;Ljubljana;Truck;8342;301.1;5752.03;2;112.3;14.10.2023
ShipLine;Bratislava;Ship;31420;1844.4;15354.49;13;15944.9;19.01.2015
MoveIt;Dresden;Truck;14947;784.9;8772.75;3;331.0;12.07.2023
GlobalFreight;Frankfurt;Truck;15992;646.6;6185.88;4;248.4;04.06.2024
BlueLogistics;Amsterdam;Truck;16484;1195.2;10397.18;3;469.5;07.10.2017
SkyCargo;Zurich;Ship;234018;1203.3;13619.66;10;8515.6;05.03.2016
RoadRunner;Munich;Truck;17236;899.1;11030.17;3;351.7;01.02.2022
RailCargo;Budapest;Truck;18872;91.4;4440.45;3;29.8;17.06.2023
ShipLine;Paris;Truck;23532;1050.6;7856.8;3;476.6;18.07.2024
QuickCargo;Prague;Truck;20957;563.1;13168.32;2;222.3;19.05.2020
BlueLogistics;Milan;Truck;14903;1073.4;6612.28;4;435.4;16.10.2021
TransMax;Frankfurt;Train;64850;297.6;7844.57;4;591.4;18.01.2025
MoveIt;Frankfurt;Truck;5479;70.9;1204.51;3;28.0;25.07.2022
NorthWind;Prague;Plane;3532;553.4;51881.62;1;3495.0;08.05.2016
TransMax;Paris;Train;2892;2017.0;9010.25;7;2052.6;03.06.2024
BlueLogistics;Frankfurt;Plane;3139;5647.9;55899.26;5;41257.0;12.12.2019
QuickCargo;Amsterdam;Truck;18766;1121.5;9040.32;4;434.6;31.01.2025
SkyCargo;Dresden;Truck;16389;758.9;7499.47;4;270.4;19.07.2016
QuickCargo;Munich;Train;63542;506.3;11091.4;3;961.2;23.11.2024
TransMax;Dresden;Truck;3134;1055.4;3906.5;4;301.8;24.04.2024
ShipLine;Dresden;Truck;1370;276.0;2630.56;3;83.4;29.03.2025
RoadRunner;Bratislava;Train;61801;1303.3;15791.83;5;2557.1;30.06.2024
MoveIt;Bratislava;Truck;2155;365.2;2836.94;2;98.7;02.07.2022
EuroTrans;Ljubljana;Ship;180237;2062.1;20946.06;14;12730.8;18.05.2023
CargoOne;Frankfurt;Truck;9927;438.1;6203.18;2;119.8;01.05.2020
CargoBridge;Munich;Truck;12250;1092.3;10913.82;3;398.2;25.09.2023
QuickCargo;Budapest;Truck;23022;1045.1;12108.57;3;343.2;07.09.2024
BlueLogistics;Dresden;Truck;12023;581.3;4459.8;4;185.5;30.04.2022
RoadRunner;Frankfurt;Train;46707;1137.0;22940.58;3;2359.5;19.09.2018
NorthWind;Ljubljana;Truck;2046;923.5;3961.75;4;322.7;27.12.2020
RailCargo;Frankfurt;Truck;9562;541.2;3834.13;3;164.5;18.01.2016
TransMax;Zagreb;Truck;687;272.0;3191.78;2;92.0;05.02.2021
CargoBridge;Vienna;Truck;1097;64.8;1100.57;2;21.4;23.04.2016
MoveIt;Frankfurt;Ship;219235;1926.6;12204.75;8;17394.4;12.08.2022
QuickCargo;Berlin;Truck;10460;260.9;10244.1;1;85.5;23.07.2022
EuroTrans;Munich;Truck;21298;1055.3;11399.32;3;356.1;09.11.2025
HeavyLift;Zurich;Plane;7289;5709.6;127176.59;4;53852.3;03.03.2018
TransMax;Ljubljana;Ship;246021;6048.1;33045.4;21;35775.4;25.05.2019
SkyCargo;Copenhagen;Truck;8597;936.3;8682.36;3;215.1;18.04.2020
RailCargo;Dresden;Ship;202046;2175.7;18702.98;7;18243.8;10.08.2024
CargoBridge;Hamburg;Plane;8503;3495.3;38548.78;4;33519.8;11.08.2020
FastMove;Munich;Plane;14737;5684.2;166738.52;4;52166.2;24.03.2021
FastMove;Milan;Truck;5718;136.2;1575.55;3;39.4;23.05.2024
QuickCargo;Warsaw;Train;55457;641.6;16672.38;2;1401.0;30.07.2017
ShipLine;Munich;Ship;267168;2121.9;11435.77;9;21251.4;07.12.2024
QuickCargo;Budapest;Truck;6151;355.2;10781.72;1;141.0;15.04.2022
FastMove;Budapest;Truck;13069;1101.4;8599.82;4;353.7;24.04.2017
CargoOne;Hamburg;Plane;9796;3196.1;100531.49;3;21278.2;01.05.2020
GlobalFreight;Vienna;Truck;22404;528.3;7083.96;3;221.4;28.04.2022
FastMove;Copenhagen;Truck;3315;756.9;3738.2;3;270.5;14.09.2020
QuickCargo;Bratislava;Plane;5758;4621.2;75569.23;3;43243.4;10.06.2015
GlobalFreight;Copenhagen;Train;45980;1933.7;15065.1;6;3980.0;12.08.2015
CargoBridge;Warsaw;Truck;5771;581.1;6530.38;3;201.4;05.11.2016
EuroTrans;Paris;Truck;23211;887.9;9146.11;3;266.9;11.01.2025
QuickCargo;Warsaw;Train;24702;2238.1;8147.96;7;2582.8;26.09.2023
RoadRunner;Milan;Plane;4071;3938.6;65207.09;4;34318.3;26.10.2017
TransMax;Brussels;Truck;7839;556.4;4740.71;3;170.1;14.02.2015
ShipLine;Paris;Ship;289936;3731.2;25836.05;9;31553.4;04.05.2025
HeavyLift;Prague;Train;5540;1530.2;6348.07;5;2002.0;13.02.2023
FastMove;Zagreb;Truck;7177;662.7;6185.37;3;182.5;24.10.2017
CargoOne;Munich;Train;47956;2299.6;20908.85;5;2711.2;24.02.2018
SkyCargo;Zurich;Truck;18748;785.1;7061.74;3;224.0;03.07.2019
CargoOne;Budapest;Truck;11732;732.4;4986.69;4;185.9;11.07.2025
SkyCargo;Copenhagen;Truck;17755;764.9;6542.77;4;246.5;27.04.2020
CargoOne;Bratislava;Truck;3487;821.2;4098.36;3;263.4;03.06.2025
MoveIt;Vienna;Ship;142762;1040.2;11138.62;8;5860.0;24.10.2017
ShipLine;Copenhagen;Truck;11051;256.5;11692.14;1;85.5;04.10.2018
SkyCargo;Paris;Truck;19746;593.7;10086.85;3;264.1;11.10.2019
QuickCargo;Brussels;Train;53539;299.2;16687.97;2;390.9;09.09.2020
SkyCargo;Ljubljana;Truck;15607;398.2;8093.83;2;113.3;15.09.2020
TransMax;Paris;Truck;15680;580.6;4897.94;4;194.8;25.02.2022
TransMax;Paris;Train;67021;1469.9;17052.56;5;2373.5;07.03.2018
TransMax;Amsterdam;Plane;11587;5194.5;156376.37;4;36990.2;10.08.2018
RailCargo;Milan;Truck;2817;572.0;4230.72;4;155.2;16.05.2019
RailCargo;Dresden;Truck;12090;115.4;6492.93;1;48.2;05.04.2021
GlobalFreight;Bratislava;Truck;13890;988.9;9309.51;4;380.7;10.06.2015
RailCargo;Copenhagen;Train;26841;1497.5;7956.91;6;1857.0;15.01.2021
BlueLogistics;Frankfurt;Train;29974;1869.1;17146.91;4;2081.6;04.01.2019
MoveIt;Zurich;Train;22072;2341.4;13831.08;6;4452.1;20.07.2025
CargoBridge;Copenhagen;Truck;8526;420.2;4273.77;3;129.9;13.05.2021
CargoOne;Prague;Truck;2750;667.5;9722.37;2;142.0;24.06.2019
RailCargo;Vienna;Truck;23561;65.0;8218.05;2;22.9;21.04.2025
QuickCargo;Vienna;Truck;16243;1170.0;5372.14;5;461.2;19.03.2023
RoadRunner;Zurich;Plane;1042;1389.9;73736.77;2;8642.2;20.01.2019
BlueLogistics;Milan;Truck;19235;426.9;5854.57;4;124.8;15.03.2020
MoveIt;Copenhagen;Train;49778;2288.5;17936.57;5;2997.1;13.12.2020
CargoOne;Warsaw;Ship;253726;1148.9;14246.2;13;6668.1;02.03.2025
HeavyLift;Zurich;Truck;9749;670.1;3638.39;4;265.6;03.05.2023
GlobalFreight;Prague;Truck;6675;922.9;5535.46;3;227.0;30.07.2018
MoveIt;Amsterdam;Truck;5721;623.5;5053.98;2;191.6;15.06.2023
NorthWind;Amsterdam;Truck;3538;170.3;3181.52;2;53.3;03.12.2020
NorthWind;Dresden;Truck;20023;1144.2;9075.02;5;444.0;19.06.2016
ShipLine;Frankfurt;Truck;17277;233.3;9823.2;2;86.3;01.06.2017
CargoBridge;Milan;Truck;21886;459.2;4826.82;4;131.0;01.01.2024
RoadRunner;Vienna;Truck;23475;828.3;7534.5;4;249.7;20.06.2021
GlobalFreight;Amsterdam;Plane;9397;961.9;50718.49;2;7843.3;17.11.2023
RoadRunner;Zurich;Plane;10874;2484.6;59987.77;3;17768.6;16.10.2015
CargoOne;Budapest;Truck;16577;925.4;6585.1;4;315.6;22.05.2024
QuickCargo;Brussels;Truck;4356;381.2;8410.18;1;147.4;19.05.2015
HeavyLift;Brussels;Train;46856;1600.1;10187.82;4;1907.1;03.11.2019
GlobalFreight;Zurich;Truck;10901;829.4;6139.38;4;336.5;18.01.2017
EuroTrans;Berlin;Plane;13238;4038.5;106314.57;3;50117.2;21.10.2025
MoveIt;Copenhagen;Truck;4754;740.6;5231.49;4;252.9;06.06.2021
MoveIt;Berlin;Truck;12498;60.6;9492.97;1;20.3;01.10.2018
TransMax;Frankfurt;Plane;12442;5951.4;111400.56;5;79081.3;09.12.2024
NorthWind;Paris;Truck;20879;1058.0;9318.24;3;343.2;04.11.2020
BlueLogistics;Prague;Train;17507;1227.3;7462.31;4;1448.2;15.02.2021
EuroTrans;Ljubljana;Ship;297815;3010.2;25070.99;10;30579.7;17.09.2024
EuroTrans;Paris;Truck;6873;1052.8;7088.35;3;274.6;20.04.2023
EuroTrans;Amsterdam;Ship;220399;1313.4;21154.11;7;10639.2;16.10.2017
SkyCargo;Berlin;Ship;159738;7840.5;38274.96;24;40048.7;18.05.2017
RoadRunner;Zagreb;Truck;4012;100.2;2057.17;2;21.7;27.05.2015
GlobalFreight;Berlin;Train;76642;322.8;8345.84;3;702.9;03.07.2021
MoveIt;Brussels;Train;69839;326.1;6926.18;4;717.7;27.11.2020
RailCargo;Milan;Truck;5145;821.3;6189.32;3;205.7;11.12.2018
ShipLine;Paris;Truck;9659;549.9;6760.96;2;141.7;05.04.2015
FastMove;Hamburg;Truck;23249;463.5;9529.8;2;165.4;05.02.2017
TransMax;Munich;Truck;20140;493.2;5381.58;4;163.3;09.12.2025
HeavyLift;Dresden;Truck;6001;842.4;5846.03;4;296.2;13.02.2020
CargoBridge;Zagreb;Truck;5843;303.5;3889.12;2;82.4;28.10.2025
BlueLogistics;Copenhagen;Truck;2277;313.4;2162.98;3;84.1;27.03.2020
BlueLogistics;Zurich;Plane;10672;5905.3;155635.4;4;40508.6;04.08.2018
SkyCargo;Milan;Train;57005;1244.3;11894.02;6;1900.7;08.08.2024
CargoBridge;Vienna;Truck;18210;782.3;5904.02;3;234.8;06.07.2020
TransMax;Frankfurt;Plane;1705;5997.1;113504.86;5;59447.5;01.07.2018
NorthWind;Budapest;Plane;11664;3382.1;87842.56;3;34768.4;28.02.2020
GlobalFreight;Prague;Truck;23531;140.4;5563.1;2;58.6;15.07.2020
CargoBridge;Zurich;Ship;69289;5304.2;38449.28;17;32363.0;06.12.2024
FastMove;Vienna;Truck;951;656.9;6926.18;2;142.0;24.08.2021
ShipLine;Prague;Ship;222392;6050.5;33857.49;18;54904.3;08.04.2022
MoveIt;Bratislava;Truck;12314;498.9;6174.87;3;208.0;13.08.2023
ShipLine;Brussels;Train;32844;989.6;12655.6;3;1186.0;28.05.2016
QuickCargo;Vienna;Train;59155;2236.5;24544.57;4;4423.6;10.12.2016
ShipLine;Warsaw;Truck;15576;988.1;8648.66;4;271.3;29.04.2024
EuroTrans;Warsaw;Plane;605;1820.5;39100.77;3;11834.0;22.07.2023
MoveIt;Berlin;Truck;6746;869.8;4253.89;5;330.6;19.11.2015
QuickCargo;Berlin;Train;52286;843.6;16282.54;3;1691.6;02.05.2019
TransMax;Ljubljana;Ship;286731;5494.0;25269.09;17;63207.3;01.08.2018
HeavyLift;Zurich;Truck;17981;268.0;12130.07;1;116.6;21.12.2019
CargoOne;Zagreb;Truck;7782;996.5;5355.51;3;377.0;07.10.2022
CargoOne;Ljubljana;Ship;258123;3764.7;32064.88;10;33583.4;24.01.2022
RoadRunner;Bratislava;Truck;3675;680.6;7309.84;2;180.7;16.08.2017
TransMax;Zurich;Train;61909;219.2;7157.56;4;448.3;18.12.2020
MoveIt;Bratislava;Train;68399;997.5;10605.53;3;1844.1;22.12.2019
QuickCargo;Zagreb;Plane;2143;4272.6;106105.06;3;51999.4;09.06.2020
EuroTrans;Paris;Truck;23861;729.2;7732.9;4;241.1;12.07.2025
FastMove;Berlin;Truck;21043;612.1;10906.64;2;246.1;30.03.2021
BlueLogistics;Prague;Truck;9724;882.4;6113.26;3;320.4;26.10.2020
HeavyLift;Munich;Truck;11383;1056.7;5113.88;5;286.7;14.10.2018
BlueLogistics;Bratislava;Train;41328;1249.4;8930.07;6;1910.8;16.10.2025
NorthWind;Hamburg;Truck;7296;1082.5;8437.73;4;278.7;01.01.2020
HeavyLift;Copenhagen;Train;30653;216.9;6775.7;3;330.1;11.12.2024
CargoOne;Paris;Train;64865;1336.4;7950.52;5;1906.9;28.08.2022
CargoBridge;Munich;Plane;569;5491.4;57312.56;5;28343.0;25.02.2018
EuroTrans;Berlin;Truck;17908;829.6;9197.64;3;246.9;16.06.2024
BlueLogistics;Milan;Ship;70679;6515.6;34806.67;15;50083.3;09.07.2019
RailCargo;Brussels;Train;25236;1671.8;10425.99;5;2220.3;30.05.2018
RoadRunner;Vienna;Train;42585;1303.2;9099.73;5;1607.6;22.06.2018
HeavyLift;Paris;Train;21682;769.5;6672.47;4;1123.9;09.07.2021
HeavyLift;Budapest;Train;71754;404.1;11273.9;3;699.9;29.07.2017
BlueLogistics;Zurich;Truck;1186;639.0;3588.52;3;141.5;22.09.2020
EuroTrans;Zurich;Train;1246;1268.1;5732.44;5;1885.3;17.10.2015
CargoBridge;Bratislava;Ship;229722;7593.9;46272.99;19;52540.8;16.12.2025
EuroTrans;Brussels;Truck;21301;786.6;8038.88;4;351.4;04.01.2024
BlueLogistics;Milan;Truck;8592;640.5;4936.51;4;194.1;21.05.2018
NorthWind;Paris;Truck;11016;430.3;6074.22;3;113.8;26.06.2024
CargoOne;Zurich;Truck;18648;91.8;5706.85;2;30.8;22.07.2023
RailCargo;Vienna;Truck;18012;699.2;6673.36;4;210.8;03.07.2018
RailCargo;Zagreb;Ship;112316;6871.9;47693.22;19;34507.5;18.02.2016
TransMax;Zurich;Train;62554;714.6;9772.88;5;1445.4;16.11.2021
CargoOne;Frankfurt;Plane;12038;962.2;103848.65;1;8987.5;26.09.2022
HeavyLift;Bratislava;Ship;234025;4025.7;18453.94;17;43643.8;17.09.2015
SkyCargo;Vienna;Plane;4169;2721.6;115891.45;2;17304.9;11.06.2023
RoadRunner;Zagreb;Plane;8283;4181.0;48211.92;4;39188.4;24.07.2017
QuickCargo;Dresden;Train;3246;816.7;8555.39;3;895.3;05.08.2024
TransMax;Zurich;Train;70519;1806.0;9777.2;5;3585.9;24.05.2020
HeavyLift;Munich;Truck;4698;408.2;2130.95;4;110.8;18.11.2016
MoveIt;Munich;Train;66226;956.9;10779.75;4;1984.6;11.04.2021
FastMove;Berlin;Train;36687;995.0;12343.07;3;1156.7;02.05.2015
HeavyLift;Munich;Truck;3999;92.0;1290.09;3;35.6;27.06.2022
NorthWind;Ljubljana;Plane;14305;2701.9;64992.49;2;31000.8;17.03.2021
RailCargo;Brussels;Truck;22200;110.7;5463.61;3;45.0;18.09.2021
CargoOne;Hamburg;Truck;12742;821.4;7411.89;3;309.4;14.01.2019
RoadRunner;Frankfurt;Truck;15950;662.7;6462.77;3;242.1;11.09.2019
HeavyLift;Frankfurt;Train;23532;849.7;14651.27;2;1031.8;02.10.2021
CargoBridge;Hamburg;Ship;210455;1104.9;12981.01;6;6589.3;26.12.2022
TransMax;Hamburg;Truck;17032;177.5;3454.36;3;62.6;25.02.2016
CargoBridge;Brussels;Truck;9231;763.7;5998.91;3;227.6;03.07.2015
QuickCargo;Berlin;Train;15948;786.4;7323.93;3;1174.1;10.01.2024
TransMax;Frankfurt;Ship;217298;5336.9;42974.32;18;31526.5;18.03.2021
CargoBridge;Brussels;Truck;17309;952.9;6049.98;4;285.1;05.08.2023
GlobalFreight;Hamburg;Train;51715;294.8;5335.68;4;608.0;29.03.2019
QuickCargo;Prague;Truck;22590;673.0;7484.12;4;304.5;09.11.2024
NorthWind;Zurich;Plane;13777;5270.8;77817.43;5;43019.3;05.04.2023
SkyCargo;Prague;Train;61750;1239.9;19727.22;3;2103.4;12.02.2020
HeavyLift;Copenhagen;Ship;25609;5770.0;26582.88;15;33112.8;14.11.2019
RailCargo;Amsterdam;Train;27993;1923.2;13836.24;5;3818.1;05.05.2017
CargoBridge;Budapest;Ship;97269;6638.6;32525.12;16;28688.0;01.02.2016
CargoOne;Amsterdam;Truck;18751;912.0;5794.05;4;269.9;01.01.2020
RoadRunner;Hamburg;Truck;3081;102.8;4722.11;1;25.3;19.05.2021
TransMax;Hamburg;Train;45985;1648.5;13666.39;5;2020.6;17.08.2022
RoadRunner;Budapest;Train;9403;2242.4;15728.22;5;2947.6;26.04.2020
CargoBridge;Bratislava;Train;42685;1722.7;14748.53;4;3177.1;28.02.2022
FastMove;Vienna;Plane;8843;3821.9;96476.55;3;46973.1;02.07.2018
RoadRunner;Amsterdam;Train;57207;539.9;13546.51;3;710.8;04.01.2023
NorthWind;Hamburg;Plane;13628;3591.5;99203.16;3;35387.2;23.11.2025
BlueLogistics;Copenhagen;Truck;2096;877.3;4187.69;3;287.9;03.02.2019
CargoBridge;Brussels;Truck;10521;820.1;7244.37;3;267.3;04.11.2022
RoadRunner;Zurich;Train;76325;547.6;20374.83;2;1261.2;03.05.2023
SkyCargo;Paris;Train;76641;1402.0;15975.04;4;2838.1;08.06.2015
NorthWind;Dresden;Train;10336;1391.1;5764.4;6;1889.5;03.08.2016
NorthWind;Zagreb;Truck;17051;901.4;10504.97;3;237.1;31.12.2017
FastMove;Prague;Train;40744;1432.8;7739.36;5;1970.1;09.04.2018
EuroTrans;Bratislava;Train;65502;890.2;11992.16;4;1638.1;28.09.2016
BlueLogistics;Budapest;Train;11194;1672.4;11620.89;4;1588.3;17.09.2024
FastMove;Prague;Truck;19473;326.0;11524.82;2;120.3;09.09.2017
HeavyLift;Vienna;Truck;5048;909.6;3675.67;5;246.5;14.09.2022
RailCargo;Hamburg;Truck;5216;1104.5;5016.41;4;351.5;23.02.2021
ShipLine;Ljubljana;Ship;288114;6804.3;42947.39;20;43585.6;24.12.2020
ShipLine;Munich;Train;3100;1159.2;8431.46;4;1845.0;14.02.2021
NorthWind;Vienna;Truck;10162;157.5;11093.77;1;57.3;10.11.2018
CargoBridge;Munich;Truck;3218;494.9;4769.94;2;141.1;18.01.2025
FastMove;Paris;Ship;269773;7224.2;42927.83;20;83867.0;23.07.2025
CargoOne;Milan;Truck;12285;698.5;5740.59;4;231.9;30.09.2018
NorthWind;Vienna;Truck;8545;1104.0;7280.77;3;262.1;31.03.2015
CargoBridge;Frankfurt;Ship;236333;4824.1;23419.79;14;29545.7;24.05.2023
SkyCargo;Bratislava;Truck;22290;317.9;6548.62;2;118.8;06.05.2025
FastMove;Berlin;Truck;543;910.4;7182.52;2;222.8;23.03.2017
GlobalFreight;Prague;Truck;21979;588.7;13237.87;2;246.8;07.08.2015
CargoBridge;Frankfurt;Plane;8716;5310.8;96367.95;4;51592.9;28.01.2016
RailCargo;Warsaw;Truck;9213;442.9;6452.21;2;159.0;09.06.2023
NorthWind;Frankfurt;Train;45846;2133.5;10641.5;6;3406.0;23.04.2018
QuickCargo;Amsterdam;Truck;8970;315.2;4653.1;3;84.8;12.06.2024
CargoBridge;Paris;Train;16004;387.1;4733.69;3;554.9;01.08.2024
MoveIt;Brussels;Truck;17593;224.8;5171.43;3;87.8;12.11.2021
FastMove;Bratislava;Ship;107671;3991.2;31997.22;12;17880.5;10.10.2024
BlueLogistics;Frankfurt;Truck;11612;1038.9;8505.64;3;393.1;05.08.2024
EuroTrans;Budapest;Truck;12312;661.1;12749.86;2;243.4;24.07.2022
NorthWind;Budapest;Truck;7008;475.0;3730.59;4;187.8;08.11.2015
SkyCargo;Hamburg;Train;78379;2220.4;20751.67;4;4046.9;10.03.2023
HeavyLift;Berlin;Train;66880;1556.1;9631.08;6;2452.6;03.11.2023
FastMove;Brussels;Train;4586;430.0;3363.27;3;704.7;30.05.2025
ShipLine;Amsterdam;Truck;18559;747.9;7097.32;3;219.4;15.07.2023
BlueLogistics;Ljubljana;Ship;58336;3107.3;24239.1;13;17237.6;15.02.2021
RailCargo;Warsaw;Ship;88132;7534.3;59067.04;18;30283.9;15.05.2015
EuroTrans;Paris;Train;44293;1336.2;7291.08;5;1624.6;04.07.2015
EuroTrans;Budapest;Train;35544;2392.2;20799.72;4;4156.6;27.03.2022
ShipLine;Frankfurt;Train;30504;2200.5;18009.08;5;3646.3;09.05.2024
EuroTrans;Brussels;Truck;9932;177.1;4364.22;2;69.1;07.05.2019
QuickCargo;Amsterdam;Plane;14361;4402.1;132406.74;3;44871.7;17.03.2022
RoadRunner;Brussels;Train;26548;2130.5;8285.94;6;3957.7;17.04.2024
FastMove;Milan;Train;33400;1270.2;8260.8;5;2436.2;15.02.2015
HeavyLift;Amsterdam;Truck;3707;363.3;6178.6;2;114.2;29.09.2022
RailCargo;Frankfurt;Truck;7883;384.8;4032.69;3;149.9;27.01.2022
CargoBridge;Prague;Truck;709;74.3;1937.81;1;16.5;23.10.2021
FastMove;Vienna;Truck;16157;394.6;9504.34;2;169.4;20.11.2016
FastMove;Brussels;Plane;5027;1887.9;38174.14;3;23188.6;23.05.2017
HeavyLift;Bratislava;Plane;7864;3988.1;44194.92;4;49037.4;15.01.2025
BlueLogistics;Dresden;Truck;18344;780.5;11085.57;2;259.2;16.12.2015
RoadRunner;Paris;Train;4280;1431.4;10651.95;5;2323.7;14.05.2016
HeavyLift;Copenhagen;Truck;4719;444.7;3827.57;3;130.7;14.07.2023
CargoBridge;Dresden;Truck;5516;110.5;3700.76;1;28.6;06.09.2015
HeavyLift;Bratislava;Truck;15677;1063.7;4631.36;5;324.3;01.03.2021
GlobalFreight;Munich;Truck;1698;693.7;5821.24;2;232.7;12.02.2016
SkyCargo;Milan;Train;3628;1857.8;10960.99;6;2923.2;24.05.2022
SkyCargo;Frankfurt;Train;64472;1289.6;12020.71;5;2734.1;05.06.2021
HeavyLift;Bratislava;Truck;21065;154.8;3601.02;3;68.2;22.09.2024
EuroTrans;Zurich;Ship;42587;3726.4;13650.64;16;34444.6;03.12.2017
ShipLine;Hamburg;Ship;35836;2580.2;13065.67;9;20548.7;31.05.2023
QuickCargo;Copenhagen;Truck;3971;774.9;5533.9;4;181.2;20.12.2025
ShipLine;Warsaw;Plane;7394;810.8;26580.42;2;8057.5;03.06.2025
CargoBridge;Hamburg;Train;47769;1186.2;19611.77;3;2126.3;11.03.2016
RoadRunner;Prague;Train;24159;2140.5;9796.28;6;3058.7;09.03.2019
RailCargo;Milan;Ship;83727;4986.8;26983.1;20;19668.3;18.07.2017
ShipLine;Amsterdam;Truck;6642;1023.9;7701.75;3;402.2;11.04.2018
RailCargo;Amsterdam;Truck;1950;119.1;1232.7;2;31.6;04.12.2016
TransMax;Dresden;Plane;2464;2659.0;98047.47;2;15093.6;27.07.2025
ShipLine;Zurich;Truck;19815;835.4;9468.4;3;281.4;12.02.2016
RailCargo;Prague;Train;22387;885.1;5986.7;5;1305.9;16.01.2015
RoadRunner;Hamburg;Ship;111708;5739.6;40476.17;15;56197.0;19.02.2018
ShipLine;Hamburg;Truck;11058;764.0;3928.93;4;203.5;04.09.2016
QuickCargo;Brussels;Truck;2706;525.7;3823.01;4;160.8;05.06.2025
RailCargo;Zagreb;Truck;2190;289.8;2137.05;3;81.6;06.08.2016
FastMove;Ljubljana;Train;46206;2302.3;11619.08;6;4507.6;07.04.2023
EuroTrans;Prague;Ship;122360;3259.7;25972.73;17;22420.6;16.08.2025
ShipLine;Warsaw;Train;52769;516.6;14191.84;2;1037.9;26.02.2025
CargoOne;Copenhagen;Truck;15310;94.4;5750.5;2;39.8;04.03.2022
TransMax;Dresden;Train;66051;375.3;15014.57;3;562.9;24.06.2017
RoadRunner;Munich;Truck;14921;629.2;6936.61;3;242.5;17.03.2022
MoveIt;Frankfurt;Truck;22076;302.9;23236.0;1;85.5;23.02.2022
RoadRunner;Ljubljana;Truck;13547;395.1;4373.95;3;154.2;11.01.2020
RoadRunner;Bratislava;Truck;19461;815.6;10569.76;3;250.4;21.06.2025
MoveIt;Warsaw;Truck;5102;523.3;3278.8;4;179.7;28.12.2019
RoadRunner;Budapest;Train;50737;1441.3;15263.51;4;2864.1;30.01.2020
MoveIt;Brussels;Truck;7596;481.4;2521.94;4;119.6;12.11.2023
TransMax;Ljubljana;Truck;346;62.9;868.88;2;15.8;05.08.2017
TransMax;Frankfurt;Train;60719;424.8;8413.8;3;596.7;03.02.2024
CargoBridge;Zagreb;Train;63855;2466.2;15299.43;7;5422.8;08.01.2021
NorthWind;Copenhagen;Truck;12294;644.0;5430.82;3;163.1;01.12.2016
SkyCargo;Prague;Truck;906;1111.4;5650.05;3;406.8;06.06.2024
RailCargo;Brussels;Truck;10724;851.0;10382.84;2;307.7;04.08.2019
EuroTrans;Copenhagen;Truck;1769;622.5;8149.47;2;152.6;16.06.2023
RoadRunner;Munich;Truck;23972;1164.4;8443.26;4;331.2;07.09.2023
RailCargo;Vienna;Truck;18924;931.1;8613.61;4;320.0;25.12.2019
BlueLogistics;Paris;Train;7745;2396.6;15033.39;6;3686.7;11.02.2024
CargoBridge;Paris;Truck;20376;227.5;19160.95;1;71.9;17.01.2024
EuroTrans;Brussels;Truck;8281;733.2;5565.16;4;181.5;13.11.2022
RailCargo;Brussels;Train;15507;1327.3;11772.94;5;1277.3;19.05.2021
ShipLine;Zagreb;Truck;1573;1132.7;5080.38;3;265.1;22.09.2022
QuickCargo;Brussels;Truck;16814;200.4;9948.02;1;60.3;03.10.2021
HeavyLift;Warsaw;Truck;11066;348.9;3946.85;3;107.9;23.04.2023
CargoBridge;Prague;Truck;21241;346.5;6851.85;3;129.8;20.05.2021
TransMax;Copenhagen;Truck;10841;450.4;5377.18;3;114.3;13.01.2023
RoadRunner;Dresden;Truck;19775;398.7;5810.56;4;107.9;28.07.2019
EuroTrans;Frankfurt;Plane;6094;4949.0;57854.15;4;45777.5;22.02.2023
BlueLogistics;Warsaw;Truck;378;276.0;3555.05;2;70.4;15.08.2025
GlobalFreight;Frankfurt;Train;5623;867.1;9119.09;4;1235.8;14.06.2021
QuickCargo;Dresden;Truck;7358;701.1;3127.65;4;217.0;30.08.2015
ShipLine;Warsaw;Train;55840;714.2;16824.07;3;1256.4;26.04.2019
QuickCargo;Dresden;Ship;169686;4162.6;27371.44;15;20192.6;30.12.2023
ShipLine;Zagreb;Train;25547;285.5;3213.43;4;437.7;07.10.2022
SkyCargo;Paris;Truck;5964;924.8;4530.13;5;299.5;17.05.2021
QuickCargo;Ljubljana;Train;27116;2006.1;16185.78;5;3043.6;06.01.2016
HeavyLift;Hamburg;Truck;22775;1093.9;11642.24;4;436.9;16.02.2022
HeavyLift;Warsaw;Ship;74889;6721.6;52304.05;23;58029.3;14.11.2025
QuickCargo;Dresden;Plane;6166;2503.5;72002.96;2;30488.5;20.04.2021
ShipLine;Frankfurt;Truck;5529;313.4;2889.65;3;72.0;14.06.2019
ShipLine;Paris;Ship;93588;4301.6;27655.26;16;19113.7;24.11.2024
RailCargo;Vienna;Truck;2874;268.4;5439.56;1;67.2;02.06.2021
EuroTrans;Bratislava;Plane;11493;4956.7;79449.03;4;36339.7;20.02.2022
QuickCargo;Hamburg;Train;44038;289.9;7161.28;4;478.6;01.10.2016
ShipLine;Hamburg;Truck;16119;499.7;4738.9;4;150.4;22.04.2019
BlueLogistics;Prague;Plane;1704;5223.7;120016.84;5;57777.2;08.03.2021
NorthWind;Budapest;Truck;1518;630.0;5301.67;3;145.6;18.03.2020
CargoOne;Bratislava;Train;5942;2012.4;10594.58;5;3707.9;04.11.2016
RoadRunner;Zurich;Truck;16560;521.7;5151.48;3;205.6;21.02.2019
MoveIt;Warsaw;Train;19622;1750.1;11571.42;5;2245.5;30.01.2023
BlueLogistics;Warsaw;Truck;21197;1056.1;7301.08;5;375.7;15.01.2023
HeavyLift;Dresden;Plane;12769;4983.5;121977.02;5;58479.5;29.06.2016
SkyCargo;Berlin;Plane;9951;5639.4;77172.06;5;49440.8;25.11.2024
FastMove;Warsaw;Truck;10898;996.6;6399.78;3;306.9;20.05.2019
ShipLine;Dresden;Train;14204;1610.8;17828.8;4;1577.3;24.10.2021
EuroTrans;Dresden;Train;1624;1395.2;10366.79;4;2320.6;10.01.2022
EuroTrans;Bratislava;Truck;22623;510.4;6254.97;4;167.2;18.08.2018
GlobalFreight;Bratislava;Train;79224;2237.0;19914.57;6;4955.0;15.10.2022
MoveIt;Berlin;Truck;7924;107.8;3385.54;2;35.1;18.10.2021
RoadRunner;Zurich;Train;40414;2115.2;10458.92;6;4120.3;09.05.2019
RoadRunner;Berlin;Train;40801;1041.3;14144.65;3;1859.3;26.11.2020
RoadRunner;Prague;Truck;16337;51.0;6650.11;2;14.8;09.11.2024
FastMove;Paris;Truck;19052;237.2;9351.14;2;71.2;13.01.2020
CargoOne;Milan;Truck;4529;617.2;3848.76;3;192.8;03.07.2025
MoveIt;Ljubljana;Train;29906;439.1;11418.41;2;546.5;31.10.2020
TransMax;Dresden;Train;2777;798.1;5609.87;3;718.1;15.07.2016
FastMove;Budapest;Train;43236;457.8;10081.78;3;639.0;06.12.2018
CargoOne;Budapest;Train;10092;1939.9;13228.49;4;3039.8;13.11.2024
CargoOne;Zagreb;Truck;15929;1073.5;6625.96;4;435.2;13.12.2021
NorthWind;Paris;Plane;10412;4380.6;87684.87;4;40058.7;05.12.2016
CargoOne;Zurich;Truck;22167;780.0;5114.49;4;214.9;10.10.2016
FastMove;Ljubljana;Train;27400;2395.8;7853.69;7;4221.3;12.10.2018
GlobalFreight;Berlin;Truck;8283;740.1;6507.74;3;290.0;10.10.2024
RailCargo;Brussels;Truck;9666;447.0;8285.51;2;152.9;09.07.2022
BlueLogistics;Copenhagen;Truck;4988;928.2;12378.94;2;248.2;29.05.2024
GlobalFreight;Hamburg;Truck;19011;719.7;7350.97;4;189.8;12.02.2024
CargoOne;Vienna;Ship;275094;3538.9;33062.67;13;40804.5;05.05.2020
QuickCargo;Amsterdam;Ship;209436;1731.7;14149.8;10;16930.7;12.10.2023
RailCargo;Bratislava;Truck;16701;937.4;6590.63;4;363.5;03.02.2022
BlueLogistics;Brussels;Ship;164990;3909.4;29056.05;18;33927.3;23.08.2025
EuroTrans;Amsterdam;Truck;19428;344.1;4022.44;3;101.3;02.08.2017
EuroTrans;Zurich;Plane;1198;5596.1;128583.5;4;55715.0;04.01.2019
RailCargo;Budapest;Plane;6097;1887.6;95292.09;2;15813.9;22.06.2022
SkyCargo;Munich;Truck;14123;1092.4;4793.87;5;288.5;09.07.2023
SkyCargo;Vienna;Truck;1591;439.8;3717.7;2;158.7;11.01.2018
ShipLine;Brussels;Truck;1960;892.5;5370.21;3;227.1;02.09.2019
GlobalFreight;Copenhagen;Truck;12997;130.9;11727.25;1;41.4;21.04.2015
ShipLine;Munich;Truck;12730;1084.7;7549.49;5;265.0;11.06.2017
FastMove;Hamburg;Train;69827;1305.5;22001.48;3;2098.7;06.10.2021
TransMax;Amsterdam;Truck;6126;887.0;8598.86;3;314.5;19.09.2020
HeavyLift;Vienna;Truck;16157;669.6;8132.94;3;262.8;16.06.2023
QuickCargo;Frankfurt;Truck;5275;1171.5;7338.08;4;405.5;05.03.2020
ShipLine;Zurich;Train;66692;2111.6;24649.5;4;3403.5;08.03.2021
FastMove;Munich;Ship;52321;3298.3;11692.98;15;17444.7;06.05.2024
BlueLogistics;Budapest;Truck;12919;649.4;5006.26;3;189.0;16.10.2016
HeavyLift;Ljubljana;Truck;11434;1130.9;6552.47;5;394.6;20.10.2023
TransMax;Dresden;Train;9617;2252.9;7594.5;7;2022.5;11.06.2016
SkyCargo;Prague;Train;39740;1352.7;11680.9;4;2139.3;18.03.2019
EuroTrans;Prague;Ship;130513;1886.9;17893.89;8;9544.2;13.08.2023
BlueLogistics;Dresden;Truck;17746;984.3;9083.33;4;422.6;04.09.2018
HeavyLift;Amsterdam;Truck;5380;1120.8;5920.37;4;248.1;10.02.2024
RailCargo;Amsterdam;Train;79541;1014.2;10073.59;5;1556.3;12.07.2024
CargoOne;Berlin;Truck;2922;413.4;3881.12;3;157.3;27.07.2023
RailCargo;Prague;Truck;19011;640.5;7243.28;3;186.7;01.10.2025
NorthWind;Frankfurt;Truck;20562;1193.6;11786.07;4;355.6;18.08.2015
EuroTrans;Warsaw;Truck;12845;674.3;5904.39;3;244.4;31.10.2021
NorthWind;Munich;Train;34225;2160.0;16579.54;6;3591.3;24.08.2024
NorthWind;Warsaw;Ship;62875;4272.0;34998.64;19;39467.2;30.07.2022
TransMax;Dresden;Train;11866;2422.3;7961.38;7;2320.4;21.08.2025
RailCargo;Copenhagen;Ship;165225;6908.7;39884.62;17;40295.5;03.08.2015
BlueLogistics;Zurich;Train;61536;1189.5;17947.58;4;2424.1;14.11.2019
QuickCargo;Vienna;Truck;11522;428.5;10023.25;2;151.9;08.09.2021
RailCargo;Zurich;Train;67529;1051.1;12298.71;4;1822.9;24.11.2025
FastMove;Zagreb;Plane;10223;1366.7;82644.94;2;9614.2;13.04.2020
BlueLogistics;Prague;Truck;23623;1109.1;12595.59;3;400.3;02.07.2016
CargoBridge;Zagreb;Truck;19298;178.6;5330.68;3;60.9;08.06.2019
MoveIt;Milan;Ship;60415;6598.2;42491.65;18;58411.6;11.07.2021
CargoBridge;Dresden;Train;72980;649.3;11133.23;3;1066.9;02.04.2021
CargoOne;Copenhagen;Ship;164204;2770.1;16561.72;11;27665.1;05.04.2023
TransMax;Ljubljana;Truck;11267;1044.4;7255.0;4;382.9;04.04.2020
NorthWind;Budapest;Train;56125;990.7;15178.56;3;1852.5;17.07.2017
MoveIt;Munich;Ship;216133;7083.3;41471.61;17;74599.9;12.12.2021
HeavyLift;Zagreb;Truck;18984;936.9;7750.37;4;334.9;17.07.2021
CargoBridge;Brussels;Truck;3633;1037.7;6412.67;4;377.2;19.11.2025
BlueLogistics;Bratislava;Truck;20811;547.1;7795.76;3;210.3;10.11.2018
FastMove;Vienna;Ship;119374;3075.7;16193.72;16;18124.0;16.09.2016
FastMove;Berlin;Train;24433;2238.7;20081.7;5;3131.0;27.10.2016
TransMax;Ljubljana;Ship;130252;4431.2;22138.51;12;40591.4;08.12.2025
ShipLine;Hamburg;Truck;16978;525.0;12162.65;2;153.0;17.06.2023
EuroTrans;Berlin;Truck;22606;593.6;9822.85;3;180.3;27.10.2025
RailCargo;Vienna;Train;61931;1866.0;11217.27;6;2387.3;02.02.2021
BlueLogistics;Bratislava;Train;50551;873.1;14510.1;3;1053.3;05.01.2015
RailCargo;Copenhagen;Truck;10916;240.7;3115.47;3;59.1;17.10.2022
NorthWind;Frankfurt;Ship;180941;4644.6;40467.82;16;26518.9;13.12.2025
CargoOne;Prague;Ship;186646;7473.3;44689.18;22;64347.1;13.03.2022
FastMove;Zurich;Truck;2768;784.3;4440.89;3;296.9;12.08.2016
CargoOne;Copenhagen;Plane;7674;5615.3;129014.81;5;40621.3;11.05.2024
QuickCargo;Brussels;Truck;21087;1193.5;9087.62;5;528.6;04.04.2021
FastMove;Zagreb;Train;11060;525.8;2443.1;5;718.4;15.05.2019
QuickCargo;Paris;Train;52567;2453.6;13593.34;7;4411.9;25.07.2022
NorthWind;Warsaw;Truck;17935;527.4;5209.51;4;146.7;17.11.2022
EuroTrans;Munich;Ship;25198;1902.4;12578.9;11;16044.5;31.08.2017
MoveIt;Prague;Train;75324;1036.1;10289.37;5;2274.5;05.03.2021
BlueLogistics;Zurich;Train;35378;365.2;9344.79;3;665.6;01.12.2017
QuickCargo;Ljubljana;Truck;15399;1189.5;9778.04;4;482.4;13.03.2018
TransMax;Warsaw;Train;48861;1274.3;12435.06;4;2566.8;20.06.2019
EuroTrans;Vienna;Truck;7777;1186.0;6058.95;4;306.5;30.07.2022
MoveIt;Zagreb;Ship;106878;1391.2;11641.63;7;6514.8;03.12.2022
CargoOne;Dresden;Truck;15646;485.3;4658.87;3;198.6;13.04.2016
RoadRunner;Amsterdam;Ship;37408;4653.1;29011.84;16;23254.3;18.06.2022
CargoBridge;Zagreb;Ship;48229;5127.0;23940.13;17;25331.2;16.05.2015
FastMove;Dresden;Truck;11512;120.6;8320.35;1;33.7;02.11.2024
RailCargo;Milan;Ship;102352;4337.2;27945.33;12;20247.6;28.02.2023
CargoOne;Amsterdam;Plane;2065;3339.7;144326.22;2;39576.1;07.07.2021
RoadRunner;Munich;Truck;5887;354.3;3789.21;3;95.1;16.01.2023
QuickCargo;Copenhagen;Truck;2859;1090.1;3450.99;5;341.0;04.08.2015
CargoBridge;Zagreb;Ship;150461;5847.0;38555.26;20;39903.1;16.04.2021
EuroTrans;Milan;Ship;67297;3229.7;11793.91;11;15283.4;30.05.2020
EuroTrans;Bratislava;Truck;11324;896.4;11074.67;2;241.3;23.08.2019
FastMove;Ljubljana;Plane;8120;511.6;20275.19;2;3827.1;11.06.2018
ShipLine;Hamburg;Truck;1999;354.9;2329.34;3;117.5;03.07.2017
RailCargo;Milan;Train;24984;1060.3;15790.33;3;1074.2;17.05.2020
MoveIt;Munich;Train;56921;1809.4;13666.46;6;3944.5;27.01.2024
CargoBridge;Vienna;Ship;41440;7197.8;26328.99;22;30769.0;20.05.2020
CargoOne;Munich;Train;50689;1865.1;14504.1;5;2921.5;30.07.2020
CargoOne;Budapest;Truck;1290;386.3;1994.05;3;108.0;24.02.2015
SkyCargo;Hamburg;Ship;50432;934.6;5430.82;7;4544.5;04.01.2021
TransMax;Bratislava;Ship;134977;6430.8;45458.72;23;54106.7;17.11.2016
BlueLogistics;Berlin;Truck;7598;315.9;3559.12;3;79.3;05.01.2017
SkyCargo;Ljubljana;Plane;12278;900.7;68464.28;1;6865.1;23.06.2019
SkyCargo;Prague;Train;63956;215.8;6021.61;4;435.5;20.01.2023
ShipLine;Ljubljana;Train;61123;1594.5;14031.72;5;2593.7;14.08.2023
RoadRunner;Vienna;Truck;10154;652.0;5576.6;4;179.0;10.04.2022
HeavyLift;Bratislava;Train;16418;1681.5;6999.7;6;2155.3;02.07.2017
BlueLogistics;Bratislava;Truck;23566;251.5;7882.86;2;93.0;18.09.2015
CargoOne;Frankfurt;Train;14056;550.1;8854.44;3;1046.3;25.01.2018
SkyCargo;Paris;Truck;20726;440.5;6324.62;3;187.3;28.03.2024
RailCargo;Prague;Train;18159;1231.7;8195.58;5;1570.3;03.08.2020
GlobalFreight;Amsterdam;Plane;8982;4672.1;119306.46;3;43671.2;16.02.2017
EuroTrans;Bratislava;Truck;23526;141.6;12067.82;1;61.0;16.10.2019
EuroTrans;Warsaw;Plane;14279;3361.2;105049.32;4;29215.6;13.08.2023
BlueLogistics;Vienna;Truck;22851;846.3;9827.16;3;336.5;31.12.2022
RoadRunner;Prague;Truck;9164;777.2;6867.52;3;263.0;13.10.2024
EuroTrans;Amsterdam;Train;56306;1074.9;14899.94;3;2176.7;29.04.2022
HeavyLift;Frankfurt;Plane;4826;5268.1;82440.65;4;41534.5;10.04.2025
CargoBridge;Ljubljana;Truck;12591;300.7;5492.78;3;125.3;20.06.2020
CargoBridge;Hamburg;Train;69843;256.3;11438.83;3;388.7;14.04.2017
EuroTrans;Bratislava;Plane;9890;2311.8;98659.83;3;26311.7;09.12.2025
FastMove;Amsterdam;Truck;23497;129.6;4291.44;3;53.4;30.06.2016
BlueLogistics;Munich;Truck;11543;702.0;6851.23;3;220.3;10.03.2017
NorthWind;Zagreb;Ship;87771;4209.7;35580.87;17;24104.0;07.08.2024
FastMove;Frankfurt;Train;19075;1761.8;10380.29;5;1857.3;19.07.2018
RailCargo;Zurich;Plane;3591;2476.6;44932.61;3;28458.2;17.10.2024
BlueLogistics;Bratislava;Truck;13204;1125.8;6969.4;4;349.9;02.01.2015
RailCargo;Copenhagen;Train;39799;1566.3;14278.5;4;2060.1;09.08.2017
CargoOne;Dresden;Truck;21957;162.7;3758.04;3;58.8;04.02.2021
QuickCargo;Hamburg;Train;5191;2316.5;15486.46;6;3820.5;30.10.2018
ShipLine;Munich;Train;16633;1434.9;11812.27;4;1395.3;10.07.2021
FastMove;Amsterdam;Plane;13893;4726.1;91519.24;4;65195.1;31.08.2015
QuickCargo;Brussels;Train;4704;2375.2;13096.64;7;2842.0;25.06.2018
CargoOne;Zurich;Train;32129;2289.2;11700.53;5;2922.2;21.05.2018
RoadRunner;Ljubljana;Ship;122287;1260.4;9675.42;7;12757.3;09.05.2025
CargoBridge;Amsterdam;Ship;218714;2457.2;14955.96;15;25841.6;22.01.2017
BlueLogistics;Paris;Truck;3089;1084.4;4410.73;4;340.0;27.04.2016
MoveIt;Dresden;Truck;2324;664.8;6087.31;2;235.4;01.02.2020
FastMove;Prague;Truck;2918;787.2;6280.74;3;306.6;30.07.2015
QuickCargo;Paris;Truck;7158;329.7;12426.01;1;89.0;02.11.2025
ShipLine;Copenhagen;Plane;11916;3396.7;110404.0;3;28588.4;16.04.2024
HeavyLift;Paris;Train;34407;1604.1;14210.51;5;2027.4;14.10.2017
BlueLogistics;Prague;Truck;8976;887.8;7692.37;3;265.0;22.08.2017
HeavyLift;Munich;Truck;1580;906.6;4237.06;5;334.4;06.01.2024
FastMove;Zurich;Truck;2991;54.5;2609.06;1;14.8;20.08.2020
FastMove;Dresden;Truck;3252;805.1;7453.74;3;220.2;20.01.2020
CargoOne;Zagreb;Truck;22668;349.8;11305.48;2;137.9;23.11.2022
GlobalFreight;Vienna;Truck;7894;479.8;3276.61;4;138.9;31.05.2016
EuroTrans;Dresden;Ship;217096;2963.8;23373.51;11;16328.5;11.02.2025
TransMax;Prague;Train;12457;2302.5;12368.03;6;2933.5;07.02.2016
GlobalFreight;Warsaw;Truck;12201;675.7;4815.42;3;274.3;18.09.2020
RoadRunner;Copenhagen;Truck;8242;59.0;3171.08;2;17.3;09.07.2018
CargoBridge;Copenhagen;Train;61687;2281.6;13070.88;7;3703.5;30.09.2015
EuroTrans;Amsterdam;Truck;2733;102.2;809.25;3;27.4;18.04.2018
CargoOne;Vienna;Truck;5456;605.1;3638.9;3;220.3;12.05.2023
FastMove;Ljubljana;Truck;19451;263.3;7504.01;2;81.9;16.07.2016
HeavyLift;Vienna;Train;47614;1459.4;13273.4;4;2750.3;04.07.2022
QuickCargo;Amsterdam;Plane;666;1319.8;43303.87;2;10937.9;18.05.2017
RailCargo;Vienna;Train;76243;1272.6;14255.27;4;2903.7;21.09.2024
MoveIt;Milan;Plane;8761;1396.8;52313.55;2;11029.3;07.12.2021
RoadRunner;Paris;Truck;9602;360.8;5797.03;2;144.1;04.06.2016
CargoBridge;Zurich;Truck;16848;1182.4;9212.21;4;464.0;13.12.2017
NorthWind;Warsaw;Plane;12113;2141.3;122969.14;2;25353.6;19.09.2024
NorthWind;Copenhagen;Train;65627;770.9;12706.19;3;1370.6;22.09.2025
GlobalFreight;Prague;Train;56602;202.3;9920.46;2;316.5;28.01.2015
NorthWind;Paris;Ship;99839;5554.3;28659.81;21;42305.6;28.06.2024
MoveIt;Bratislava;Truck;2066;884.3;5996.29;4;239.3;15.03.2025
GlobalFreight;Berlin;Truck;7821;997.7;6248.33;3;405.0;08.12.2017
NorthWind;Zagreb;Train;36666;486.3;10567.31;2;969.6;04.04.2017
RailCargo;Amsterdam;Truck;1213;308.7;2218.15;2;68.7;09.06.2023
RoadRunner;Frankfurt;Truck;20739;770.8;9782.09;3;211.1;12.02.2022
RoadRunner;Hamburg;Truck;14370;536.4;4769.58;4;152.0;17.09.2024
CargoOne;Milan;Train;25426;1333.8;7436.75;5;2088.3;26.04.2018
BlueLogistics;Brussels;Plane;3181;4930.0;196723.51;3;60819.7;30.10.2022
EuroTrans;Vienna;Train;15906;1477.2;7396.33;5;2833.0;22.02.2017
CargoBridge;Dresden;Truck;14669;88.7;4024.73;3;34.6;16.10.2020
FastMove;Copenhagen;Train;1923;2324.5;9890.06;6;2860.8;30.05.2022
SkyCargo;Zurich;Plane;1468;5025.6;105174.04;4;27254.3;20.12.2020
FastMove;Munich;Truck;19919;956.8;8087.36;4;273.5;02.06.2018
BlueLogistics;Amsterdam;Truck;16980;1157.5;8919.98;4;352.3;28.02.2018
BlueLogistics;Paris;Ship;98289;6973.0;24759.8;23;57965.4;09.10.2018
TransMax;Amsterdam;Train;37373;1048.1;6562.88;4;1292.4;02.06.2024
BlueLogistics;Berlin;Truck;23659;178.4;10760.56;2;61.9;21.06.2019
CargoOne;Warsaw;Truck;10643;633.6;3998.36;3;190.7;05.02.2021
FastMove;Ljubljana;Ship;53069;7460.2;39022.69;18;43626.2;17.07.2017
RailCargo;Zagreb;Truck;8477;862.4;4074.78;4;305.4;07.08.2015
NorthWind;Munich;Train;36614;1104.0;10167.62;4;1410.4;25.11.2017
MoveIt;Frankfurt;Train;35353;2371.1;13182.01;5;2881.4;21.12.2019
ShipLine;Vienna;Truck;14526;942.5;7569.53;3;294.9;03.05.2017
ShipLine;Hamburg;Plane;5056;1553.2;71141.86;2;15422.2;27.04.2024
MoveIt;Prague;Plane;2919;1426.7;152439.04;1;15579.8;19.03.2019
TransMax;Prague;Truck;4403;507.5;8211.42;2;162.1;18.04.2020
HeavyLift;Zurich;Truck;16530;198.7;7844.92;2;61.0;19.12.2016
TransMax;Zagreb;Truck;20736;1085.3;10335.62;3;483.8;26.04.2023
CargoBridge;Zurich;Plane;11876;3100.7;53336.24;3;41157.0;29.03.2016
RailCargo;Vienna;Train;39113;1407.4;11502.1;5;2479.4;10.05.2021
RoadRunner;Vienna;Train;31370;1082.8;7336.38;5;1865.8;17.06.2018
FastMove;Zurich;Truck;11327;1102.6;11137.58;3;354.6;01.01.2025
CargoOne;Frankfurt;Truck;16891;305.1;7349.67;2;93.2;15.01.2019
QuickCargo;Budapest;Truck;14658;386.0;4454.91;3;112.1;07.04.2024
RailCargo;Hamburg;Ship;141780;2920.7;25026.78;12;22879.1;18.10.2017
FastMove;Vienna;Truck;12250;1141.3;8015.6;3;308.8;15.12.2020
FastMove;Milan;Ship;288399;5011.2;37014.67;16;34415.3;16.04.2021
SkyCargo;Brussels;Truck;18159;634.4;4767.15;4;191.8;20.10.2015
BlueLogistics;Paris;Train;35170;597.1;5158.43;4;1110.3;24.11.2015
ShipLine;Copenhagen;Train;11854;436.3;3778.88;5;673.0;09.08.2015
MoveIt;Zagreb;Truck;9635;637.8;7333.46;2;168.8;27.08.2025
HeavyLift;Paris;Train;49533;2480.9;16936.59;7;3210.2;07.08.2017
TransMax;Hamburg;Truck;22918;517.4;5342.91;4;221.3;13.12.2020
FastMove;Milan;Train;51747;369.2;7014.91;4;796.2;18.07.2022
CargoBridge;Vienna;Ship;297405;1844.4;19466.78;10;12724.7;27.12.2024
FastMove;Zagreb;Ship;258603;2988.9;32351.46;16;19568.0;29.05.2016
RoadRunner;Zurich;Truck;18538;1138.2;5895.41;4;463.1;05.04.2018
CargoBridge;Warsaw;Train;44199;235.9;13313.08;2;269.4;21.10.2020
QuickCargo;Prague;Train;21406;1592.4;17331.18;3;3094.9;10.10.2022
FastMove;Berlin;Ship;289130;5232.1;43937.92;19;44195.7;15.07.2017
FastMove;Warsaw;Train;69102;1349.0;17135.82;4;2778.1;13.10.2022
RoadRunner;Warsaw;Truck;13930;608.9;4022.4;4;197.6;31.01.2025
RailCargo;Brussels;Truck;17579;1004.7;8908.27;3;392.1;28.10.2025
SkyCargo;Milan;Truck;15388;643.3;6561.58;3;255.3;18.08.2025
CargoBridge;Zurich;Plane;6044;958.6;53503.34;2;8242.6;02.01.2016
FastMove;Dresden;Train;50375;409.6;9109.94;4;797.3;29.06.2020
BlueLogistics;Bratislava;Train;42493;327.9;16891.82;2;449.6;29.01.2020
GlobalFreight;Ljubljana;Train;50391;1800.4;8967.18;5;2643.6;08.10.2023
BlueLogistics;Zurich;Plane;9198;4275.0;137909.25;3;46191.4;10.11.2018
ShipLine;Warsaw;Plane;10425;4972.4;97695.07;4;60284.6;27.09.2019
SkyCargo;Zurich;Truck;5566;769.5;5769.36;4;290.7;27.10.2020
TransMax;Ljubljana;Ship;104142;4659.5;38321.19;11;33850.9;27.05.2019
MoveIt;Berlin;Truck;22958;709.9;7657.45;4;290.5;12.10.2025
EuroTrans;Budapest;Truck;23348;1141.6;8462.42;4;408.0;14.02.2023
RoadRunner;Dresden;Ship;238246;2234.8;18283.52;8;22781.7;14.06.2019
ShipLine;Milan;Plane;10628;5343.1;149072.63;3;69373.9;12.09.2017
ShipLine;Paris;Train;33978;1287.1;12034.83;4;2372.4;06.09.2020
TransMax;Frankfurt;Truck;18423;875.7;7800.38;4;317.8;09.05.2025
CargoBridge;Berlin;Truck;13804;715.8;6443.89;3;251.3;30.07.2023
FastMove;Vienna;Truck;7004;1139.5;7561.25;4;380.8;08.01.2018
TransMax;Ljubljana;Truck;23945;241.6;12337.94;2;91.0;26.06.2021
ShipLine;Zagreb;Truck;14478;695.7;5889.25;3;280.6;07.05.2023
HeavyLift;Munich;Plane;1449;2060.0;93017.89;2;24469.0;07.08.2016
FastMove;Prague;Ship;252333;7975.1;32309.52;22;56682.6;10.03.2023
GlobalFreight;Bratislava;Truck;19357;77.5;8064.38;2;22.0;02.08.2025
SkyCargo;Berlin;Truck;1011;370.3;2505.64;4;82.3;15.03.2022
BlueLogistics;Berlin;Plane;5052;4607.0;119957.02;4;51609.9;16.07.2020
NorthWind;Milan;Train;52481;1577.8;11491.9;5;3459.9;21.02.2018
SkyCargo;Dresden;Train;55064;2016.1;14568.53;6;2966.2;01.12.2016
TransMax;Dresden;Truck;5459;1193.8;5274.46;5;262.3;19.01.2016
CargoBridge;Zagreb;Truck;17883;494.9;9069.92;3;199.8;27.07.2019
RailCargo;Vienna;Plane;437;1984.4;42857.86;2;16051.8;23.12.2023
NorthWind;Bratislava;Train;73187;2480.2;13232.69;5;5058.5;20.04.2023
FastMove;Prague;Train;21863;2076.3;11571.98;5;2377.6;09.01.2017
QuickCargo;Prague;Truck;2325;486.6;2504.68;3;107.0;25.02.2018
HeavyLift;Hamburg;Truck;9785;460.9;14368.51;1;135.8;19.05.2019
HeavyLift;Budapest;Plane;12227;4946.6;92904.24;3;64823.2;08.07.2023
ShipLine;Budapest;Ship;40803;5659.6;31807.25;17;38155.2;14.07.2015
HeavyLift;Bratislava;Truck;14563;69.9;6407.09;1;21.0;02.01.2022
FastMove;Brussels;Train;19920;659.9;3352.94;5;675.4;14.02.2018
CargoOne;Ljubljana;Train;30774;1978.8;11849.43;7;3352.8;05.04.2024
RoadRunner;Prague;Truck;7314;270.4;3523.79;3;74.9;20.06.2017
QuickCargo;Bratislava;Truck;13684;612.9;6387.45;3;183.3;26.04.2024
EuroTrans;Paris;Train;13248;2036.3;7454.5;5;3630.6;14.07.2024
SkyCargo;Milan;Ship;144508;2698.0;23817.16;9;16539.1;11.10.2022
GlobalFreight;Brussels;Truck;7200;1104.0;6825.05;4;263.1;25.07.2016
QuickCargo;Berlin;Truck;16240;327.2;8841.44;2;117.2;13.09.2021
ShipLine;Paris;Ship;224455;4116.2;27473.67;12;37885.8;13.12.2019
TransMax;Bratislava;Plane;3620;4429.3;107207.49;3;40109.6;19.10.2023
QuickCargo;Bratislava;Plane;4963;1668.8;43722.22;3;11333.8;01.05.2023
GlobalFreight;Hamburg;Train;37684;2206.2;12790.59;6;3021.5;23.06.2019
FastMove;Prague;Truck;6329;708.0;7004.83;3;235.7;19.08.2020
FastMove;Dresden;Truck;9645;470.6;6806.4;2;114.1;02.03.2025
BlueLogistics;Zagreb;Truck;15034;285.2;5614.98;3;73.0;06.06.2017
TransMax;Bratislava;Truck;16366;674.4;6721.07;3;289.2;19.06.2025
BlueLogistics;Paris;Truck;3728;1156.7;6797.46;3;335.2;31.10.2022
RoadRunner;Zurich;Truck;22608;887.3;8050.41;4;350.6;11.01.2015
BlueLogistics;Warsaw;Truck;3221;920.9;6096.06;3;345.0;29.03.2025
QuickCargo;Milan;Train;35626;597.6;11217.35;2;1052.8;14.08.2018
CargoBridge;Hamburg;Truck;17937;103.0;10001.85;1;38.7;22.02.2021
CargoOne;Amsterdam;Truck;17656;458.4;10760.59;2;124.5;19.10.2022
QuickCargo;Warsaw;Truck;2363;229.5;1876.23;3;61.7;12.02.2021
FastMove;Vienna;Truck;9692;1140.5;5342.73;5;348.8;18.04.2016
FastMove;Zagreb;Truck;4051;66.7;1706.31;2;20.8;20.06.2015
MoveIt;Hamburg;Truck;19672;771.1;7635.23;3;268.8;13.09.2016
FastMove;Hamburg;Ship;44060;6621.4;26679.77;23;58439.7;11.12.2022
NorthWind;Copenhagen;Truck;19863;496.5;10713.39;2;150.2;31.12.2016
FastMove;Paris;Truck;8499;367.4;11444.05;1;109.3;13.09.2019
QuickCargo;Warsaw;Train;73010;221.5;14894.45;2;422.1;19.06.2017
RoadRunner;Hamburg;Truck;15763;120.9;12070.54;1;32.9;22.02.2019
BlueLogistics;Hamburg;Plane;7042;1845.1;70078.29;3;14513.9;15.08.2020
CargoOne;Prague;Truck;12092;452.3;4878.02;3;136.1;04.09.2017
SkyCargo;Brussels;Train;49744;2432.3;22386.84;5;3336.6;04.11.2020
ShipLine;Prague;Plane;13323;524.9;63285.89;1;6137.9;05.06.2016
RoadRunner;Bratislava;Plane;5160;4200.6;101375.99;3;47270.8;04.03.2017
FastMove;Hamburg;Ship;98596;6130.9;27347.79;19;39023.9;30.09.2018
HeavyLift;Zagreb;Truck;6000;818.9;11404.37;2;209.2;15.12.2023
QuickCargo;Hamburg;Ship;141089;2436.8;14293.67;9;17253.8;30.08.2023
EuroTrans;Dresden;Ship;189139;1666.9;16684.52;14;11833.5;26.02.2015
HeavyLift;Berlin;Truck;9277;806.4;4711.8;3;253.7;19.11.2015
BlueLogistics;Amsterdam;Truck;5242;650.9;4427.26;3;210.5;09.03.2018
CargoBridge;Budapest;Truck;1505;423.9;3728.06;2;126.4;15.08.2021
TransMax;Amsterdam;Train;51536;2077.7;22256.77;4;3919.4;21.11.2022
EuroTrans;Amsterdam;Train;77212;1579.0;21770.84;4;3634.0;12.04.2020
HeavyLift;Milan;Ship;225006;6593.7;23817.7;20;62696.8;13.05.2016
NorthWind;Dresden;Truck;12683;1081.2;7750.83;4;297.6;26.06.2018
CargoBridge;Frankfurt;Truck;19911;775.9;7614.37;4;247.9;09.05.2024
CargoBridge;Budapest;Truck;23871;193.7;9537.45;2;57.0;02.08.2021
HeavyLift;Warsaw;Ship;160973;2436.6;11344.27;10;17744.0;30.01.2021
SkyCargo;Zurich;Ship;65949;1112.3;8973.54;12;7054.9;08.11.2025
BlueLogistics;Vienna;Train;14952;2007.4;12488.69;5;2118.4;28.08.2022
NorthWind;Frankfurt;Truck;5640;351.7;2748.58;4;138.5;30.04.2015
HeavyLift;Milan;Truck;5809;1125.4;5469.54;5;422.5;22.10.2016
FastMove;Zagreb;Plane;10479;4634.8;137619.63;4;55954.9;01.06.2023
QuickCargo;Amsterdam;Truck;16555;192.8;11329.13;1;76.2;14.12.2022
EuroTrans;Hamburg;Ship;90502;6298.4;36148.35;17;38834.3;22.09.2025
EuroTrans;Prague;Plane;14062;1704.5;67409.41;3;17855.7;25.05.2025
RoadRunner;Ljubljana;Plane;5443;3905.3;158606.97;3;44055.1;07.11.2019
NorthWind;Munich;Train;35186;1061.0;13157.98;3;1513.1;15.03.2024
TransMax;Milan;Train;74988;2017.2;16024.98;7;4008.1;12.09.2023
CargoBridge;Milan;Truck;5157;244.9;1874.3;3;74.5;25.07.2021
TransMax;Dresden;Truck;10524;694.3;4365.39;4;268.5;09.08.2018
HeavyLift;Frankfurt;Train;23803;1240.0;8522.75;5;2290.1;26.08.2020
NorthWind;Copenhagen;Truck;12045;335.7;5070.17;3;122.1;21.10.2019
QuickCargo;Hamburg;Truck;20576;108.8;16844.13;1;30.9;02.11.2025
GlobalFreight;Zagreb;Ship;201184;2160.2;18474.9;12;12374.1;26.10.2024
GlobalFreight;Brussels;Train;35882;2126.9;9050.01;6;3845.8;05.07.2020
CargoOne;Amsterdam;Train;52033;689.0;13701.96;3;1411.7;06.06.2016
RailCargo;Frankfurt;Truck;15004;184.0;4912.53;2;62.7;16.07.2017
TransMax;Vienna;Train;44015;1468.9;11931.55;5;1928.1;18.05.2019
QuickCargo;Warsaw;Truck;13724;581.5;7053.24;2;168.6;11.03.2019
MoveIt;Dresden;Plane;13196;3563.5;73248.01;3;24787.1;20.12.2015
RoadRunner;Bratislava;Train;58814;1792.8;20012.69;4;2252.1;06.05.2020
CargoOne;Brussels;Truck;8500;810.1;11313.25;2;325.7;06.03.2022
EuroTrans;Paris;Truck;13747;381.1;9131.8;2;116.0;17.01.2017
MoveIt;Bratislava;Train;58075;2019.5;8864.05;6;3867.6;12.03.2021
FastMove;Warsaw;Truck;16891;84.6;2923.38;3;35.3;02.11.2015
TransMax;Brussels;Train;16672;943.6;14780.48;3;993.1;20.04.2017
HeavyLift;Paris;Ship;293626;1194.4;15513.12;10;7299.2;04.11.2015
CargoBridge;Hamburg;Truck;12613;1145.2;8304.11;4;373.6;10.09.2015
RailCargo;Prague;Truck;23541;1119.0;6031.64;5;454.9;27.12.2015
SkyCargo;Amsterdam;Truck;770;889.5;5143.31;4;299.5;16.06.2015
ShipLine;Prague;Truck;18568;1099.1;5136.66;5;449.5;17.02.2017
QuickCargo;Budapest;Ship;188979;3919.4;20378.38;18;27591.1;25.11.2015
FastMove;Amsterdam;Plane;14413;934.1;35637.06;2;12569.6;08.05.2021
EuroTrans;Copenhagen;Truck;10796;850.0;3595.48;5;227.3;19.10.2025
QuickCargo;Brussels;Ship;218848;4732.5;45842.37;11;50845.7;04.01.2018
GlobalFreight;Copenhagen;Train;58050;2150.1;14166.94;4;3961.5;16.03.2019
ShipLine;Brussels;Truck;20763;169.3;19193.45;1;68.4;26.12.2025
NorthWind;Bratislava;Train;72982;211.4;13464.95;2;380.9;07.09.2021
NorthWind;Berlin;Train;31152;587.9;16014.51;2;1087.7;18.10.2023
HeavyLift;Copenhagen;Ship;21576;7428.8;28329.44;21;53980.9;31.05.2024
FastMove;Vienna;Train;9325;1222.5;16499.9;3;1152.4;25.09.2021
SkyCargo;Warsaw;Train;62467;1938.1;10903.69;5;2676.6;14.09.2020
NorthWind;Bratislava;Truck;8414;955.5;9802.23;3;368.8;03.07.2016
GlobalFreight;Copenhagen;Truck;22804;152.8;20430.12;1;60.9;21.12.2015
CargoOne;Bratislava;Truck;4370;839.2;6828.56;3;315.8;18.10.2015
RailCargo;Paris;Truck;14259;395.0;4686.58;2;160.2;23.12.2020
SkyCargo;Dresden;Train;62297;1701.3;15402.89;5;2663.6;19.02.2020
CargoBridge;Ljubljana;Truck;12131;255.6;7896.4;2;105.2;06.09.2022
BlueLogistics;Vienna;Ship;126448;2808.4;10868.94;11;21013.1;11.06.2025
ShipLine;Hamburg;Truck;23363;528.6;7553.79;4;203.1;28.08.2017
ShipLine;Zagreb;Truck;356;151.7;949.06;3;52.9;11.10.2023
ShipLine;Paris;Ship;114273;4979.8;22331.21;14;36878.0;25.06.2022
FastMove;Zurich;Train;3121;290.4;3071.84;3;507.1;04.07.2016
BlueLogistics;Ljubljana;Ship;278536;6650.2;44404.37;19;41724.3;30.01.2016
TransMax;Berlin;Truck;22386;1033.5;14045.59;3;407.7;01.01.2025
GlobalFreight;Dresden;Train;61206;1779.9;7127.72;7;2321.2;30.11.2019
CargoBridge;Ljubljana;Truck;13369;873.6;10734.14;3;252.9;03.08.2021
RailCargo;Copenhagen;Truck;15970;991.5;7178.94;4;282.5;10.06.2023
TransMax;Zagreb;Ship;19918;2306.9;9158.39;10;8996.5;09.06.2024
QuickCargo;Brussels;Truck;12700;492.1;4263.96;3;187.3;23.11.2016
SkyCargo;Berlin;Train;52537;810.8;8832.12;4;1566.7;13.01.2015
NorthWind;Copenhagen;Plane;5456;3399.0;77845.23;4;42586.2;19.08.2016
FastMove;Vienna;Train;30573;2069.2;10669.44;5;2195.1;13.05.2020
RoadRunner;Paris;Plane;11343;2148.1;70924.06;2;19196.7;27.02.2015
HeavyLift;Zurich;Truck;10182;346.9;5298.54;3;128.5;31.01.2016
RailCargo;Hamburg;Truck;23518;883.5;9575.92;4;307.4;17.06.2020
CargoOne;Berlin;Truck;19258;301.8;16503.17;1;132.8;27.05.2016
FastMove;Budapest;Train;52228;290.0;18812.31;1;598.5;29.04.2024
SkyCargo;Paris;Truck;4367;1113.6;3505.8;5;372.6;13.08.2020
CargoBridge;Frankfurt;Train;18945;1209.6;9505.94;4;2289.8;13.10.2025
TransMax;Dresden;Plane;7588;2945.7;135869.6;2;25528.5;15.04.2025
RailCargo;Ljubljana;Truck;17157;762.2;6811.96;4;304.0;23.08.2018
QuickCargo;Berlin;Truck;18250;477.3;7316.69;2;147.8;12.05.2019
GlobalFreight;Vienna;Truck;19204;620.8;12304.47;2;176.2;16.09.2025
MoveIt;Paris;Truck;4066;156.7;2845.44;2;46.7;11.09.2017
MoveIt;Zagreb;Truck;2268;81.2;963.48;3;20.6;29.11.2017
ShipLine;Vienna;Truck;10737;204.2;4632.23;2;73.9;20.03.2021
CargoBridge;Vienna;Truck;10001;1019.6;8518.17;4;414.2;21.12.2025
GlobalFreight;Copenhagen;Train;32711;1736.9;11163.18;6;2933.3;01.02.2015
GlobalFreight;Dresden;Ship;287602;1378.0;13364.87;10;11238.1;06.05.2025
RailCargo;Copenhagen;Truck;1194;1015.2;6957.34;4;332.5;24.11.2018
QuickCargo;Frankfurt;Ship;53006;6509.3;25998.69;19;30895.0;01.11.2019
GlobalFreight;Hamburg;Plane;12694;5949.9;143658.12;4;54673.2;18.04.2021
ShipLine;Dresden;Truck;7494;115.5;2162.09;3;32.2;03.11.2015
EuroTrans;Paris;Truck;21697;241.0;7750.07;3;96.7;26.04.2025
SkyCargo;Vienna;Truck;23445;122.9;19431.44;1;37.6;02.01.2022
BlueLogistics;Hamburg;Train;6413;675.7;4014.11;4;599.4;10.06.2025
TransMax;Frankfurt;Train;47512;1584.8;11662.89;6;2192.6;20.11.2019
QuickCargo;Zurich;Train;77871;249.8;5145.44;4;438.1;31.08.2023
GlobalFreight;Bratislava;Train;50996;644.0;13227.59;3;954.0;20.07.2025
CargoOne;Frankfurt;Ship;172426;7818.7;32400.37;19;70437.3;04.04.2018
MoveIt;Bratislava;Ship;183846;2017.3;15428.98;15;20919.8;09.06.2023
RailCargo;Hamburg;Truck;17348;1063.1;5685.11;5;438.0;27.05.2025
NorthWind;Hamburg;Truck;20649;541.7;5171.43;4;156.1;26.09.2017
ShipLine;Budapest;Plane;14248;4330.8;105457.13;4;44110.7;08.01.2017
QuickCargo;Warsaw;Plane;6089;4577.0;131511.77;4;32237.2;25.04.2016
FastMove;Warsaw;Train;75525;268.9;10421.61;3;545.6;23.05.2021
BlueLogistics;Amsterdam;Truck;2121;741.2;8693.14;2;260.9;23.10.2021
SkyCargo;Brussels;Ship;14374;951.2;5665.96;12;7685.7;26.07.2019
NorthWind;Frankfurt;Train;35360;1454.9;17568.16;4;2661.9;02.03.2025
SkyCargo;Brussels;Truck;12149;673.7;6347.63;3;230.1;04.09.2023
ShipLine;Zagreb;Train;57599;2086.4;16713.96;5;3524.5;31.12.2016
HeavyLift;Zurich;Truck;6591;364.4;4228.75;3;142.2;03.02.2023
RailCargo;Bratislava;Train;77015;265.0;10611.36;2;569.8;15.06.2015
TransMax;Zagreb;Plane;2394;1906.1;73715.26;3;22528.5;20.03.2021
RoadRunner;Dresden;Truck;12726;396.3;5160.89;3;135.3;04.07.2019
BlueLogistics;Warsaw;Truck;11750;766.3;6330.26;4;235.0;12.03.2016
HeavyLift;Berlin;Ship;287473;6811.3;58908.83;22;76286.6;22.09.2019
ShipLine;Hamburg;Train;55103;596.4;14704.51;2;879.0;05.07.2022
FastMove;Vienna;Plane;13656;2476.5;95004.29;3;23441.1;08.04.2018
HeavyLift;Brussels;Truck;8835;647.3;5293.76;4;155.4;27.12.2022
GlobalFreight;Zagreb;Truck;12637;605.9;6259.53;2;174.7;22.05.2022
BlueLogistics;Paris;Ship;224044;7388.3;49392.83;15;79576.2;12.12.2016
EuroTrans;Milan;Truck;9510;822.5;8341.16;3;193.3;08.02.2024
HeavyLift;Dresden;Train;52260;1840.3;8096.21;6;2315.6;06.12.2019
QuickCargo;Paris;Truck;4309;651.8;5055.53;3;164.8;18.02.2015
NorthWind;Berlin;Plane;7825;3695.2;86244.96;4;46956.3;03.10.2019
GlobalFreight;Berlin;Truck;14388;366.2;5528.74;3;107.3;09.05.2021
QuickCargo;Ljubljana;Truck;1023;438.7;5730.65;2;166.2;23.02.2024
TransMax;Zurich;Ship;51782;7994.2;30922.96;25;50662.3;05.11.2022
HeavyLift;Brussels;Train;66897;422.2;7183.69;3;864.1;11.01.2025
FastMove;Berlin;Truck;10531;907.1;3624.64;5;238.1;25.04.2025
FastMove;Berlin;Truck;17095;1150.4;5871.01;5;425.5;17.09.2022
SkyCargo;Zurich;Truck;12232;1161.3;6458.96;5;307.7;24.10.2020
RailCargo;Copenhagen;Ship;91354;2045.5;9661.55;10;17125.3;13.02.2021
FastMove;Zurich;Train;58148;2064.2;17761.66;6;2774.7;21.09.2022
MoveIt;Budapest;Truck;3433;793.7;4745.25;4;275.0;20.04.2023
SkyCargo;Dresden;Ship;119779;4161.6;19995.41;12;37330.3;04.01.2020
QuickCargo;Warsaw;Train;69794;1792.6;15196.43;5;3335.7;19.04.2020
BlueLogistics;Ljubljana;Truck;10248;580.0;4148.54;4;238.0;17.07.2025
NorthWind;Ljubljana;Train;79153;664.8;7841.23;4;1220.5;21.12.2019
SkyCargo;Warsaw;Train;43957;1865.3;17129.79;5;3855.3;03.12.2019
BlueLogistics;Ljubljana;Truck;713;856.7;7343.13;3;189.3;10.10.2025
SkyCargo;Dresden;Plane;6488;960.9;77503.79;1;6650.4;28.04.2025
CargoOne;Copenhagen;Truck;15046;1073.3;9769.23;4;414.8;14.08.2020
HeavyLift;Berlin;Ship;40566;2835.7;20736.43;15;26272.3;14.06.2020
RoadRunner;Frankfurt;Train;1098;1256.0;14090.59;3;1732.7;24.11.2025
RailCargo;Ljubljana;Train;74713;2092.1;16734.19;6;3878.3;11.05.2019
NorthWind;Berlin;Ship;263951;5869.5;45708.95;18;54136.2;03.04.2023
NorthWind;Dresden;Plane;13342;3959.0;135682.11;3;45098.1;18.08.2017
QuickCargo;Amsterdam;Train;14672;2223.4;12355.7;7;2444.1;08.09.2020
QuickCargo;Hamburg;Truck;22328;434.4;11649.21;2;194.8;27.05.2020
HeavyLift;Bratislava;Plane;14522;2761.4;88780.47;2;33141.6;06.04.2025
QuickCargo;Paris;Truck;12565;400.9;8077.58;2;134.7;13.08.2020
MoveIt;Dresden;Ship;201256;6736.2;31926.79;19;44357.7;06.06.2016
SkyCargo;Budapest;Truck;7287;967.7;4109.2;4;367.8;20.12.2016
MoveIt;Zurich;Truck;16884;628.8;12922.77;2;175.0;21.04.2025
EuroTrans;Bratislava;Train;39332;1431.5;10469.94;6;2687.6;20.08.2023
RailCargo;Paris;Truck;11080;658.2;10443.44;2;211.1;28.06.2025
EuroTrans;Prague;Truck;10459;148.8;2293.32;3;53.1;23.04.2019
CargoOne;Munich;Plane;8146;1325.7;68627.58;2;10211.3;11.12.2015
BlueLogistics;Hamburg;Truck;602;1057.7;4419.19;3;316.0;11.02.2018
EuroTrans;Amsterdam;Train;43310;2157.3;14972.16;5;3373.2;18.09.2024
TransMax;Prague;Truck;17424;863.7;10129.38;3;242.8;26.10.2023
QuickCargo;Warsaw;Truck;3360;772.3;9619.13;2;214.7;18.02.2018
FastMove;Hamburg;Truck;12570;52.1;11190.33;1;13.5;22.05.2016
SkyCargo;Budapest;Truck;7401;380.6;4507.38;3;145.0;10.09.2015
FastMove;Prague;Truck;5229;255.7;2221.79;3;90.3;24.02.2022
NorthWind;Budapest;Plane;14554;3471.3;57621.13;4;45816.7;14.08.2017
GlobalFreight;Berlin;Truck;8857;164.9;2880.86;3;61.8;03.08.2015
QuickCargo;Vienna;Train;44993;2148.4;10444.52;5;2748.7;17.05.2020
SkyCargo;Zurich;Plane;13341;4847.5;106604.27;4;64304.9;15.06.2025
NorthWind;Amsterdam;Train;40433;2133.5;15354.46;6;2614.4;19.10.2021
TransMax;Dresden;Ship;131644;4295.7;34660.37;10;21276.9;27.05.2024
TransMax;Warsaw;Truck;6898;367.8;4665.3;3;135.9;17.11.2015
NorthWind;Zurich;Truck;9934;1113.0;6789.61;4;440.2;23.04.2015
RailCargo;Bratislava;Train;19589;1075.0;6320.56;4;1049.9;01.02.2022
EuroTrans;Zagreb;Truck;4804;931.7;7158.14;4;313.3;19.06.2016
GlobalFreight;Budapest;Truck;10385;1198.6;8700.03;4;370.1;23.01.2016
CargoBridge;Brussels;Truck;4714;1016.7;7223.62;4;367.1;15.01.2018
QuickCargo;Prague;Truck;18941;75.0;6550.37;2;24.1;07.11.2016
HeavyLift;Ljubljana;Ship;108616;4098.8;32803.67;10;30425.6;23.10.2025
SkyCargo;Brussels;Ship;36844;4935.4;19310.2;18;44850.2;02.02.2021
QuickCargo;Milan;Truck;4687;358.3;6260.04;2;83.2;30.10.2020
NorthWind;Bratislava;Truck;10511;119.8;2259.36;3;44.3;23.01.2021
HeavyLift;Frankfurt;Truck;13402;919.8;14369.99;2;280.1;31.01.2017
QuickCargo;Ljubljana;Train;62597;851.4;9269.27;5;1371.6;13.09.2023
ShipLine;Warsaw;Ship;69935;1848.2;8851.85;8;13084.7;01.07.2017
HeavyLift;Milan;Truck;6878;676.1;8164.17;2;228.2;19.09.2020
NorthWind;Hamburg;Truck;23386;107.9;12690.64;1;44.9;17.09.2016
CargoOne;Milan;Truck;17207;438.7;15377.64;1;127.8;22.01.2024
GlobalFreight;Brussels;Truck;11997;758.5;13014.95;2;293.4;15.09.2023
RoadRunner;Milan;Plane;14365;1881.0;99000.81;2;22326.3;20.09.2024
MoveIt;Budapest;Ship;200050;926.0;11034.14;7;6659.9;18.06.2023
SkyCargo;Hamburg;Truck;14884;162.6;4607.0;3;57.3;18.04.2018
CargoBridge;Bratislava;Plane;8435;1510.6;71379.69;2;15850.6;25.12.2024
ShipLine;Zurich;Truck;19699;1142.9;6418.17;5;388.0;24.11.2021
MoveIt;Paris;Ship;164478;3255.8;25888.02;17;25504.4;03.10.2015
CargoBridge;Brussels;Truck;5570;686.0;4029.79;3;263.3;09.10.2018
QuickCargo;Munich;Truck;3989;238.8;2487.88;3;72.6;14.10.2016
BlueLogistics;Warsaw;Plane;14649;2887.4;108754.39;3;36828.1;28.12.2024
NorthWind;Brussels;Ship;159878;803.3;7608.55;12;7610.4;13.10.2024
CargoOne;Vienna;Truck;466;995.3;4531.93;4;361.1;11.09.2018
QuickCargo;Copenhagen;Train;35186;2153.4;14444.27;7;4392.1;25.10.2018
RoadRunner;Budapest;Train;50713;648.9;8790.48;4;1005.1;07.11.2022
FastMove;Copenhagen;Truck;13922;992.1;6458.63;5;309.5;11.02.2025
ShipLine;Copenhagen;Truck;8032;507.1;6780.97;2;146.1;12.12.2015
CargoOne;Brussels;Train;75315;1140.2;15013.74;4;1813.3;30.12.2024
RoadRunner;Brussels;Plane;4662;1746.3;51322.62;2;17158.8;09.12.2015
GlobalFreight;Brussels;Truck;16323;655.8;6685.53;3;200.4;08.08.2020
QuickCargo;Hamburg;Truck;1878;334.4;10539.97;1;126.5;11.05.2020
RailCargo;Berlin;Truck;11020;375.2;14971.12;1;111.0;26.11.2025
FastMove;Brussels;Train;48019;2056.9;13773.32;7;3643.0;24.02.2022
CargoOne;Copenhagen;Truck;12569;1023.0;8140.49;3;392.6;12.11.2020
NorthWind;Milan;Ship;165368;7292.1;32821.97;19;70543.6;09.11.2024
BlueLogistics;Munich;Ship;230988;1738.0;12687.63;10;10726.5;13.01.2022
EuroTrans;Vienna;Truck;11080;521.6;3742.13;4;162.9;28.03.2019
CargoBridge;Berlin;Plane;8176;5467.6;127370.73;5;62300.4;21.08.2019
GlobalFreight;Ljubljana;Truck;15108;1133.9;7280.46;5;367.8;24.09.2025
ShipLine;Warsaw;Truck;5175;82.2;5421.35;1;19.5;04.06.2016
MoveIt;Hamburg;Truck;23168;1102.2;11799.75;3;489.5;23.09.2022
HeavyLift;Vienna;Truck;23570;361.5;6522.01;3;128.2;27.10.2015
CargoOne;Paris;Plane;13236;3130.8;98094.52;2;33494.3;11.03.2015
ShipLine;Prague;Truck;3846;324.9;5093.26;2;113.8;02.03.2017
MoveIt;Amsterdam;Train;5779;2120.4;10968.99;6;2484.1;04.08.2022
RailCargo;Berlin;Truck;6038;513.0;8471.41;2;170.0;25.04.2023
RoadRunner;Vienna;Truck;490;1018.8;4435.61;5;357.9;02.12.2020
RailCargo;Hamburg;Train;4204;1708.7;6770.55;6;1514.8;13.06.2025
RailCargo;Vienna;Truck;22177;781.3;12464.98;2;326.5;25.11.2020
GlobalFreight;Hamburg;Train;2187;1164.5;5007.13;4;1550.3;25.01.2015
GlobalFreight;Zagreb;Ship;279088;7967.4;56131.93;23;69313.7;09.10.2023
QuickCargo;Berlin;Truck;8039;927.7;4804.69;4;221.5;03.07.2023
EuroTrans;Ljubljana;Train;37367;728.9;8669.6;4;1391.4;12.04.2025
SkyCargo;Prague;Truck;6677;894.8;5816.58;4;353.7;25.06.2016
RailCargo;Vienna;Ship;238418;5841.0;33770.08;18;37422.0;04.07.2019
RailCargo;Amsterdam;Truck;3671;104.1;4572.7;1;39.3;03.12.2021
RoadRunner;Brussels;Truck;15144;152.7;13503.81;1;59.0;11.05.2024
GlobalFreight;Copenhagen;Train;75356;774.7;11789.46;4;1315.9;02.02.2025
CargoOne;Warsaw;Truck;23168;89.0;14663.01;1;27.9;01.11.2021
EuroTrans;Hamburg;Train;16722;1131.8;5707.2;5;1343.8;05.01.2020
FastMove;Munich;Truck;16021;1182.4;6384.85;4;327.0;07.10.2019
CargoOne;Copenhagen;Train;59591;1420.7;13119.88;5;2891.0;04.08.2016
HeavyLift;Milan;Truck;10776;968.1;4254.17;5;269.0;10.04.2020
RailCargo;Berlin;Truck;22119;67.3;6719.69;2;18.9;16.12.2017
BlueLogistics;Paris;Plane;3720;3723.6;144559.79;3;45307.0;23.07.2019
QuickCargo;Warsaw;Plane;10674;2494.8;51990.73;3;23458.9;12.08.2022
FastMove;Prague;Ship;132180;5642.8;23409.01;19;31600.3;26.12.2024
RailCargo;Zagreb;Truck;14506;629.3;10258.98;2;267.9;22.12.2025
CargoOne;Hamburg;Truck;8957;288.3;2522.51;4;68.5;07.11.2018
QuickCargo;Frankfurt;Train;38753;831.5;9973.36;5;1367.9;18.01.2022
FastMove;Brussels;Train;29702;1484.1;6906.43;5;1626.2;06.10.2017
NorthWind;Copenhagen;Truck;14847;448.1;11205.88;2;190.3;03.05.2019
RailCargo;Zagreb;Truck;17448;896.0;12254.03;3;264.8;05.05.2017
ShipLine;Prague;Truck;14893;630.8;5910.44;4;190.5;09.08.2017
SkyCargo;Paris;Truck;5524;645.9;4941.09;3;193.5;26.06.2023
GlobalFreight;Milan;Truck;12083;691.7;6315.18;3;233.4;04.02.2016
CargoOne;Bratislava;Truck;11464;675.5;5275.76;4;244.3;10.04.2022
QuickCargo;Bratislava;Train;30959;1557.1;21188.35;3;1794.0;22.07.2015
CargoBridge;Dresden;Truck;12095;872.8;7409.2;4;357.4;20.11.2022
QuickCargo;Dresden;Ship;241682;6318.5;53062.69;20;70431.0;30.08.2024
TransMax;Bratislava;Truck;16918;95.8;10438.03;1;41.5;06.04.2023
MoveIt;Frankfurt;Ship;162187;5010.4;25786.45;17;43656.7;28.03.2022
CargoOne;Milan;Truck;7629;1082.6;9926.88;3;398.0;22.09.2022
RailCargo;Zagreb;Train;58703;792.7;10177.88;4;1620.0;07.09.2022
TransMax;Zurich;Truck;19243;955.3;12471.99;3;340.8;21.03.2018
SkyCargo;Prague;Train;75448;795.5;12897.17;3;1604.3;27.12.2022
CargoOne;Milan;Train;68729;1305.2;12593.62;4;2501.9;01.03.2021
CargoBridge;Bratislava;Ship;266162;3566.0;26661.19;10;22408.5;28.01.2020
TransMax;Zurich;Plane;11763;4741.1;122424.97;3;41990.5;13.08.2019
CargoBridge;Munich;Ship;21713;3844.6;29672.92;11;30081.2;26.02.2022
ShipLine;Dresden;Train;31002;975.1;12025.59;3;1544.7;24.05.2017
RailCargo;Prague;Truck;3210;217.0;4704.35;1;72.1;26.10.2019
FastMove;Milan;Ship;270909;4274.0;26979.16;18;32053.1;09.02.2021
NorthWind;Milan;Truck;16850;733.5;15259.04;2;208.8;09.11.2023
MoveIt;Dresden;Train;19347;334.0;3311.01;4;477.6;16.02.2015
EuroTrans;Hamburg;Truck;715;748.2;4154.41;3;246.8;28.10.2023
EuroTrans;Budapest;Truck;16087;853.6;6218.1;5;364.0;25.02.2016
RailCargo;Budapest;Truck;20180;499.1;4159.09;4;209.4;17.02.2019
FastMove;Warsaw;Truck;14525;1093.2;6322.75;4;435.8;17.07.2018
RoadRunner;Hamburg;Train;53132;1566.0;16745.11;4;3029.0;15.11.2024
TransMax;Warsaw;Truck;2196;909.2;5473.1;4;279.9;21.08.2023
QuickCargo;Bratislava;Truck;21058;200.2;6637.27;3;55.7;25.09.2018
NorthWind;Dresden;Ship;248562;4703.7;27686.41;13;43864.8;18.07.2024
CargoBridge;Frankfurt;Ship;292619;6379.7;38303.75;16;70237.2;18.01.2022
HeavyLift;Munich;Train;61793;1093.9;10843.99;5;1856.3;04.08.2019
RailCargo;Dresden;Train;45394;917.3;7465.69;5;1241.1;10.06.2018
MoveIt;Vienna;Plane;3295;5978.8;68459.71;5;41007.5;22.10.2025
RailCargo;Zurich;Ship;161877;4547.2;40859.14;13;36336.6;20.08.2016
CargoOne;Frankfurt;Truck;7705;965.7;7786.77;3;319.0;16.07.2018
ShipLine;Frankfurt;Truck;23142;1114.8;13482.37;3;415.5;10.11.2019
FastMove;Munich;Truck;4906;1155.9;4057.47;4;356.3;15.07.2015
RailCargo;Munich;Plane;12354;2846.8;49299.37;3;36943.8;31.05.2016
MoveIt;Budapest;Truck;9566;226.6;4567.5;2;69.5;01.10.2016
QuickCargo;Berlin;Truck;8582;1112.0;7537.95;4;337.2;11.10.2023
ShipLine;Berlin;Plane;806;2922.1;43444.38;3;16297.3;08.12.2025
CargoBridge;Milan;Plane;7942;5336.2;123174.77;5;45528.5;04.09.2025
QuickCargo;Budapest;Plane;7443;4763.7;95020.54;4;51480.6;01.05.2020
NorthWind;Vienna;Ship;296669;5758.3;44237.77;16;66594.9;19.09.2022
FastMove;Zagreb;Ship;267789;4734.7;42623.87;16;49658.5;29.12.2015
GlobalFreight;Dresden;Train;56774;475.0;14036.35;2;868.2;24.08.2020
NorthWind;Ljubljana;Truck;2639;468.7;6454.92;2;131.8;10.03.2016
CargoOne;Berlin;Ship;260421;2660.2;20459.94;14;16025.2;14.11.2019
NorthWind;Paris;Ship;25159;4514.5;23824.95;18;19925.8;28.01.2021
CargoBridge;Brussels;Plane;4977;5317.3;62960.4;4;37754.9;25.08.2024
ShipLine;Zurich;Truck;16640;591.5;11815.24;2;256.0;29.03.2016
QuickCargo;Bratislava;Truck;4821;1199.4;5995.36;4;263.0;28.11.2022
QuickCargo;Munich;Plane;6372;1208.5;45177.77;2;14637.8;20.01.2016
BlueLogistics;Zurich;Truck;23490;167.0;5896.65;2;61.5;22.08.2021
SkyCargo;Copenhagen;Plane;1815;5970.4;74525.88;4;32042.2;02.11.2020
SkyCargo;Paris;Truck;6336;728.4;3561.63;4;282.5;01.08.2020
CargoBridge;Zurich;Truck;22991;1106.3;8333.72;4;334.2;25.05.2016
RoadRunner;Frankfurt;Truck;7146;179.7;6534.59;1;44.1;16.06.2016
SkyCargo;Frankfurt;Truck;20325;926.6;9130.68;3;364.8;16.09.2023
BlueLogistics;Frankfurt;Truck;10499;478.3;8445.03;2;136.6;02.05.2018
ShipLine;Paris;Truck;3745;260.3;2622.89;3;75.0;07.05.2020
CargoOne;Munich;Train;15873;888.6;12321.84;3;910.1;17.04.2020
MoveIt;Dresden;Truck;16294;699.7;7119.01;4;271.1;03.01.2015
HeavyLift;Paris;Ship;266151;2987.5;26331.62;13;19417.7;29.05.2017
ShipLine;Hamburg;Truck;22601;506.0;6576.59;3;170.8;27.01.2018
RoadRunner;Zagreb;Train;21341;476.9;8077.02;3;740.0;14.12.2024
NorthWind;Amsterdam;Truck;1574;236.5;4147.14;1;52.6;17.01.2024
SkyCargo;Milan;Truck;1724;408.8;3165.63;2;119.8;23.12.2018
BlueLogistics;Frankfurt;Plane;7755;4384.6;90782.26;3;39816.4;30.08.2024
ShipLine;Bratislava;Train;66004;1101.6;18550.61;4;1570.1;07.04.2019
RoadRunner;Budapest;Truck;10893;129.6;2519.53;3;44.0;13.02.2021
CargoBridge;Prague;Truck;15922;395.1;6000.24;3;170.2;23.09.2022
GlobalFreight;Warsaw;Truck;468;364.2;5029.26;2;77.4;15.10.2023
EuroTrans;Ljubljana;Plane;1255;5400.6;60821.71;4;41591.6;10.02.2016
ShipLine;Warsaw;Plane;5972;3910.6;147098.91;3;26753.6;15.05.2023
HeavyLift;Prague;Train;41325;1482.9;10990.28;5;2300.5;19.08.2022
QuickCargo;Warsaw;Truck;10613;1037.3;4785.0;5;383.8;26.09.2017
QuickCargo;Frankfurt;Truck;12690;664.7;5641.51;4;261.0;08.02.2020
HeavyLift;Warsaw;Ship;222639;4775.5;35667.7;16;28892.8;22.05.2025
ShipLine;Milan;Truck;22138;160.4;5952.29;3;59.7;09.09.2022
BlueLogistics;Berlin;Train;45986;984.3;8935.64;5;1942.7;04.04.2019
GlobalFreight;Dresden;Truck;6490;904.8;6458.04;4;206.6;21.10.2016
EuroTrans;Prague;Truck;755;512.1;2716.16;3;143.2;11.09.2017
RailCargo;Vienna;Train;11297;902.0;9491.78;4;824.2;30.10.2022
CargoBridge;Munich;Train;67468;662.9;10614.44;4;982.8;04.05.2022
QuickCargo;Budapest;Ship;33595;6314.9;39279.62;16;34194.4;03.05.2023
RailCargo;Paris;Train;58389;1410.2;14514.17;4;2565.8;01.04.2020
SkyCargo;Hamburg;Truck;17456;1175.9;9221.2;3;350.7;10.06.2024
GlobalFreight;Budapest;Truck;20860;96.9;18405.75;1;37.3;28.09.2017
CargoBridge;Prague;Truck;18448;653.7;5267.62;3;280.9;24.12.2015
EuroTrans;Bratislava;Train;54935;1916.7;15738.76;5;2567.7;10.05.2015
ShipLine;Bratislava;Truck;1593;1094.1;2988.8;5;363.2;24.11.2015
FastMove;Ljubljana;Truck;16782;630.1;4839.91;4;232.5;21.05.2024
CargoBridge;Paris;Truck;3565;855.2;7729.17;3;206.1;07.11.2015
FastMove;Munich;Plane;12555;3005.9;65094.39;4;21323.2;30.12.2023
CargoOne;Hamburg;Train;32780;1554.8;11168.38;5;2308.4;14.09.2025
BlueLogistics;Zagreb;Plane;9855;5847.0;73416.86;4;48208.6;12.04.2019
QuickCargo;Dresden;Train;65356;2499.0;10350.08;6;4247.6;20.07.2017
TransMax;Zurich;Train;78638;750.7;18903.97;2;1162.8;05.09.2019
QuickCargo;Munich;Truck;20173;1047.4;6472.77;5;420.0;28.08.2022
BlueLogistics;Zurich;Truck;18962;65.5;3557.2;3;27.8;24.09.2019
BlueLogistics;Copenhagen;Plane;594;1985.8;62197.61;3;23091.6;16.09.2018
SkyCargo;Dresden;Truck;11526;677.1;8299.18;3;171.8;23.01.2020
GlobalFreight;Zagreb;Truck;4368;1081.5;3417.44;5;322.0;17.05.2019
FastMove;Berlin;Truck;1131;944.8;8673.57;3;272.9;16.08.2017
SkyCargo;Copenhagen;Train;9084;2176.5;12148.74;5;3695.0;01.02.2023
ShipLine;Dresden;Truck;14103;183.9;4956.48;2;47.5;04.01.2023
ShipLine;Paris;Truck;9800;908.4;3964.52;5;227.6;22.07.2023
RoadRunner;Bratislava;Truck;5559;907.1;8484.18;3;226.7;09.11.2018
FastMove;Frankfurt;Truck;17556;998.1;5591.83;5;299.9;26.11.2021
NorthWind;Zurich;Plane;5544;2253.7;83523.63;3;21987.1;07.03.2020
ShipLine;Zagreb;Plane;3136;2996.3;118555.09;3;29184.8;25.04.2016
CargoBridge;Copenhagen;Truck;3471;143.0;6391.11;1;51.4;06.01.2022
ShipLine;Frankfurt;Truck;17776;970.9;7636.97;4;357.6;10.03.2022
MoveIt;Munich;Train;75769;755.4;22865.31;2;1622.1;01.08.2018
SkyCargo;Zurich;Truck;19910;960.1;9612.54;4;403.7;17.04.2015
RoadRunner;Bratislava;Truck;12987;491.8;19462.58;1;197.9;11.05.2021
CargoOne;Munich;Ship;87013;6134.9;43485.14;21;42916.3;28.02.2020
NorthWind;Dresden;Truck;412;558.2;3633.74;2;124.0;21.03.2024
FastMove;Brussels;Plane;1726;4770.9;66487.28;4;58307.2;06.02.2022
ShipLine;Amsterdam;Truck;10819;1022.7;3842.28;5;390.5;28.07.2022
RoadRunner;Munich;Truck;17314;1025.1;4510.49;5;316.3;23.04.2023
TransMax;Paris;Truck;8191;284.8;4115.34;3;114.5;15.12.2022
HeavyLift;Zagreb;Truck;12447;446.2;7324.95;2;125.3;06.04.2023
QuickCargo;Prague;Truck;16922;345.1;6570.16;2;120.2;15.08.2015
FastMove;Budapest;Truck;3573;875.1;3755.39;5;312.6;16.07.2015
ShipLine;Brussels;Train;65038;1516.9;18601.32;4;2654.9;04.12.2024
RoadRunner;Ljubljana;Truck;938;68.1;769.14;2;21.1;04.11.2023
SkyCargo;Ljubljana;Ship;141822;5432.1;42750.15;17;28824.2;04.02.2022
GlobalFreight;Warsaw;Truck;20786;1058.0;7201.44;4;438.5;23.07.2017
GlobalFreight;Ljubljana;Truck;19416;761.6;6762.31;4;296.5;05.06.2020
RailCargo;Milan;Train;69420;1366.7;16436.1;5;3016.3;09.05.2024
RailCargo;Prague;Truck;14817;797.6;9530.87;2;335.6;21.01.2020
GlobalFreight;Dresden;Truck;3873;275.1;2817.41;3;82.3;02.01.2025
RailCargo;Bratislava;Plane;3251;4812.6;78487.4;4;48432.4;19.01.2017
CargoBridge;Frankfurt;Train;41497;1781.9;9029.11;5;3690.8;19.03.2016
ShipLine;Paris;Ship;134498;3520.9;30085.0;12;27589.7;09.09.2020
FastMove;Dresden;Truck;5342;647.8;9237.2;2;195.6;06.09.2022
RailCargo;Paris;Ship;6751;2480.0;12509.29;8;9574.4;02.01.2017
SkyCargo;Ljubljana;Train;75485;506.9;13829.88;4;899.0;16.06.2017
HeavyLift;Dresden;Truck;12553;790.1;8772.69;2;222.6;07.05.2025
RailCargo;Budapest;Truck;4090;276.9;2318.94;3;96.8;29.08.2023
RailCargo;Paris;Truck;3881;1046.3;4734.16;4;298.6;17.09.2024
CargoBridge;Brussels;Truck;17801;530.1;12278.11;2;164.5;30.06.2021
FastMove;Berlin;Truck;19157;558.9;4832.64;4;166.9;11.12.2025
FastMove;Munich;Ship;161970;5859.9;35369.08;18;52693.8;17.05.2018
FastMove;Paris;Truck;21977;1003.5;14917.47;3;396.8;19.10.2022
RoadRunner;Vienna;Truck;17268;1179.4;8692.97;5;474.2;22.11.2016
TransMax;Frankfurt;Truck;15966;568.9;6097.19;3;162.4;12.12.2015
TransMax;Vienna;Truck;21079;470.8;7701.97;3;143.2;14.08.2021
HeavyLift;Zurich;Train;27444;1337.5;9340.83;4;1989.0;26.09.2025
HeavyLift;Paris;Truck;18802;1143.4;6306.11;5;496.3;12.07.2025
RailCargo;Dresden;Truck;15012;230.9;4365.85;3;59.5;02.02.2025
SkyCargo;Vienna;Truck;3004;176.9;3519.83;2;55.8;17.01.2018
HeavyLift;Munich;Train;76857;1490.3;14377.02;4;3452.3;15.02.2025
CargoOne;Zurich;Truck;12222;833.9;5032.15;5;341.8;18.12.2025
ShipLine;Warsaw;Truck;7650;91.9;2112.92;3;22.2;09.04.2019
TransMax;Dresden;Truck;20322;212.2;5766.88;3;74.9;07.11.2025
GlobalFreight;Hamburg;Truck;18613;767.6;9399.83;3;280.9;26.10.2018
RoadRunner;Berlin;Truck;3887;658.8;5882.0;3;217.1;03.02.2018
RailCargo;Zurich;Train;15610;2238.8;9996.21;4;3237.5;09.01.2018
RailCargo;Ljubljana;Truck;3558;70.7;1016.92;3;22.6;04.09.2017
SkyCargo;Vienna;Truck;8089;844.7;7543.87;3;192.4;21.04.2021
GlobalFreight;Berlin;Train;9003;514.8;5109.01;3;604.5;10.11.2021
SkyCargo;Paris;Plane;12394;3881.5;73785.63;3;35255.8;31.10.2022
CargoOne;Vienna;Truck;9647;466.5;4192.05;3;128.3;19.01.2016
EuroTrans;Zagreb;Plane;13771;631.4;30148.96;2;5910.7;20.07.2020
RoadRunner;Budapest;Train;77338;749.1;11526.42;3;1126.9;15.07.2022
FastMove;Vienna;Train;36934;2403.7;7840.82;7;4501.5;04.07.2017
TransMax;Budapest;Truck;23872;667.1;11149.99;3;212.0;24.04.2019
CargoOne;Hamburg;Truck;4591;595.0;3933.07;3;157.4;06.12.2016
MoveIt;Budapest;Truck;15741;537.4;9330.08;2;219.3;17.05.2023
BlueLogistics;Munich;Train;28922;301.2;8505.45;2;351.5;05.08.2020
NorthWind;Milan;Train;36164;902.0;7616.06;4;1030.8;11.02.2024
TransMax;Frankfurt;Ship;275293;5806.9;45080.06;19;58434.3;10.08.2016
HeavyLift;Budapest;Truck;5638;984.4;5214.45;4;389.2;26.02.2019
EuroTrans;Budapest;Train;20023;1369.0;16867.66;3;2149.0;05.12.2021
SkyCargo;Berlin;Ship;97381;6713.4;36918.48;20;43092.4;06.12.2015
HeavyLift;Milan;Truck;19516;935.6;9802.01;3;294.0;25.09.2021
CargoBridge;Ljubljana;Plane;7038;3190.9;66824.55;3;22602.6;05.11.2017
SkyCargo;Hamburg;Truck;12236;824.4;5395.92;5;264.9;15.06.2017
ShipLine;Dresden;Truck;19521;316.6;9550.81;2;135.3;14.05.2019
GlobalFreight;Hamburg;Truck;13816;1039.0;10839.55;3;431.1;27.12.2019
CargoBridge;Milan;Ship;255445;1051.4;14623.94;6;11312.9;22.12.2015
NorthWind;Dresden;Truck;7472;314.5;6197.7;2;93.1;04.03.2019
GlobalFreight;Prague;Truck;18106;435.5;8875.38;2;173.0;04.03.2023
HeavyLift;Vienna;Truck;6359;318.0;4181.83;3;78.3;08.06.2016
EuroTrans;Berlin;Truck;7537;1134.0;3930.05;5;365.5;28.10.2019
TransMax;Berlin;Plane;6473;2682.5;79128.32;3;32087.4;23.08.2019
RailCargo;Amsterdam;Truck;20518;602.7;8668.8;3;206.6;28.07.2019
TransMax;Amsterdam;Plane;8369;4619.9;89889.74;4;38368.6;17.06.2021
EuroTrans;Paris;Train;11826;2411.6;13726.66;7;2453.6;15.04.2022
BlueLogistics;Frankfurt;Ship;133356;3102.8;16066.8;9;21698.4;11.05.2019
RoadRunner;Zurich;Ship;105200;6159.0;24150.53;21;49360.9;18.06.2024
BlueLogistics;Prague;Ship;108381;6825.6;46421.42;16;37586.6;24.05.2024
RoadRunner;Vienna;Ship;202793;5561.8;45940.32;16;57465.5;20.10.2018
FastMove;Copenhagen;Truck;21964;856.9;8654.33;4;376.7;26.08.2016
BlueLogistics;Brussels;Ship;252674;7475.2;29649.99;21;60713.0;15.01.2015
HeavyLift;Ljubljana;Truck;13688;265.4;14881.87;1;65.8;16.12.2020
HeavyLift;Hamburg;Plane;11393;944.8;25755.17;3;10257.2;08.04.2024
CargoOne;Milan;Truck;21197;645.4;9580.85;3;200.4;03.02.2015
HeavyLift;Bratislava;Truck;4795;1058.8;7768.73;3;308.9;27.03.2015
NorthWind;Zagreb;Truck;18357;1186.4;8786.22;4;512.3;01.06.2016
MoveIt;Warsaw;Truck;3312;1161.9;5687.94;3;332.0;30.06.2020
TransMax;Frankfurt;Truck;906;604.5;4526.06;2;196.1;28.11.2019
NorthWind;Ljubljana;Ship;228729;3718.7;31856.94;15;25040.7;16.09.2025
HeavyLift;Paris;Truck;23277;736.4;7837.65;4;222.9;04.05.2023
TransMax;Amsterdam;Truck;15830;141.4;2798.61;3;40.3;01.08.2025
RailCargo;Budapest;Truck;15068;992.4;5588.24;5;314.9;18.06.2018
MoveIt;Bratislava;Train;38049;391.3;5169.66;4;767.9;15.12.2023
FastMove;Copenhagen;Truck;15595;872.1;5411.14;5;342.7;07.05.2015
CargoBridge;Zagreb;Truck;21597;237.0;6622.17;2;80.3;04.05.2017
RoadRunner;Warsaw;Truck;6987;87.5;1356.32;3;29.2;19.05.2021
GlobalFreight;Ljubljana;Train;27851;491.0;8406.63;4;609.3;26.04.2025
GlobalFreight;Frankfurt;Truck;4690;296.5;2719.02;3;76.1;13.08.2016
RailCargo;Zurich;Truck;20887;189.9;4800.45;2;78.6;10.04.2019
MoveIt;Copenhagen;Ship;241975;6235.5;38306.8;17;61031.3;11.09.2016
GlobalFreight;Warsaw;Truck;5701;323.8;8613.74;1;102.5;03.05.2024
SkyCargo;Hamburg;Train;33127;1504.3;9881.08;5;2232.0;14.08.2025
SkyCargo;Prague;Ship;210736;1880.1;16913.75;12;17851.6;16.11.2018
FastMove;Warsaw;Truck;21789;1065.7;5716.69;5;427.4;06.07.2020
TransMax;Copenhagen;Plane;5361;5917.4;84259.14;5;58078.6;19.10.2019
RoadRunner;Munich;Plane;11120;2521.8;53110.16;3;33462.9;21.04.2020
MoveIt;Ljubljana;Train;36906;1144.4;6271.75;6;1855.7;07.07.2018
ShipLine;Copenhagen;Truck;14866;389.1;3486.32;3;167.0;01.07.2020
NorthWind;Copenhagen;Train;21370;1032.7;6978.13;5;1757.0;12.06.2016
NorthWind;Bratislava;Truck;9478;915.8;9812.41;3;272.5;30.09.2015
NorthWind;Zagreb;Train;62794;2455.2;17988.98;5;5073.0;13.12.2024
CargoOne;Berlin;Truck;6351;908.9;8029.52;2;232.2;14.03.2020
RoadRunner;Prague;Train;17561;1664.5;10987.73;6;2949.2;20.08.2020
SkyCargo;Zurich;Truck;11152;705.5;8515.23;3;168.6;11.06.2020
FastMove;Dresden;Truck;2371;491.8;3149.35;3;134.7;05.11.2019
RailCargo;Ljubljana;Ship;231974;3545.9;25306.76;10;31884.8;03.10.2024
TransMax;Brussels;Truck;2847;508.9;7222.05;2;143.4;05.05.2020
MoveIt;Hamburg;Truck;21357;363.5;15724.33;1;118.4;17.01.2020
ShipLine;Frankfurt;Truck;930;118.4;2386.35;1;35.3;25.07.2019
NorthWind;Hamburg;Ship;213914;5303.6;41671.08;14;33841.6;06.03.2017
CargoBridge;Paris;Ship;106500;7610.2;43343.13;24;60739.3;25.09.2016
CargoOne;Hamburg;Truck;4291;524.8;4257.04;3;116.2;08.04.2020
BlueLogistics;Copenhagen;Truck;7977;667.6;9548.18;2;251.5;13.01.2020
QuickCargo;Prague;Truck;14191;492.2;8359.11;2;151.5;23.09.2015
RoadRunner;Bratislava;Train;36377;632.8;8813.73;3;1127.9;16.12.2015
GlobalFreight;Berlin;Truck;20022;693.3;5252.03;4;295.0;04.08.2025
GlobalFreight;Paris;Plane;5011;2950.0;113751.32;3;18936.8;06.02.2022
MoveIt;Berlin;Train;5505;2391.3;10596.24;6;2071.6;12.07.2021
NorthWind;Vienna;Train;10744;1075.6;5220.93;5;1555.7;16.09.2024
BlueLogistics;Amsterdam;Truck;5704;385.2;2762.68;3;103.0;09.07.2023
RailCargo;Bratislava;Truck;16784;986.7;11977.27;3;306.2;28.01.2016
TransMax;Paris;Ship;220014;5375.7;44143.46;17;38529.1;18.08.2019
ShipLine;Zurich;Train;64295;241.9;9586.78;3;452.3;14.10.2022
CargoBridge;Prague;Truck;17833;819.6;5475.61;5;227.3;29.05.2019
CargoOne;Budapest;Train;22215;1421.3;8830.72;6;1751.3;29.11.2019
FastMove;Zurich;Truck;16047;1190.1;8308.42;4;385.8;14.01.2024
CargoOne;Prague;Truck;18701;180.1;5855.42;3;67.4;23.09.2019
HeavyLift;Ljubljana;Truck;18294;406.8;8430.05;2;108.3;03.08.2016
HeavyLift;Brussels;Truck;19121;432.1;8873.34;2;124.9;27.12.2023
MoveIt;Budapest;Train;23440;1648.2;14010.44;5;1788.3;03.01.2017
CargoBridge;Budapest;Ship;158302;7432.7;43600.75;20;51212.8;16.05.2016
BlueLogistics;Brussels;Plane;4510;905.2;43587.26;2;8489.6;21.03.2019
BlueLogistics;Paris;Train;6079;2410.7;13512.29;7;3603.0;12.02.2024
EuroTrans;Vienna;Truck;3510;356.6;5265.5;2;137.8;20.11.2018
SkyCargo;Frankfurt;Plane;1125;3268.5;78205.42;3;21316.8;23.05.2025
EuroTrans;Copenhagen;Train;28078;1965.9;18743.53;4;2422.3;03.10.2019
CargoOne;Ljubljana;Train;21485;1855.1;12572.86;6;3534.4;11.08.2021
NorthWind;Amsterdam;Train;18054;987.9;7350.64;3;1532.0;26.06.2025
EuroTrans;Amsterdam;Truck;10234;466.9;5712.72;3;184.2;08.10.2024
MoveIt;Prague;Truck;20564;767.4;8302.78;4;312.2;21.07.2017
FastMove;Munich;Truck;10343;810.2;6468.85;4;274.9;30.06.2023
QuickCargo;Munich;Plane;13810;2022.8;79059.8;3;26997.2;27.04.2021
BlueLogistics;Dresden;Truck;16775;650.1;11166.11;2;175.3;25.11.2015
HeavyLift;Frankfurt;Truck;5902;1008.1;3639.25;4;222.3;05.05.2024
TransMax;Warsaw;Train;8473;2219.1;11983.31;7;2844.5;06.02.2021
BlueLogistics;Budapest;Ship;147431;1863.9;12492.81;7;9626.7;25.03.2015
FastMove;Brussels;Train;61360;279.2;18882.94;2;399.8;14.03.2020
CargoBridge;Milan;Train;4694;1674.8;9869.75;5;1650.5;18.12.2021
CargoOne;Brussels;Truck;21120;1082.2;9920.74;3;357.7;19.02.2018
CargoBridge;Prague;Truck;22422;222.6;3847.22;3;64.5;17.02.2020
ShipLine;Paris;Truck;18605;752.3;4586.34;4;232.2;13.01.2022
NorthWind;Brussels;Truck;13391;134.6;5546.97;2;35.6;06.12.2016
NorthWind;Warsaw;Train;74763;1526.0;7685.78;6;2155.1;07.08.2025
HeavyLift;Budapest;Truck;13573;719.1;5614.56;4;247.7;28.07.2019
MoveIt;Brussels;Ship;200114;1638.7;7805.75;10;15531.0;07.06.2021
EuroTrans;Berlin;Plane;3803;4886.3;92561.1;4;58177.2;30.06.2022
CargoBridge;Zagreb;Ship;178726;5180.7;22645.73;16;42426.1;29.07.2017
SkyCargo;Brussels;Ship;206720;1317.0;16093.76;14;14391.8;15.03.2022
CargoBridge;Amsterdam;Train;64076;541.9;15018.16;2;1147.3;27.07.2025
BlueLogistics;Milan;Train;21005;703.8;5921.06;4;1165.1;05.05.2015
RoadRunner;Warsaw;Truck;17320;1040.7;10095.56;3;404.5;07.11.2019
FastMove;Hamburg;Train;25411;422.9;3956.8;4;803.0;18.09.2022
FastMove;Berlin;Ship;35339;1464.1;7957.91;14;7138.9;29.07.2017
SkyCargo;Zagreb;Train;49863;1601.5;13120.94;4;2932.9;02.02.2018
MoveIt;Copenhagen;Train;55202;461.0;14008.56;3;941.0;13.07.2015
CargoOne;Hamburg;Ship;108100;2478.1;21691.89;11;23050.3;15.06.2025
TransMax;Berlin;Train;71030;961.8;14175.04;5;1964.6;20.07.2020
CargoBridge;Dresden;Truck;17300;936.6;11029.27;3;252.1;13.06.2019
HeavyLift;Milan;Plane;14640;2965.2;70550.63;2;21892.8;08.08.2019
MoveIt;Brussels;Plane;7285;3849.9;103057.62;3;48261.1;18.10.2015
HeavyLift;Frankfurt;Train;49377;344.4;8613.82;3;616.5;08.10.2023
RoadRunner;Zagreb;Train;33465;833.9;18792.87;2;1432.6;02.04.2022
RailCargo;Brussels;Train;76212;2170.3;9006.48;7;3941.7;04.07.2024
TransMax;Munich;Ship;83116;2162.9;8895.83;9;18839.9;05.11.2020
QuickCargo;Vienna;Truck;19072;1063.4;9164.01;3;398.1;05.07.2018
CargoOne;Warsaw;Truck;22064;1014.1;8539.42;3;331.9;28.09.2022
RoadRunner;Berlin;Truck;1376;703.7;9176.69;2;248.7;09.02.2022
CargoBridge;Warsaw;Train;27058;2331.8;17727.4;5;3659.0;15.08.2021
QuickCargo;Brussels;Ship;241685;6832.1;57733.67;15;69917.7;28.10.2015
TransMax;Brussels;Train;39628;1600.8;13756.41;5;2786.7;08.08.2016
RoadRunner;Zagreb;Truck;14498;1102.3;8334.13;4;455.1;28.04.2016
CargoBridge;Zagreb;Ship;76468;2064.3;14455.96;11;17500.4;22.04.2023
SkyCargo;Bratislava;Plane;2931;2664.4;58418.55;3;32073.9;18.06.2025
RailCargo;Hamburg;Train;60660;1040.1;18985.2;3;1396.1;03.03.2023
RoadRunner;Munich;Truck;9032;490.0;8656.15;2;182.7;08.07.2017
FastMove;Hamburg;Truck;12290;666.9;4377.93;4;170.0;06.11.2024
BlueLogistics;Budapest;Train;38748;278.8;4665.53;4;305.1;29.08.2022
CargoBridge;Ljubljana;Plane;2203;684.5;82166.17;1;7345.6;02.07.2023
QuickCargo;Warsaw;Train;79788;1635.3;15479.17;5;3564.5;01.04.2015
SkyCargo;Bratislava;Train;21435;933.0;6569.5;4;1546.1;26.10.2016
ShipLine;Paris;Train;27298;1271.3;9951.84;6;1818.5;06.02.2017
CargoOne;Zurich;Truck;13083;1051.1;6427.66;5;402.6;05.12.2016
NorthWind;Frankfurt;Plane;11678;4032.1;110293.72;4;42849.9;01.07.2025
MoveIt;Vienna;Ship;116218;6483.0;34554.9;14;35891.2;13.06.2023
TransMax;Copenhagen;Truck;14455;176.1;6538.72;2;74.2;17.11.2020
FastMove;Copenhagen;Truck;3149;486.6;4433.03;3;108.0;12.06.2022
QuickCargo;Milan;Train;58851;294.4;11854.98;2;413.0;30.01.2024
EuroTrans;Ljubljana;Truck;4656;885.5;12428.12;2;247.3;22.12.2024
NorthWind;Prague;Train;20646;1127.1;8653.9;4;1199.3;01.11.2017
RoadRunner;Budapest;Train;57034;795.5;8456.03;4;1306.1;19.06.2024
HeavyLift;Prague;Truck;21359;673.2;11801.6;2;184.7;29.09.2020
MoveIt;Zagreb;Ship;60778;4183.3;32492.99;12;30619.4;12.02.2020
ShipLine;Warsaw;Plane;8643;4297.8;108788.63;4;55329.6;10.08.2025
CargoBridge;Zagreb;Train;19543;425.6;4484.23;4;656.5;26.04.2021
NorthWind;Vienna;Train;76279;2241.1;20982.0;5;4198.9;26.04.2016
GlobalFreight;Vienna;Truck;23219;887.8;6585.25;4;256.9;12.02.2023
EuroTrans;Frankfurt;Train;41821;1302.2;10745.29;4;2637.2;14.04.2021
QuickCargo;Hamburg;Plane;10284;2853.3;103176.94;3;22738.6;26.06.2024
MoveIt;Zurich;Plane;10841;1390.9;43707.27;2;13348.1;14.05.2025
EuroTrans;Hamburg;Truck;22171;207.3;10569.15;2;66.8;18.02.2020
FastMove;Copenhagen;Truck;13185;884.8;9784.3;3;292.4;07.11.2020
RailCargo;Prague;Train;15928;1083.0;10933.74;3;1762.9;24.09.2023
CargoOne;Budapest;Train;19313;2179.7;9027.98;6;2786.5;07.10.2024
RailCargo;Prague;Train;34643;319.8;3931.78;4;343.5;24.10.2019
NorthWind;Paris;Ship;196080;6796.6;49081.7;21;72912.3;26.08.2022
TransMax;Budapest;Truck;15609;1176.4;9434.74;4;367.5;08.05.2017
EuroTrans;Munich;Train;21255;223.2;5006.24;3;275.3;16.01.2017
HeavyLift;Berlin;Truck;6755;841.5;4692.54;5;310.5;15.01.2023
GlobalFreight;Frankfurt;Truck;4776;851.9;6866.87;3;186.7;29.05.2023
GlobalFreight;Copenhagen;Truck;13570;902.2;7685.64;3;270.9;05.11.2021
GlobalFreight;Budapest;Truck;17641;76.0;6539.16;2;23.4;11.05.2022
MoveIt;Milan;Plane;5459;593.3;22275.53;2;5121.0;11.10.2017
MoveIt;Munich;Truck;3982;688.2;6746.47;3;185.2;10.09.2015
MoveIt;Zurich;Ship;157485;3684.0;34396.04;16;18605.3;19.06.2024
RailCargo;Berlin;Truck;4571;253.6;10447.04;1;85.7;25.09.2019
ShipLine;Munich;Truck;7565;204.6;2538.31;3;79.2;13.03.2020
TransMax;Dresden;Plane;4968;857.8;39559.04;2;9280.5;14.05.2019
GlobalFreight;Dresden;Truck;20135;393.6;8742.35;2;173.3;12.11.2015
MoveIt;Amsterdam;Ship;248442;3546.5;31886.68;16;29641.2;12.12.2016
QuickCargo;Frankfurt;Truck;22276;608.5;9903.61;2;200.7;05.05.2019
RoadRunner;Zurich;Train;79507;723.2;27164.91;2;1036.4;29.07.2016
QuickCargo;Frankfurt;Ship;171416;5943.8;35307.38;19;39702.4;27.03.2020
CargoOne;Hamburg;Plane;11930;3775.7;72301.57;3;43519.5;15.07.2021
MoveIt;Paris;Truck;20655;435.3;10610.95;2;194.0;25.08.2019
RailCargo;Munich;Plane;9221;749.1;47121.39;2;6722.2;27.06.2015
MoveIt;Prague;Train;43914;1384.6;13890.64;5;1658.7;19.02.2022
EuroTrans;Prague;Truck;12365;88.8;3559.21;3;35.2;07.11.2017
QuickCargo;Budapest;Truck;14665;1116.2;7312.26;4;296.1;30.06.2018
CargoBridge;Milan;Truck;15507;649.7;7277.2;3;249.0;16.01.2024
MoveIt;Prague;Train;42484;780.1;11436.28;3;894.2;18.04.2023
QuickCargo;Frankfurt;Plane;12041;5072.1;62990.46;4;43322.0;18.08.2016
MoveIt;Dresden;Truck;6894;196.8;9376.03;1;53.2;29.08.2019
RailCargo;Frankfurt;Truck;12094;749.6;9170.76;3;253.6;22.11.2022
CargoBridge;Ljubljana;Truck;6086;980.0;5554.17;5;277.0;26.03.2024
CargoOne;Milan;Truck;9542;652.4;7907.76;3;263.8;21.12.2021
NorthWind;Berlin;Train;12044;2268.0;13316.14;6;2985.6;11.08.2019
EuroTrans;Amsterdam;Train;57337;951.0;11378.76;3;1533.1;14.02.2025
TransMax;Prague;Truck;20851;346.6;4340.79;3;136.2;06.02.2015
RoadRunner;Brussels;Plane;12776;5589.0;140035.17;4;39389.3;03.09.2022
GlobalFreight;Ljubljana;Plane;12900;2490.0;103099.3;3;23456.2;01.09.2022
HeavyLift;Zagreb;Truck;23116;1077.9;9948.54;4;441.6;02.12.2023
GlobalFreight;Prague;Train;72691;476.2;10205.99;4;654.4;08.09.2015
GlobalFreight;Copenhagen;Truck;4249;297.5;4271.15;2;110.1;28.02.2023
QuickCargo;Paris;Train;13214;325.9;5201.9;3;373.9;05.09.2017
BlueLogistics;Prague;Ship;220108;1968.0;19567.28;11;15908.4;17.03.2021
NorthWind;Dresden;Plane;106;2951.7;43838.71;3;20868.8;25.12.2021
NorthWind;Vienna;Truck;18508;804.1;5073.54;4;273.2;29.11.2020
GlobalFreight;Milan;Truck;14730;1020.8;7427.1;3;291.5;06.06.2021
FastMove;Ljubljana;Ship;31239;1352.3;15417.37;6;9775.8;26.10.2025
NorthWind;Berlin;Truck;21430;664.0;15947.16;2;291.7;15.12.2025
HeavyLift;Amsterdam;Train;49635;854.1;29534.14;2;1179.0;04.05.2017
RoadRunner;Munich;Train;49760;1859.7;13868.51;6;3394.8;24.07.2022
FastMove;Vienna;Ship;224443;1785.8;17483.99;8;10451.5;03.11.2019
MoveIt;Zurich;Truck;894;311.6;3940.36;2;66.7;23.02.2019
FastMove;Bratislava;Train;73641;1085.9;22888.43;3;1621.9;14.06.2024
BlueLogistics;Amsterdam;Truck;20827;718.5;13115.06;2;281.8;10.01.2016
ShipLine;Zagreb;Truck;6341;454.8;4889.05;2;140.7;06.04.2018
EuroTrans;Vienna;Truck;22814;202.0;6906.64;3;76.9;13.05.2023
RoadRunner;Amsterdam;Truck;16279;714.5;11866.78;2;206.1;15.02.2016
BlueLogistics;Vienna;Truck;18678;326.7;9758.95;2;131.0;07.03.2017
GlobalFreight;Zurich;Truck;22052;309.0;5797.75;3;132.8;04.07.2018
BlueLogistics;Ljubljana;Plane;9972;3192.0;58193.0;3;42449.0;12.09.2020
TransMax;Milan;Truck;6549;82.8;4164.76;1;19.3;20.12.2017
EuroTrans;Hamburg;Train;43946;381.3;6738.9;4;452.3;25.02.2016
GlobalFreight;Bratislava;Truck;11976;260.6;3976.88;2;69.1;29.12.2021
EuroTrans;Prague;Truck;22030;366.1;20128.71;1;144.5;05.07.2022
QuickCargo;Zagreb;Train;17690;635.0;5399.99;4;1155.3;01.07.2023
EuroTrans;Warsaw;Plane;13247;2887.2;69562.81;2;24982.6;05.08.2023
TransMax;Prague;Train;30008;1481.8;9055.1;5;2322.1;16.08.2016
FastMove;Milan;Train;35134;1426.2;15216.05;5;2781.2;05.03.2018
HeavyLift;Berlin;Truck;22567;415.4;6487.29;4;162.4;04.06.2016
EuroTrans;Brussels;Truck;7313;1163.6;10281.57;3;295.7;06.02.2022
NorthWind;Milan;Ship;121263;7129.8;35005.4;19;68453.9;20.02.2018
RoadRunner;Paris;Truck;5006;1083.5;4870.8;5;273.6;12.09.2023
EuroTrans;Munich;Train;8774;1945.1;8999.47;5;2750.8;20.03.2018
GlobalFreight;Zurich;Train;51590;1130.6;15831.74;3;1729.5;25.12.2018
GlobalFreight;Dresden;Train;77774;2465.4;21428.07;5;5633.6;30.03.2025
CargoOne;Amsterdam;Plane;11227;3094.6;72251.59;4;26030.1;16.09.2024
SkyCargo;Paris;Truck;3487;748.8;10252.93;2;274.9;12.08.2015
TransMax;Dresden;Ship;47982;1843.2;14319.15;14;7571.8;04.01.2025
CargoBridge;Ljubljana;Truck;3047;459.9;3003.1;3;144.2;03.03.2022
CargoOne;Budapest;Ship;276221;5568.2;48041.12;18;40387.7;27.08.2018
CargoBridge;Budapest;Train;7740;419.7;4814.3;4;479.1;16.02.2021
SkyCargo;Dresden;Truck;11723;1084.7;7635.52;3;316.3;30.05.2025
TransMax;Dresden;Ship;204508;1212.3;11943.72;9;8522.0;06.07.2024
BlueLogistics;Amsterdam;Plane;2412;2579.1;52142.7;3;18087.2;13.05.2017
RailCargo;Bratislava;Ship;145251;4925.7;42083.85;16;31120.1;11.02.2025
RoadRunner;Budapest;Truck;18319;395.7;5880.34;3;107.0;12.03.2020
RoadRunner;Vienna;Truck;20345;810.4;7379.33;4;343.8;18.10.2021
EuroTrans;Milan;Truck;1353;1110.4;5368.95;4;357.2;03.01.2025
CargoBridge;Budapest;Truck;419;88.5;1324.36;1;30.1;07.07.2015
ShipLine;Milan;Plane;2655;3353.9;106655.1;3;29201.9;24.08.2021
RoadRunner;Amsterdam;Ship;180300;4363.6;31942.12;15;34183.1;23.01.2018
CargoOne;Milan;Truck;15758;505.3;3720.49;4;164.4;10.02.2017
MoveIt;Zagreb;Ship;236873;6689.3;39347.77;19;52163.4;24.04.2024
CargoOne;Hamburg;Truck;23290;1063.0;7532.89;5;472.1;25.04.2023
GlobalFreight;Berlin;Truck;11077;272.1;5485.48;2;71.6;18.01.2018
CargoBridge;Ljubljana;Plane;3627;5585.9;99221.18;4;47628.8;31.07.2022
BlueLogistics;Copenhagen;Truck;17705;134.2;4535.73;3;54.0;19.10.2018
RoadRunner;Bratislava;Truck;12471;666.7;7564.11;3;247.7;02.05.2025
SkyCargo;Berlin;Train;3083;644.0;5321.97;3;781.3;24.09.2024
FastMove;Zagreb;Ship;191084;7646.4;58090.27;24;74928.9;29.10.2025
FastMove;Munich;Ship;173577;7586.4;62627.21;17;50536.8;27.02.2017
CargoOne;Dresden;Train;26767;2029.1;9112.19;7;2995.7;10.04.2020
SkyCargo;Zagreb;Truck;8238;278.8;11060.38;1;103.1;24.04.2025
SkyCargo;Hamburg;Train;26334;678.9;6758.29;4;1100.8;29.03.2023
MoveIt;Brussels;Truck;20667;362.1;10096.62;2;116.4;19.08.2017
BlueLogistics;Copenhagen;Truck;21311;680.8;13102.36;2;306.1;11.11.2019
CargoBridge;Berlin;Train;61412;875.1;10679.91;5;1160.1;25.07.2022
NorthWind;Copenhagen;Train;45770;1675.8;9938.58;4;3547.2;17.08.2023
HeavyLift;Munich;Train;26774;1230.5;8834.03;5;1781.2;27.02.2023
RailCargo;Hamburg;Train;51464;1068.2;11915.96;5;1331.8;27.09.2022
TransMax;Warsaw;Truck;19754;575.4;12604.14;2;165.6;03.08.2018
SkyCargo;Dresden;Train;79075;706.5;20715.51;2;1491.1;17.02.2016
HeavyLift;Warsaw;Train;48095;1951.2;10795.28;5;2514.3;09.06.2024
CargoBridge;Amsterdam;Truck;19083;623.6;11251.94;2;190.7;10.06.2018
NorthWind;Zagreb;Ship;138248;6120.9;31052.58;14;49280.2;03.08.2015
ShipLine;Zurich;Truck;19690;219.2;18364.59;1;58.5;06.03.2022
CargoOne;Milan;Plane;14319;4056.2;120880.67;3;43741.5;21.05.2022
EuroTrans;Brussels;Truck;6792;885.1;12753.32;2;277.5;29.09.2015
MoveIt;Brussels;Ship;149406;1862.5;12543.07;13;12870.7;31.03.2022
TransMax;Zagreb;Train;16597;1431.5;6261.4;6;1560.9;05.09.2022
RailCargo;Prague;Ship;101988;1170.8;9622.62;11;9441.0;23.11.2015
FastMove;Zurich;Plane;11929;5223.6;61419.57;4;42099.4;02.03.2015
TransMax;Zurich;Truck;13575;577.8;8492.09;2;234.5;08.04.2024
QuickCargo;Frankfurt;Train;29229;764.4;7045.52;3;1064.3;23.03.2023
BlueLogistics;Vienna;Train;68249;1764.9;23229.71;4;3000.6;09.09.2025
EuroTrans;Zagreb;Truck;11145;799.2;6313.84;3;192.6;08.11.2017
CargoBridge;Warsaw;Truck;1852;1044.8;4266.69;4;227.5;26.03.2019
NorthWind;Warsaw;Truck;2319;353.0;1873.6;4;120.8;14.10.2018
SkyCargo;Munich;Truck;8396;835.3;6061.36;4;294.6;24.05.2016
RailCargo;Warsaw;Plane;6697;2189.9;46848.13;2;24906.7;12.05.2023
SkyCargo;Zagreb;Train;31236;1391.9;8825.02;5;1694.4;01.06.2024
BlueLogistics;Copenhagen;Plane;421;2917.0;67978.01;3;26352.4;23.08.2016
GlobalFreight;Vienna;Truck;23247;190.0;5874.57;2;71.0;10.03.2019
GlobalFreight;Milan;Plane;9460;1952.5;75782.35;3;23993.2;19.05.2016
BlueLogistics;Prague;Ship;296373;3710.6;35089.01;14;22723.7;09.10.2015
FastMove;Munich;Ship;73423;1271.6;10218.86;9;5129.4;08.10.2019
QuickCargo;Warsaw;Truck;23823;955.5;9263.09;4;423.8;24.08.2024
QuickCargo;Zagreb;Truck;9362;79.0;2770.52;2;21.0;29.08.2021
BlueLogistics;Zurich;Train;58394;1042.8;13859.76;3;1321.7;15.12.2024
ShipLine;Vienna;Truck;11006;173.3;4425.7;2;57.3;16.09.2016
EuroTrans;Bratislava;Ship;127011;5028.1;33541.47;12;37585.4;23.12.2020
RoadRunner;Brussels;Truck;23096;759.0;5999.59;4;296.5;02.08.2015
RoadRunner;Budapest;Truck;9316;72.4;4025.49;2;20.0;18.08.2016
FastMove;Ljubljana;Ship;31595;4685.7;29191.54;11;30207.7;27.04.2023
BlueLogistics;Munich;Truck;11265;598.8;8407.03;3;179.1;25.07.2021
RoadRunner;Copenhagen;Ship;127667;7133.8;51793.19;20;38638.3;21.09.2023
EuroTrans;Frankfurt;Truck;16763;670.4;6590.7;3;275.9;22.11.2023
MoveIt;Zurich;Truck;22384;707.4;8848.78;3;274.2;09.12.2021
TransMax;Frankfurt;Ship;246843;3934.6;26421.12;13;34499.0;12.09.2018
QuickCargo;Zurich;Plane;2202;5392.2;47408.11;5;52256.5;06.02.2023
MoveIt;Milan;Truck;21399;573.5;7726.2;4;171.8;29.01.2023
GlobalFreight;Amsterdam;Truck;17246;681.2;5827.21;4;248.5;22.06.2017
GlobalFreight;Amsterdam;Ship;58655;2068.9;11606.42;11;13491.2;22.10.2024
TransMax;Bratislava;Plane;11972;5889.3;86814.24;4;41706.4;26.11.2021
FastMove;Budapest;Train;58775;1867.6;17539.42;4;3037.7;05.08.2019
NorthWind;Budapest;Truck;9176;347.3;7229.51;2;80.8;01.09.2025
RailCargo;Zagreb;Truck;2172;65.5;1286.59;2;16.3;29.06.2016
RailCargo;Milan;Train;58710;1038.4;10355.47;5;2256.1;17.05.2016
FastMove;Munich;Ship;24010;6823.5;31877.99;22;39278.6;02.07.2025
BlueLogistics;Berlin;Train;63699;779.7;9915.57;5;1213.1;14.12.2020
ShipLine;Munich;Ship;10057;4035.6;24499.89;14;34402.5;12.12.2018
RoadRunner;Munich;Truck;9869;274.2;5138.55;2;108.4;09.02.2021
RoadRunner;Prague;Truck;1252;592.2;5610.19;3;172.8;10.09.2025
FastMove;Dresden;Truck;8004;981.4;7241.41;4;325.7;08.11.2018
TransMax;Bratislava;Truck;16406;771.6;6763.87;4;207.3;27.01.2024
BlueLogistics;Frankfurt;Truck;12112;121.4;4158.39;2;40.8;17.11.2021
QuickCargo;Vienna;Train;72195;2065.5;10284.09;6;3223.5;22.02.2016
RoadRunner;Paris;Truck;4651;526.4;5807.23;2;136.8;06.11.2025
MoveIt;Amsterdam;Plane;10104;3541.3;69977.99;3;28502.6;05.11.2020
ShipLine;Hamburg;Train;69228;728.4;24649.04;2;1567.4;27.04.2024
TransMax;Frankfurt;Train;66531;980.9;15857.29;3;2210.1;24.11.2021
GlobalFreight;Vienna;Truck;9034;522.1;6082.86;3;132.7;25.03.2017
CargoOne;Berlin;Truck;15228;500.2;8427.39;2;197.9;29.07.2016
SkyCargo;Berlin;Plane;8881;5598.0;101499.36;5;58499.9;18.02.2025
NorthWind;Bratislava;Truck;20876;296.7;7315.93;3;106.1;21.09.2020
CargoOne;Bratislava;Ship;64491;6447.2;52735.91;16;23841.1;14.02.2015
CargoBridge;Bratislava;Train;13357;1548.4;9700.01;5;2314.8;08.02.2020
RoadRunner;Ljubljana;Truck;1760;73.5;859.87;2;21.6;26.09.2019
EuroTrans;Munich;Plane;8545;2521.2;54955.39;2;33115.9;02.07.2016
FastMove;Warsaw;Truck;16701;852.2;10063.2;3;316.2;11.11.2019
MoveIt;Prague;Ship;166747;904.4;17231.89;5;8310.7;15.10.2016
TransMax;Bratislava;Truck;11210;522.7;5690.35;3;214.0;02.12.2023
BlueLogistics;Copenhagen;Train;10203;1369.7;7601.66;5;2531.6;20.06.2018
CargoOne;Milan;Truck;9418;621.4;6829.23;3;244.2;18.05.2017
CargoOne;Dresden;Truck;23811;107.7;6730.1;2;47.6;22.07.2019
GlobalFreight;Vienna;Ship;18834;5046.3;19835.54;19;45282.7;15.05.2018
MoveIt;Paris;Ship;201831;6071.4;38716.95;14;56966.4;08.10.2024
SkyCargo;Prague;Train;63527;2272.4;12014.12;5;3323.3;04.08.2024
MoveIt;Munich;Train;26659;2294.7;13506.78;7;4458.1;31.03.2020
FastMove;Copenhagen;Train;72388;643.6;9433.35;4;1082.6;24.01.2016
CargoOne;Milan;Truck;10558;790.4;13729.71;2;230.6;09.02.2019
HeavyLift;Munich;Truck;23136;183.9;6175.43;3;80.1;23.04.2020
RoadRunner;Copenhagen;Truck;9774;1156.1;10032.29;3;337.3;25.02.2021
HeavyLift;Amsterdam;Truck;5381;442.1;2552.34;3;172.6;24.03.2020
HeavyLift;Brussels;Truck;13348;1128.1;5543.8;4;443.8;18.09.2024
CargoOne;Prague;Truck;11420;911.3;4017.69;4;247.9;01.04.2015
NorthWind;Zurich;Truck;15284;1068.5;5454.26;5;270.0;27.04.2018
SkyCargo;Paris;Truck;13271;136.6;4924.88;2;40.6;30.07.2016
QuickCargo;Berlin;Ship;293413;4600.8;24739.05;17;51792.7;21.05.2021
BlueLogistics;Munich;Truck;21720;392.3;8958.32;2;122.4;14.04.2023
CargoBridge;Budapest;Truck;21444;612.8;8489.98;3;223.7;22.03.2022
QuickCargo;Zagreb;Ship;76306;6294.2;26383.44;14;51650.8;19.07.2020
RoadRunner;Hamburg;Truck;18736;295.0;7201.58;2;78.3;02.01.2022
CargoOne;Warsaw;Truck;15322;120.1;4104.44;2;36.2;25.03.2022
FastMove;Brussels;Ship;275075;6596.6;39204.5;15;56051.7;27.02.2015
NorthWind;Brussels;Train;3900;466.2;9835.39;2;650.6;08.07.2025
FastMove;Ljubljana;Train;58572;1743.3;14328.88;5;3837.3;29.03.2018
CargoBridge;Berlin;Train;44446;1479.6;8234.2;6;1968.6;16.12.2023
RoadRunner;Hamburg;Truck;18246;1042.4;4897.09;5;369.4;21.08.2023
RailCargo;Prague;Train;21047;855.5;17241.3;2;1488.0;02.06.2018
BlueLogistics;Budapest;Truck;12870;471.2;11288.66;2;197.2;18.11.2024
QuickCargo;Zagreb;Truck;20642;629.4;7553.99;3;262.4;27.02.2018
ShipLine;Zurich;Plane;12953;4371.7;133110.36;4;47752.1;20.12.2018
GlobalFreight;Amsterdam;Ship;194964;4610.4;33272.02;11;47997.7;12.02.2017
TransMax;Prague;Plane;13735;3093.0;57706.54;3;26569.9;25.06.2016
QuickCargo;Prague;Truck;4530;916.7;3208.84;5;217.6;29.01.2020
CargoBridge;Prague;Train;18587;559.0;7864.54;3;1069.4;31.08.2015
NorthWind;Munich;Plane;517;4554.6;68461.29;3;34313.1;14.04.2016
CargoOne;Frankfurt;Truck;12693;1060.7;6281.94;5;430.7;17.03.2022
ShipLine;Paris;Truck;18050;210.4;5856.08;2;79.9;10.07.2019
QuickCargo;Zurich;Truck;11015;558.6;5660.98;3;220.0;24.11.2016
SkyCargo;Prague;Ship;122152;2721.8;23611.73;11;12956.1;04.05.2024
EuroTrans;Hamburg;Train;70648;321.9;7760.0;3;712.3;08.08.2015
RoadRunner;Dresden;Truck;10506;595.7;5469.42;3;154.0;25.03.2017
ShipLine;Prague;Ship;63125;2609.8;12679.38;16;12190.3;02.09.2023
EuroTrans;Dresden;Truck;2300;1128.9;5966.68;4;357.2;26.09.2017
SkyCargo;Amsterdam;Train;29856;363.4;6716.78;4;612.0;11.07.2021
CargoOne;Amsterdam;Truck;2520;426.5;4988.74;2;128.8;26.06.2017
FastMove;Prague;Truck;17816;1100.7;6396.9;4;355.4;14.06.2023
HeavyLift;Zurich;Train;29405;2202.2;12641.49;7;2436.5;25.02.2024
HeavyLift;Zagreb;Truck;780;1065.1;4711.97;5;363.5;24.11.2020
GlobalFreight;Hamburg;Truck;13045;606.0;8719.17;2;150.2;10.09.2016
CargoBridge;Berlin;Train;51077;1262.8;8193.17;6;2527.4;23.12.2020
QuickCargo;Milan;Ship;95807;6372.0;51279.64;22;50099.1;22.02.2019
BlueLogistics;Milan;Plane;4342;1675.5;36127.21;3;15650.0;14.04.2017
QuickCargo;Zurich;Train;26833;1557.1;10616.13;6;1781.0;02.10.2016
RailCargo;Amsterdam;Ship;162030;3011.1;12420.74;13;14027.8;26.02.2019
HeavyLift;Paris;Train;69940;2396.9;16936.83;6;3200.9;01.07.2020
TransMax;Munich;Train;42045;2473.7;17837.66;6;3832.6;08.11.2023
ShipLine;Hamburg;Truck;15098;851.2;5046.45;4;216.6;31.07.2019
GlobalFreight;Paris;Ship;164045;2038.2;12899.43;11;11091.0;20.08.2022
HeavyLift;Budapest;Truck;14664;64.6;6400.36;2;27.6;24.06.2023
ShipLine;Milan;Train;39746;1788.8;15381.53;4;2494.3;15.12.2019
MoveIt;Copenhagen;Train;75063;733.3;19554.9;3;1493.1;17.10.2019
FastMove;Munich;Plane;4295;528.8;24650.86;2;6592.4;27.05.2020
MoveIt;Bratislava;Truck;1048;762.5;5802.97;3;284.6;22.04.2024
FastMove;Warsaw;Truck;14101;809.3;10280.58;3;315.7;30.07.2016
ShipLine;Dresden;Truck;4761;268.0;4329.3;2;84.3;25.05.2020
ShipLine;Amsterdam;Plane;9573;3558.8;67938.61;3;40526.0;14.04.2021
RailCargo;Munich;Train;14680;1086.2;11226.15;3;1086.1;01.03.2017
QuickCargo;Ljubljana;Train;11166;2147.4;8196.72;5;2050.0;31.10.2015
TransMax;Prague;Truck;7590;1141.5;4035.84;5;369.1;14.06.2025
TransMax;Zurich;Plane;2019;3053.1;152178.61;2;23402.1;26.06.2022
TransMax;Zagreb;Ship;164085;4452.2;16972.29;11;34535.9;04.07.2024
EuroTrans;Vienna;Truck;15730;74.0;5918.57;2;24.2;20.02.2016
RoadRunner;Dresden;Truck;9541;1197.4;5570.61;4;330.0;18.05.2016
CargoOne;Ljubljana;Ship;234604;6755.5;28830.71;18;76061.8;19.02.2020
BlueLogistics;Milan;Truck;8692;714.6;7198.76;2;279.9;20.07.2023
GlobalFreight;Zagreb;Ship;294524;4895.4;26477.68;11;42544.4;30.06.2024
NorthWind;Hamburg;Truck;2403;1087.5;8062.8;3;413.0;07.01.2019
GlobalFreight;Zurich;Plane;14276;2701.2;77674.04;3;18845.9;26.02.2020
CargoOne;Warsaw;Plane;8520;4831.2;71482.69;3;48643.3;27.05.2025
CargoBridge;Warsaw;Truck;2471;669.6;5545.86;2;140.5;05.03.2017
GlobalFreight;Budapest;Ship;296787;4032.4;29606.47;10;43578.7;15.09.2020
SkyCargo;Brussels;Truck;21675;691.5;6825.92;4;198.9;08.02.2021
HeavyLift;Warsaw;Ship;234931;2683.3;23587.94;10;24342.1;12.11.2016
BlueLogistics;Munich;Train;71587;345.0;17924.48;2;572.5;28.12.2024
GlobalFreight;Hamburg;Train;43388;733.5;8893.02;3;1338.4;23.03.2020
CargoBridge;Dresden;Truck;21360;164.0;8253.59;2;49.8;09.04.2021
NorthWind;Milan;Truck;18689;589.2;7946.88;3;228.1;09.09.2021
QuickCargo;Milan;Truck;1117;648.7;4032.99;4;192.6;30.07.2019
RailCargo;Milan;Truck;7203;1127.9;4594.73;5;382.6;03.03.2024
RailCargo;Bratislava;Plane;8561;5568.0;162240.16;4;36200.3;02.09.2020
HeavyLift;Budapest;Train;40399;2050.2;15190.41;4;2271.2;06.02.2019
SkyCargo;Amsterdam;Truck;10637;1014.4;6905.2;4;379.8;03.07.2017
GlobalFreight;Budapest;Truck;14715;249.0;6306.66;2;103.2;12.06.2019
MoveIt;Prague;Truck;1230;848.7;3667.93;3;229.2;23.10.2024
NorthWind;Zagreb;Train;53372;1617.3;13813.54;6;2093.5;08.08.2025
CargoOne;Paris;Plane;12916;4366.6;89689.95;3;46867.0;21.07.2016
QuickCargo;Hamburg;Truck;7921;847.2;6595.11;3;243.7;15.07.2015
FastMove;Zagreb;Truck;5625;130.2;5634.15;1;45.6;10.04.2016
RailCargo;Amsterdam;Plane;10979;3186.8;96431.51;3;22730.5;21.02.2021
RoadRunner;Budapest;Train;37090;757.9;7801.4;5;829.1;28.09.2017
GlobalFreight;Zurich;Truck;4616;263.0;3505.55;2;94.4;09.07.2021
QuickCargo;Brussels;Plane;13446;5844.3;160761.37;4;40401.9;04.06.2022
RailCargo;Brussels;Truck;20625;627.1;9768.36;3;188.2;08.02.2015
EuroTrans;Amsterdam;Train;54250;326.8;19276.95;2;657.6;11.03.2017
FastMove;Zurich;Truck;22671;819.7;6399.11;4;283.4;06.04.2017
SkyCargo;Vienna;Train;37158;790.9;10367.9;4;1564.2;29.11.2015
QuickCargo;Paris;Truck;22372;938.8;6972.82;3;354.9;16.11.2023
TransMax;Copenhagen;Truck;4693;137.1;5471.43;1;46.4;23.11.2022
QuickCargo;Prague;Train;14210;2233.0;11987.25;5;4098.7;08.10.2021
CargoOne;Vienna;Truck;7310;1027.9;5444.9;4;292.7;13.02.2017
QuickCargo;Budapest;Ship;25519;3849.9;15566.71;17;12833.7;31.08.2020
HeavyLift;Dresden;Train;39776;1663.8;12343.73;4;3272.9;29.07.2022
CargoOne;Berlin;Truck;18902;1118.2;9443.65;4;425.4;08.04.2021
QuickCargo;Berlin;Truck;12630;969.1;7643.66;3;245.9;09.06.2024
HeavyLift;Zagreb;Truck;5943;524.5;8985.72;2;195.4;20.04.2025
QuickCargo;Ljubljana;Truck;11140;603.6;4545.88;4;212.7;03.09.2021
QuickCargo;Zagreb;Train;27782;2468.9;14877.47;7;3229.1;12.02.2025
CargoOne;Frankfurt;Train;14741;2230.4;14058.68;5;4084.2;03.08.2024
TransMax;Hamburg;Train;78144;1525.9;13454.59;5;2487.9;13.02.2022
CargoBridge;Prague;Truck;803;517.1;2436.58;4;125.7;11.06.2019
ShipLine;Paris;Plane;2911;2439.0;83294.64;3;29214.7;11.06.2025
CargoOne;Milan;Truck;1306;1173.8;2936.57;5;323.8;05.01.2018
NorthWind;Brussels;Plane;13550;5624.7;131740.67;5;42577.5;28.04.2021
QuickCargo;Paris;Truck;18323;768.0;5523.86;4;224.0;16.01.2020
FastMove;Brussels;Plane;2148;2430.5;49462.97;3;18995.1;12.03.2023
MoveIt;Paris;Ship;265749;1363.8;11605.84;12;9638.4;01.12.2023
ShipLine;Zurich;Truck;19324;424.1;10888.46;2;177.6;21.11.2024
ShipLine;Zurich;Truck;18869;424.9;6722.34;3;144.1;25.03.2025
QuickCargo;Warsaw;Ship;111803;1013.0;11918.03;6;7578.9;23.11.2017
NorthWind;Dresden;Plane;13589;3159.2;81835.16;4;28219.6;01.06.2016
RailCargo;Amsterdam;Train;68538;1019.4;14544.46;4;2232.8;08.12.2020
EuroTrans;Hamburg;Truck;21747;271.5;6019.48;3;75.8;12.06.2015
CargoOne;Budapest;Ship;275882;4940.8;38888.78;17;37046.7;19.02.2021
CargoOne;Dresden;Truck;10402;249.2;5933.38;2;75.4;15.09.2025
ShipLine;Frankfurt;Train;57579;1695.6;11155.5;4;2202.9;11.05.2016
ShipLine;Frankfurt;Train;70596;1861.7;13559.92;6;3728.7;22.01.2017
RailCargo;Brussels;Plane;7826;3862.7;70513.27;3;47346.2;29.04.2025
MoveIt;Amsterdam;Plane;13290;3415.8;57882.85;4;30413.3;01.03.2020
RoadRunner;Paris;Truck;15069;886.0;7578.87;4;330.2;12.02.2015
HeavyLift;Bratislava;Train;9819;911.7;13001.67;3;971.9;02.08.2024
FastMove;Dresden;Ship;125188;2372.7;17245.82;8;22018.2;02.01.2024
ShipLine;Berlin;Truck;11831;720.7;9697.22;3;186.6;07.06.2016
RailCargo;Berlin;Truck;22406;487.8;5750.45;4;140.2;05.05.2023
CargoBridge;Berlin;Train;4867;1177.1;6162.91;6;1045.2;20.11.2025
QuickCargo;Zurich;Plane;11868;2408.8;48249.81;3;24330.7;29.12.2025
EuroTrans;Bratislava;Ship;290350;7233.8;62388.26;16;79365.7;21.07.2023
HeavyLift;Zagreb;Truck;8123;360.3;4106.38;3;102.3;03.11.2022
SkyCargo;Milan;Train;29194;1932.4;17887.24;4;2933.8;04.07.2017
HeavyLift;Milan;Ship;113615;2146.6;14175.4;12;10017.3;01.11.2017
RailCargo;Ljubljana;Ship;76292;3913.1;17536.14;16;29475.9;12.02.2020
RailCargo;Frankfurt;Truck;15412;206.6;3577.67;3;68.4;16.01.2016
GlobalFreight;Bratislava;Truck;21524;536.7;6558.16;3;160.4;20.02.2015
RailCargo;Budapest;Train;77845;2088.4;16605.82;5;3446.7;04.08.2020
EuroTrans;Zurich;Truck;12822;816.9;6765.97;4;284.2;03.10.2015
FastMove;Zurich;Train;27012;2176.1;14632.83;6;3046.7;07.05.2021
MoveIt;Brussels;Plane;5130;5905.0;83287.27;5;53926.8;24.06.2021
RoadRunner;Ljubljana;Truck;18904;1001.0;8873.58;3;376.7;23.10.2022
RoadRunner;Copenhagen;Truck;20148;94.4;3210.0;3;32.9;12.09.2020
HeavyLift;Warsaw;Ship;204456;1825.3;16789.05;8;9523.9;22.01.2019
EuroTrans;Amsterdam;Ship;247513;1771.2;14356.45;10;17137.2;26.08.2018
TransMax;Ljubljana;Truck;9192;636.6;6021.76;3;256.0;19.11.2019
FastMove;Copenhagen;Train;34274;1278.0;10294.78;5;1634.7;17.03.2022
EuroTrans;Munich;Truck;3329;1143.0;5236.73;4;243.5;05.07.2020
CargoOne;Berlin;Train;73735;1156.8;13180.78;4;2678.2;29.07.2016
TransMax;Brussels;Train;45761;257.3;5007.93;4;460.7;26.11.2017
CargoOne;Ljubljana;Truck;5325;915.3;5682.3;3;351.9;01.03.2021
EuroTrans;Brussels;Truck;18671;72.6;5625.44;2;26.2;12.05.2018
CargoOne;Ljubljana;Truck;17711;894.7;6785.73;5;390.0;11.10.2025
CargoBridge;Brussels;Ship;10524;1892.4;10734.72;9;7730.8;06.03.2020
ShipLine;Hamburg;Truck;15248;573.6;10205.99;2;234.4;25.05.2020
SkyCargo;Bratislava;Truck;18349;676.3;7797.29;3;209.5;28.11.2015
HeavyLift;Prague;Train;8018;953.7;7694.48;5;1341.1;27.02.2022
GlobalFreight;Hamburg;Truck;14507;1067.5;10699.28;3;382.5;24.03.2021
MoveIt;Ljubljana;Truck;1226;857.0;7884.81;3;272.4;16.02.2022
HeavyLift;Milan;Truck;22136;674.4;9947.47;3;202.1;23.02.2022
CargoBridge;Zagreb;Truck;1209;1190.3;7696.67;4;273.5;05.05.2021
HeavyLift;Berlin;Truck;22931;345.4;10894.49;2;117.8;14.11.2024
BlueLogistics;Hamburg;Truck;7636;945.5;6353.44;3;306.9;13.05.2015
NorthWind;Dresden;Truck;17251;778.6;13014.18;2;271.1;09.08.2017
QuickCargo;Warsaw;Ship;218603;6039.8;46181.86;20;49430.6;26.01.2020
GlobalFreight;Frankfurt;Train;32423;2485.0;14095.4;6;3534.8;07.11.2024
TransMax;Munich;Plane;7336;1409.9;143925.76;1;12367.2;27.02.2025
ShipLine;Zagreb;Truck;17498;321.6;5561.85;3;139.7;07.03.2025
CargoOne;Ljubljana;Ship;78375;1080.7;10686.78;7;7585.1;27.11.2017
MoveIt;Brussels;Ship;133156;3587.9;29372.38;10;15951.8;10.05.2018
RailCargo;Vienna;Truck;19265;344.4;6752.8;3;144.4;06.01.2021
NorthWind;Brussels;Train;77823;635.3;16780.78;3;955.7;14.11.2017
MoveIt;Budapest;Train;42310;2318.2;13033.96;6;2864.0;26.08.2020
CargoOne;Munich;Truck;3069;796.8;4549.31;3;279.4;28.04.2023
NorthWind;Dresden;Truck;2338;1126.6;6039.62;3;421.6;28.02.2021
QuickCargo;Zurich;Train;78450;946.5;15393.96;4;1526.7;06.08.2019
GlobalFreight;Zagreb;Truck;17079;1063.3;8831.42;3;352.9;20.01.2019
RailCargo;Hamburg;Truck;11389;338.2;6005.11;2;80.9;26.06.2019
GlobalFreight;Brussels;Train;34687;1931.0;11893.16;6;3650.8;03.09.2022
EuroTrans;Warsaw;Truck;20786;593.3;7089.25;4;206.4;18.07.2017
QuickCargo;Zurich;Train;14542;1147.9;6324.68;4;1355.9;28.07.2016
ShipLine;Zurich;Truck;12972;807.9;6433.47;4;288.2;01.05.2022
HeavyLift;Prague;Plane;8524;1047.4;47000.15;2;11663.8;05.04.2022
RailCargo;Copenhagen;Train;48429;2091.6;12200.88;5;3629.0;20.08.2016
HeavyLift;Berlin;Train;62721;777.9;19374.01;3;1533.3;22.11.2018
RailCargo;Munich;Truck;14929;392.5;11334.32;2;102.2;13.10.2020
SkyCargo;Vienna;Ship;130447;6849.8;35134.43;19;31957.4;18.03.2022
SkyCargo;Munich;Truck;1223;730.5;3626.46;4;152.5;04.10.2022
TransMax;Ljubljana;Truck;4798;1050.4;7867.3;3;240.9;15.07.2020
ShipLine;Zurich;Ship;109880;1305.8;15829.76;5;10259.4;22.10.2023
TransMax;Brussels;Train;16936;2390.9;14020.67;7;4411.7;25.05.2025
BlueLogistics;Brussels;Truck;3151;1034.8;5924.28;5;276.8;07.02.2023
RailCargo;Milan;Truck;18072;585.2;7777.48;3;210.5;14.02.2025
HeavyLift;Warsaw;Train;50312;2167.3;11161.21;5;4256.6;29.05.2019
MoveIt;Zagreb;Truck;9533;1028.1;6301.39;4;341.4;08.11.2024
QuickCargo;Brussels;Ship;277088;2804.9;19261.94;9;31668.3;20.07.2022
RoadRunner;Vienna;Truck;7331;810.0;5257.42;3;211.0;27.01.2025
QuickCargo;Munich;Train;67429;1582.1;19813.54;3;3556.2;12.06.2020
EuroTrans;Berlin;Plane;14901;2886.9;116125.63;2;34848.0;04.10.2015
RoadRunner;Brussels;Truck;12761;560.2;4200.09;4;236.0;02.02.2023
CargoBridge;Munich;Truck;19562;763.9;13937.57;2;234.5;18.12.2019
NorthWind;Paris;Ship;120077;3268.0;17117.58;9;31849.0;17.07.2023
MoveIt;Berlin;Plane;13709;2111.6;51327.93;3;27992.8;18.02.2022
SkyCargo;Dresden;Train;24619;2253.9;8116.24;7;2337.5;30.04.2018
QuickCargo;Frankfurt;Train;5611;744.3;6139.18;3;772.1;26.03.2022
RailCargo;Brussels;Ship;134648;7430.8;45864.81;21;45821.0;17.06.2016
ShipLine;Paris;Plane;4510;4824.6;96689.72;4;57950.8;27.05.2018
CargoBridge;Ljubljana;Train;61354;2154.0;10512.98;6;4441.3;10.11.2017
NorthWind;Copenhagen;Truck;15912;754.1;5061.37;4;276.4;21.12.2025
CargoBridge;Vienna;Train;61290;934.1;27673.61;2;1692.5;05.08.2015
SkyCargo;Warsaw;Truck;22348;284.4;3325.15;4;98.3;17.09.2016
SkyCargo;Warsaw;Truck;10847;1067.4;9068.77;3;386.9;03.05.2018
EuroTrans;Ljubljana;Truck;14399;363.0;8451.75;2;103.3;08.01.2020
NorthWind;Budapest;Train;68390;406.6;22742.73;2;898.4;05.11.2021
MoveIt;Munich;Truck;22151;708.6;10008.16;3;262.1;04.04.2019
RailCargo;Prague;Truck;13223;1113.0;9147.65;4;377.1;01.12.2015
GlobalFreight;Prague;Truck;18154;468.8;11193.87;2;193.9;08.09.2022
NorthWind;Berlin;Truck;11698;802.5;8616.36;3;290.6;10.12.2023
EuroTrans;Warsaw;Truck;1365;551.7;4518.83;3;140.0;21.05.2015
CargoBridge;Prague;Plane;4044;2837.8;57376.69;3;27689.8;24.09.2023
MoveIt;Amsterdam;Truck;3787;857.1;11176.14;2;287.0;29.11.2020
ShipLine;Munich;Ship;57189;1266.8;5547.03;12;6029.3;18.11.2021
CargoBridge;Warsaw;Truck;17861;155.0;9641.92;1;47.8;26.03.2017
GlobalFreight;Zagreb;Ship;113911;1029.6;7738.3;8;7041.3;02.02.2025
EuroTrans;Prague;Truck;10784;886.1;4779.84;5;267.3;04.02.2021
ShipLine;Frankfurt;Train;7966;2287.3;12111.23;6;4094.6;14.08.2016
BlueLogistics;Budapest;Truck;6668;813.4;4149.61;4;218.5;14.12.2016
NorthWind;Vienna;Plane;3282;4224.3;87018.49;4;27141.0;10.04.2017
BlueLogistics;Prague;Truck;7877;773.3;12816.48;2;311.6;02.03.2015
CargoBridge;Bratislava;Ship;258510;5650.9;38641.66;21;40499.8;30.07.2017
CargoOne;Frankfurt;Truck;14628;1014.5;4436.75;5;384.1;06.04.2021
ShipLine;Brussels;Ship;164876;4259.5;21800.91;13;45030.6;22.02.2017
QuickCargo;Amsterdam;Truck;16838;942.7;11322.63;3;318.8;09.09.2020
TransMax;Berlin;Truck;13115;902.8;5635.54;4;253.3;29.08.2018
CargoOne;Brussels;Truck;8023;119.2;2604.06;3;47.0;08.12.2023
FastMove;Copenhagen;Truck;21685;1187.9;8252.61;5;442.4;22.09.2024
GlobalFreight;Ljubljana;Train;22516;740.4;6028.36;3;1342.4;17.04.2022
EuroTrans;Brussels;Ship;235944;826.8;11663.51;12;5356.6;29.10.2021
EuroTrans;Ljubljana;Truck;903;645.2;7864.72;2;201.2;11.01.2023
ShipLine;Paris;Truck;170;1079.7;4707.61;5;327.0;19.12.2017
CargoOne;Brussels;Truck;18321;588.0;8128.38;3;191.4;24.12.2018
RoadRunner;Frankfurt;Train;58394;1944.9;11495.17;4;4112.0;26.08.2021
EuroTrans;Dresden;Truck;5511;249.8;8279.98;1;79.0;18.01.2016
TransMax;Amsterdam;Ship;24555;2458.3;11853.59;15;17514.5;19.12.2021
GlobalFreight;Copenhagen;Truck;4278;83.2;2464.71;2;28.0;01.07.2020
NorthWind;Munich;Truck;14894;77.5;3983.52;2;20.0;03.01.2019
RailCargo;Hamburg;Truck;281;1185.6;7475.76;4;272.8;24.12.2017
BlueLogistics;Frankfurt;Truck;16219;396.9;4714.06;3;101.3;16.09.2019
EuroTrans;Zagreb;Truck;19274;66.5;5461.84;3;23.4;12.02.2022
EuroTrans;Paris;Truck;19947;805.4;10363.28;3;270.6;23.02.2021
FastMove;Amsterdam;Plane;2416;1020.4;42819.82;2;7080.7;27.11.2021
HeavyLift;Vienna;Ship;160866;2587.1;18477.38;8;15564.6;16.04.2021
HeavyLift;Munich;Plane;11657;2523.6;69941.0;3;29270.0;28.07.2021
HeavyLift;Munich;Train;70867;848.5;16438.94;4;1582.1;11.02.2019
RailCargo;Amsterdam;Train;71945;621.0;6295.52;4;924.1;31.03.2024
HeavyLift;Vienna;Truck;22987;1123.3;10243.4;4;329.5;08.08.2024
RailCargo;Bratislava;Train;4637;1297.2;17150.75;3;2166.9;03.03.2015
BlueLogistics;Milan;Train;72335;1870.4;11576.94;6;3541.0;07.08.2017
NorthWind;Milan;Train;9557;220.2;2306.03;3;311.0;12.10.2015
BlueLogistics;Paris;Train;50838;669.3;7729.28;5;886.2;22.01.2017
RailCargo;Paris;Truck;21857;189.9;10566.25;2;67.2;16.10.2018
NorthWind;Milan;Ship;74256;7826.6;46738.89;20;73955.0;03.09.2021
NorthWind;Munich;Truck;19024;1072.0;9544.65;4;460.7;17.01.2020
BlueLogistics;Paris;Truck;23196;114.5;8645.64;2;51.2;26.09.2019
QuickCargo;Zagreb;Truck;2128;750.0;3010.24;4;207.4;13.04.2025
NorthWind;Berlin;Truck;14713;1171.8;5780.89;5;314.5;06.08.2015
CargoBridge;Budapest;Ship;192105;1843.5;17289.97;12;14694.7;15.02.2025
SkyCargo;Prague;Truck;3284;673.7;5492.54;3;178.6;13.09.2022
MoveIt;Paris;Truck;5957;854.6;9017.69;3;298.1;09.09.2025
CargoOne;Brussels;Ship;296641;1392.9;13550.62;7;14419.0;03.09.2023
RoadRunner;Paris;Ship;297760;5750.4;46561.97;16;49671.3;05.01.2025
NorthWind;Brussels;Truck;14930;544.5;6738.74;3;172.3;16.06.2019
BlueLogistics;Ljubljana;Train;69888;2094.5;14023.46;5;4008.7;18.02.2024
CargoBridge;Vienna;Ship;257413;5266.8;32912.4;18;38276.8;17.03.2023
ShipLine;Prague;Plane;7856;1594.6;53475.39;2;19002.9;12.12.2022
RailCargo;Ljubljana;Train;51015;577.4;7512.49;4;746.0;17.05.2022
QuickCargo;Amsterdam;Truck;22725;104.5;9577.03;2;29.7;16.08.2025
NorthWind;Dresden;Truck;996;1001.2;5541.24;4;316.9;18.12.2022
RoadRunner;Brussels;Truck;2969;1021.1;4007.48;4;383.7;29.04.2025
QuickCargo;Warsaw;Train;10055;752.3;6280.63;3;1172.5;10.12.2018
SkyCargo;Budapest;Truck;11251;1033.0;4779.17;4;372.7;11.06.2017
SkyCargo;Budapest;Truck;23869;115.1;8706.89;2;46.1;19.12.2025
CargoOne;Milan;Truck;22765;272.3;7599.72;3;92.8;04.10.2023
TransMax;Budapest;Train;37551;1449.8;10057.61;5;1789.0;26.11.2025
CargoBridge;Budapest;Truck;14666;532.2;5313.02;3;202.1;14.05.2020
RailCargo;Zurich;Truck;20143;505.0;9984.94;2;215.3;06.10.2024
EuroTrans;Zurich;Truck;2328;310.7;1956.49;4;117.8;30.12.2025
TransMax;Budapest;Ship;60177;6182.0;24741.16;17;23602.3;21.12.2021
RailCargo;Prague;Train;62352;417.6;9780.99;4;730.4;12.01.2021
HeavyLift;Prague;Truck;21119;941.4;7312.71;5;300.5;24.04.2016
FastMove;Zagreb;Truck;13698;1182.0;6710.13;5;363.8;25.06.2024
FastMove;Milan;Truck;17839;536.2;5831.35;4;165.4;16.10.2018
NorthWind;Prague;Truck;18887;422.6;11272.41;2;169.4;21.10.2020
GlobalFreight;Amsterdam;Truck;20750;991.1;6283.83;4;353.8;21.01.2022
TransMax;Vienna;Train;62116;2405.2;9992.56;7;4993.8;06.04.2025
QuickCargo;Brussels;Truck;6312;935.8;5549.43;5;246.0;02.08.2016
NorthWind;Zagreb;Train;37975;1204.6;15693.72;4;1885.1;18.04.2017
CargoBridge;Prague;Truck;19942;715.4;4357.79;4;193.0;17.04.2024
ShipLine;Warsaw;Truck;11023;1168.7;5705.88;5;310.5;02.10.2023
RailCargo;Bratislava;Truck;6923;57.0;1551.32;3;19.9;16.06.2024
QuickCargo;Vienna;Truck;19247;64.2;4799.96;2;21.5;04.04.2021
RailCargo;Hamburg;Truck;1304;611.8;3574.13;4;180.5;12.06.2018
HeavyLift;Zurich;Truck;17320;135.9;4418.05;3;55.5;23.01.2023
BlueLogistics;Milan;Truck;15117;501.3;8741.69;2;173.8;28.07.2023
FastMove;Zagreb;Truck;18527;740.7;11730.14;2;307.4;30.03.2025
CargoOne;Prague;Truck;10375;173.8;3141.26;3;60.6;05.03.2020
TransMax;Copenhagen;Truck;8662;55.4;3140.48;2;17.7;07.09.2021
CargoOne;Zagreb;Plane;14058;1827.9;54599.13;2;14436.9;07.08.2015
CargoOne;Warsaw;Truck;17273;743.4;7294.57;3;207.1;03.04.2015
RoadRunner;Frankfurt;Ship;106150;2812.0;13813.22;13;25544.3;24.11.2025
HeavyLift;Copenhagen;Train;55746;1646.3;11414.36;5;2028.4;16.08.2017
SkyCargo;Budapest;Plane;11217;4690.1;115725.21;4;48609.9;12.03.2019
BlueLogistics;Ljubljana;Truck;4503;831.0;7061.1;3;184.2;22.07.2018
CargoOne;Vienna;Plane;10339;5193.7;48455.1;5;49280.4;14.01.2019
MoveIt;Ljubljana;Truck;23893;609.9;7415.89;4;221.6;18.05.2016
BlueLogistics;Prague;Train;66382;784.6;8083.21;3;1407.8;20.11.2022
RailCargo;Hamburg;Truck;16700;434.8;5169.47;3;189.1;25.07.2025
TransMax;Amsterdam;Truck;20987;1033.2;12348.46;3;418.3;17.07.2020
CargoBridge;Milan;Truck;2568;300.3;2618.88;3;110.3;24.10.2024
SkyCargo;Dresden;Truck;6751;456.6;5061.46;2;180.8;12.10.2022
SkyCargo;Hamburg;Truck;22578;268.8;10677.95;2;105.6;15.09.2018
GlobalFreight;Copenhagen;Truck;2122;1102.8;4664.45;5;316.0;02.10.2025
MoveIt;Ljubljana;Truck;17145;162.7;4466.28;3;47.6;26.05.2021
SkyCargo;Warsaw;Plane;5837;2614.2;82012.89;3;28911.2;05.12.2017
NorthWind;Brussels;Ship;229163;5071.2;26101.75;12;49954.3;10.07.2021
CargoOne;Bratislava;Train;1445;1765.6;16993.77;4;3074.7;25.02.2023
TransMax;Dresden;Train;67208;383.3;10131.29;4;590.2;13.06.2018
CargoBridge;Milan;Truck;7721;407.2;6771.46;2;105.3;07.10.2016
EuroTrans;Dresden;Truck;4715;720.1;7290.42;3;247.5;07.10.2024
NorthWind;Frankfurt;Truck;14311;1170.2;11462.77;3;370.3;31.08.2022
CargoOne;Berlin;Train;78691;715.3;28370.15;2;1139.1;08.07.2024
CargoBridge;Ljubljana;Truck;9455;928.3;4667.47;4;229.0;17.02.2018
TransMax;Hamburg;Ship;182908;931.8;12053.62;10;7319.3;09.04.2024
GlobalFreight;Ljubljana;Truck;19893;1023.3;8709.59;4;303.5;10.01.2019
GlobalFreight;Berlin;Truck;5209;813.7;6002.56;4;231.8;24.12.2017
TransMax;Amsterdam;Ship;194129;3081.6;22355.64;17;30070.4;19.03.2020
EuroTrans;Prague;Truck;23062;334.4;11115.92;2;126.1;13.04.2017
ShipLine;Hamburg;Truck;1623;1083.3;5803.0;3;396.9;15.12.2025
BlueLogistics;Ljubljana;Truck;3098;673.7;7879.01;2;178.2;20.07.2024
CargoOne;Milan;Truck;9361;165.9;4737.42;2;55.4;02.11.2018
TransMax;Paris;Plane;2519;3013.0;120272.63;3;25852.9;02.04.2015
EuroTrans;Munich;Ship;126403;1024.5;10419.13;9;9460.4;22.06.2015
MoveIt;Milan;Train;33629;662.3;9263.42;4;697.0;26.11.2025
TransMax;Ljubljana;Train;8468;1030.6;4329.39;5;1319.0;26.07.2017
BlueLogistics;Zagreb;Truck;11619;666.6;5300.9;3;197.5;19.10.2022
QuickCargo;Vienna;Ship;174131;2880.0;22503.08;10;29090.0;22.04.2017
EuroTrans;Munich;Ship;210214;959.2;7793.9;13;5280.0;02.05.2015
FastMove;Vienna;Truck;16768;742.2;5569.88;4;265.3;24.03.2020
NorthWind;Berlin;Truck;6061;1191.5;11313.7;3;437.0;24.01.2020
MoveIt;Zagreb;Truck;22518;139.3;20770.23;1;52.0;31.05.2025
EuroTrans;Hamburg;Ship;120894;6456.8;31546.71;17;27838.5;15.03.2015
ShipLine;Prague;Truck;11807;108.9;4161.48;2;33.5;23.06.2021
MoveIt;Dresden;Truck;3178;131.2;5151.24;1;47.6;24.07.2016
CargoBridge;Vienna;Train;59343;1574.9;14489.89;6;2134.0;04.09.2022
HeavyLift;Bratislava;Truck;13530;505.2;6276.89;2;168.2;25.01.2021
NorthWind;Zurich;Train;29957;1398.0;18560.41;3;2430.3;05.11.2025
NorthWind;Ljubljana;Train;32459;756.7;5341.71;5;1329.8;01.09.2022
QuickCargo;Copenhagen;Truck;9259;412.3;2841.89;4;97.0;19.07.2018
TransMax;Budapest;Train;44324;1337.7;12284.8;4;2362.8;20.12.2018
CargoOne;Hamburg;Truck;23389;1194.2;11253.03;3;536.1;22.08.2023
SkyCargo;Munich;Ship;117544;896.1;7913.92;12;8993.0;26.03.2021
FastMove;Hamburg;Truck;10430;588.7;3538.58;4;185.6;30.06.2024
CargoBridge;Amsterdam;Truck;1110;483.0;3645.01;2;111.9;31.01.2015
TransMax;Paris;Ship;72215;1110.0;4519.08;8;9833.5;28.04.2021
TransMax;Copenhagen;Ship;99405;5184.5;29025.31;19;41409.0;02.08.2020
TransMax;Zagreb;Truck;9605;73.5;5898.02;1;19.4;09.06.2020
CargoBridge;Bratislava;Truck;13137;1030.7;8973.04;4;270.4;26.12.2018
MoveIt;Zurich;Truck;550;703.2;5064.14;3;175.4;18.05.2018
QuickCargo;Zagreb;Train;19739;2112.1;13088.83;5;3386.6;18.10.2019
RailCargo;Vienna;Plane;14212;4128.7;119714.74;4;53098.7;01.12.2019
HeavyLift;Dresden;Train;54966;229.2;18674.78;2;286.9;15.04.2016
GlobalFreight;Milan;Truck;10436;584.4;8017.46;2;240.7;22.12.2023
CargoBridge;Munich;Train;39979;1888.7;12401.7;7;2748.4;16.08.2018
HeavyLift;Ljubljana;Train;76182;2259.6;15166.69;5;3814.2;01.01.2021
RoadRunner;Ljubljana;Truck;22357;467.0;4619.95;4;138.1;18.01.2023
SkyCargo;Prague;Truck;5249;390.1;5031.62;2;84.9;05.04.2020
QuickCargo;Hamburg;Ship;60660;887.6;5471.71;7;4195.1;17.07.2023
RoadRunner;Warsaw;Ship;22742;1762.9;11191.91;8;6753.5;05.09.2018
BlueLogistics;Frankfurt;Truck;15891;67.2;6421.53;1;23.2;15.04.2015
BlueLogistics;Paris;Truck;1714;359.7;2094.57;3;88.1;20.05.2021
BlueLogistics;Copenhagen;Train;47126;2287.0;16445.75;6;2977.0;05.04.2017
FastMove;Vienna;Truck;23565;823.2;8277.83;3;357.0;01.09.2017
SkyCargo;Brussels;Truck;7726;202.5;3464.63;3;74.4;25.08.2020
CargoOne;Hamburg;Truck;7101;958.7;6598.54;4;354.4;18.06.2019
BlueLogistics;Zurich;Truck;16207;457.5;10983.66;2;122.2;22.12.2021
SkyCargo;Amsterdam;Plane;9998;1361.4;80567.26;2;9310.4;29.10.2016
SkyCargo;Prague;Train;74369;356.7;5192.47;5;651.4;16.06.2024
QuickCargo;Frankfurt;Truck;21230;610.6;6003.18;4;178.0;25.10.2020
GlobalFreight;Dresden;Truck;4076;506.3;6391.84;2;173.0;04.03.2018
QuickCargo;Bratislava;Truck;12423;447.4;10580.77;2;131.0;17.11.2024
ShipLine;Paris;Plane;8669;5291.5;62633.83;4;67383.1;15.01.2021
TransMax;Warsaw;Train;12928;232.5;2606.8;4;351.7;27.06.2022
HeavyLift;Paris;Truck;5490;267.6;4360.97;2;60.1;23.09.2025
HeavyLift;Vienna;Truck;14185;97.7;2289.23;3;30.7;03.03.2023
HeavyLift;Milan;Truck;6965;419.1;4700.11;2;107.0;23.12.2016
RailCargo;Paris;Truck;8414;920.2;6260.84;3;304.7;10.03.2017
ShipLine;Berlin;Plane;568;5773.6;66531.81;5;34205.1;09.09.2024
MoveIt;Vienna;Train;19576;624.3;14363.55;2;1040.5;15.03.2021
HeavyLift;Budapest;Truck;17788;147.0;3233.24;3;50.7;04.09.2017
FastMove;Dresden;Truck;2918;298.2;2001.83;3;103.1;03.07.2020
CargoOne;Hamburg;Truck;20465;1071.4;10257.49;4;310.0;01.01.2018
MoveIt;Dresden;Truck;13219;313.2;14470.75;1;120.1;20.06.2024
QuickCargo;Warsaw;Train;63258;636.0;10021.55;4;1366.7;05.11.2019
HeavyLift;Munich;Ship;209594;4460.6;19305.17;15;26056.4;28.09.2022
CargoBridge;Milan;Train;52771;2071.0;13740.67;6;2784.3;17.05.2022
RoadRunner;Berlin;Ship;67698;1182.2;7469.25;9;4641.3;10.03.2016
FastMove;Zagreb;Truck;23359;73.5;6038.55;3;27.6;31.07.2017
ShipLine;Zurich;Train;15968;1059.4;3979.48;5;1464.8;13.04.2025
BlueLogistics;Zagreb;Ship;46873;1204.5;5015.18;9;5822.1;16.07.2018
SkyCargo;Vienna;Plane;7416;5068.3;119672.91;4;50995.0;30.06.2020
MoveIt;Bratislava;Truck;1714;512.8;4892.72;3;156.1;11.03.2024
QuickCargo;Frankfurt;Train;41401;860.0;14118.43;3;1072.1;23.03.2023
RoadRunner;Frankfurt;Train;46904;870.3;18703.92;3;1370.4;19.07.2018
FastMove;Munich;Truck;16219;1067.2;8353.71;5;352.1;30.08.2017
FastMove;Paris;Truck;8893;413.4;6140.33;2;129.6;17.01.2017
FastMove;Vienna;Truck;3630;1145.1;4267.29;4;349.5;28.05.2017
HeavyLift;Paris;Plane;5605;3400.1;92334.44;3;35920.8;06.01.2015
HeavyLift;Milan;Train;73189;1066.1;13327.42;3;2415.8;29.05.2018
EuroTrans;Hamburg;Truck;17087;262.5;3266.68;3;68.0;03.12.2015
TransMax;Hamburg;Truck;5814;597.5;4765.74;3;232.7;08.02.2016
FastMove;Bratislava;Truck;23881;680.9;8095.98;3;222.1;13.10.2023
HeavyLift;Ljubljana;Truck;23947;246.0;9668.28;2;74.4;14.09.2017
CargoBridge;Munich;Plane;1579;634.9;57992.17;1;6175.2;17.03.2021
RoadRunner;Milan;Plane;10960;3874.8;119418.68;4;46137.8;10.02.2015
EuroTrans;Hamburg;Truck;5292;1015.9;8618.56;3;379.1;13.09.2021
RailCargo;Amsterdam;Ship;275569;2344.5;21195.93;10;14371.1;30.05.2019
QuickCargo;Frankfurt;Ship;174514;3081.0;24301.63;12;18197.0;30.07.2015
TransMax;Zurich;Truck;3865;421.8;3004.95;3;90.3;05.08.2018
SkyCargo;Bratislava;Truck;19459;645.6;8440.26;3;194.3;14.01.2016
ShipLine;Brussels;Train;25699;1839.5;10368.49;5;3440.2;12.01.2018
CargoOne;Frankfurt;Train;59773;821.3;11411.07;4;1146.5;24.09.2020
CargoOne;Budapest;Truck;2460;575.6;8617.61;2;222.5;27.11.2023
RailCargo;Bratislava;Truck;17805;621.8;10903.62;2;214.4;05.12.2025
SkyCargo;Paris;Truck;8917;445.1;2565.25;4;115.2;06.11.2016
NorthWind;Berlin;Train;15033;2426.0;7883.15;7;2336.6;05.05.2022
RoadRunner;Paris;Truck;21318;696.3;8834.64;3;199.2;15.07.2016
FastMove;Milan;Train;55895;915.7;15500.73;3;1342.9;21.04.2020
RoadRunner;Dresden;Truck;13816;553.5;3764.53;4;226.6;12.12.2024
RailCargo;Berlin;Train;30513;958.3;8659.2;5;1433.9;25.08.2017
RailCargo;Amsterdam;Train;69027;1897.7;16707.76;6;3812.5;03.01.2025
HeavyLift;Hamburg;Truck;18675;544.2;5262.5;3;211.2;27.10.2018
EuroTrans;Vienna;Train;22303;1999.4;17323.72;5;2182.5;23.05.2024
CargoBridge;Bratislava;Truck;13640;969.6;7876.31;4;326.5;21.04.2015
ShipLine;Amsterdam;Truck;1619;371.0;7899.23;1;108.8;11.02.2022
MoveIt;Zagreb;Ship;188755;3946.8;33604.42;16;25678.7;14.09.2016
GlobalFreight;Paris;Plane;4171;1769.5;77787.93;2;16072.5;16.02.2021
CargoOne;Prague;Truck;21851;1143.9;7492.86;4;399.0;10.12.2022
QuickCargo;Zagreb;Ship;182227;3491.5;26599.84;14;19624.8;06.06.2016
MoveIt;Hamburg;Truck;4052;1133.0;5596.45;5;273.1;30.04.2025
BlueLogistics;Zagreb;Truck;6175;580.5;4641.06;3;192.1;30.12.2018
BlueLogistics;Vienna;Truck;6236;750.1;5268.54;4;216.9;06.06.2016
ShipLine;Copenhagen;Truck;12380;989.0;4179.13;5;349.4;08.05.2016
ShipLine;Budapest;Ship;66571;1871.1;9367.78;8;10507.3;01.12.2018
TransMax;Hamburg;Truck;1749;547.9;4177.26;3;197.2;17.11.2020
CargoOne;Frankfurt;Truck;1200;362.5;2927.31;3;74.1;04.11.2021
TransMax;Copenhagen;Truck;17997;861.2;7130.74;4;263.9;14.08.2023
CargoOne;Copenhagen;Truck;5976;610.2;2962.33;4;232.6;24.10.2015
FastMove;Amsterdam;Truck;11174;941.2;5699.15;5;323.4;19.02.2015
BlueLogistics;Munich;Truck;148;237.7;3514.76;1;57.2;14.11.2021
QuickCargo;Paris;Ship;38823;3019.6;16833.64;9;21722.1;18.01.2015
MoveIt;Zurich;Truck;14747;395.8;4681.69;3;160.5;05.12.2020
ShipLine;Amsterdam;Truck;13557;107.8;4251.4;2;45.5;20.01.2024
CargoBridge;Vienna;Ship;188200;1062.2;8109.65;9;6670.7;12.12.2025
RoadRunner;Warsaw;Train;16665;721.6;11764.96;3;753.1;03.07.2021
RailCargo;Dresden;Truck;10970;588.0;8785.63;2;241.9;15.04.2022
QuickCargo;Amsterdam;Truck;5147;985.9;3696.34;4;270.0;09.02.2022
EuroTrans;Zurich;Ship;264929;7476.4;66825.02;18;60019.1;20.05.2020
RoadRunner;Budapest;Plane;5756;970.8;40213.08;2;6083.6;10.12.2018
QuickCargo;Ljubljana;Ship;289247;5116.0;36927.98;20;58034.1;07.11.2024
HeavyLift;Warsaw;Truck;15493;1184.2;9371.44;4;464.8;19.11.2019
RoadRunner;Amsterdam;Train;78468;1897.9;13251.13;5;3260.2;30.07.2015
BlueLogistics;Paris;Truck;17756;121.1;3651.95;3;33.5;06.09.2019
SkyCargo;Vienna;Truck;19299;664.0;4943.49;4;202.7;25.03.2017
NorthWind;Zurich;Train;42906;694.9;6252.12;4;1260.4;17.03.2017
ShipLine;Warsaw;Truck;15281;370.6;7535.99;2;146.7;15.11.2022
CargoBridge;Warsaw;Ship;8548;2599.9;8874.22;16;21735.4;21.06.2015
QuickCargo;Bratislava;Truck;22954;1183.1;7597.43;4;534.2;03.12.2020
CargoBridge;Dresden;Truck;9112;755.1;6517.75;3;298.3;03.04.2022
SkyCargo;Budapest;Truck;3725;1088.6;9620.76;3;304.9;22.03.2018
FastMove;Frankfurt;Truck;21948;74.0;6356.68;3;30.6;20.11.2015
GlobalFreight;Prague;Train;65312;1046.3;11693.55;5;2301.3;31.10.2015
NorthWind;Amsterdam;Truck;7354;138.5;2266.45;3;46.1;09.08.2017
RoadRunner;Budapest;Ship;86119;4524.6;32559.72;18;23112.3;19.09.2017
HeavyLift;Zagreb;Ship;230015;2003.7;18945.44;8;13867.4;22.07.2023
QuickCargo;Amsterdam;Train;22309;1167.4;14317.03;4;2173.7;05.06.2025
BlueLogistics;Prague;Train;33525;1813.5;9488.93;6;2330.7;15.06.2015
CargoOne;Munich;Train;38154;1016.6;27859.8;2;1825.4;19.01.2022
NorthWind;Copenhagen;Train;48448;1242.7;8624.83;6;2057.1;06.12.2022
GlobalFreight;Amsterdam;Truck;4368;179.9;6587.46;1;51.0;24.11.2017
FastMove;Bratislava;Train;9983;210.1;2167.52;4;261.1;17.01.2017
HeavyLift;Prague;Truck;4576;721.9;4900.83;4;221.3;18.01.2018
HeavyLift;Milan;Truck;19497;280.4;4597.93;3;118.0;05.07.2018
SkyCargo;Berlin;Plane;10045;2078.0;130526.68;2;26604.8;19.05.2018
HeavyLift;Brussels;Ship;247785;1279.6;12018.52;6;12100.3;26.07.2015
CargoOne;Budapest;Train;36912;666.1;8770.11;4;1155.6;30.04.2018
GlobalFreight;Paris;Ship;254199;7105.2;34660.69;18;66873.0;10.10.2020
EuroTrans;Dresden;Truck;19072;868.6;7599.35;4;270.8;16.01.2015
CargoBridge;Paris;Truck;18959;1190.5;5970.85;5;414.9;10.02.2023
RailCargo;Bratislava;Plane;4998;3850.9;70248.46;3;48080.3;26.03.2024
RailCargo;Brussels;Ship;94051;4568.7;28047.95;17;29857.7;07.10.2025
MoveIt;Amsterdam;Ship;172637;4400.1;20925.5;16;46341.1;27.05.2016
EuroTrans;Hamburg;Train;53279;926.5;19807.55;2;1749.1;09.10.2015
GlobalFreight;Ljubljana;Truck;826;187.5;3616.77;1;63.2;18.09.2015
EuroTrans;Bratislava;Plane;7831;3196.3;70058.92;3;34918.9;23.11.2022
CargoOne;Budapest;Ship;121781;6619.1;39780.76;16;66663.3;31.07.2015
ShipLine;Frankfurt;Ship;40578;6974.2;48815.1;19;54052.6;08.06.2022
CargoBridge;Budapest;Truck;23140;116.7;15365.28;1;40.1;12.10.2016
EuroTrans;Budapest;Truck;13216;858.1;7180.81;4;223.3;31.05.2019
RoadRunner;Frankfurt;Train;22400;2396.7;16126.38;5;4487.3;11.07.2016
HeavyLift;Budapest;Truck;21483;685.2;6607.17;3;279.6;22.11.2022
SkyCargo;Bratislava;Ship;258649;3719.7;22844.55;10;32185.0;06.12.2022
CargoBridge;Hamburg;Train;38634;1561.2;10373.94;5;2450.8;12.04.2020
BlueLogistics;Hamburg;Train;6860;1870.2;10781.38;6;1820.8;08.11.2020
BlueLogistics;Munich;Truck;6395;62.8;1913.58;3;18.8;11.05.2020
TransMax;Bratislava;Truck;17441;148.8;13520.62;1;58.8;23.04.2022
RailCargo;Milan;Plane;1016;2555.9;148754.66;2;22279.3;27.10.2021
SkyCargo;Budapest;Truck;12008;398.3;8866.47;2;124.9;29.12.2015
SkyCargo;Prague;Train;1524;892.5;3982.63;4;923.2;09.01.2019
BlueLogistics;Milan;Truck;23769;728.5;9078.5;3;281.8;03.12.2022
TransMax;Paris;Ship;223965;914.0;8880.66;11;10057.2;11.12.2016
MoveIt;Budapest;Ship;134399;4888.5;37416.37;17;33395.7;10.01.2025
MoveIt;Vienna;Truck;772;862.1;2371.31;5;290.0;02.02.2024
CargoOne;Amsterdam;Truck;21875;292.8;14029.06;1;98.6;16.07.2020
QuickCargo;Bratislava;Truck;23043;991.1;7224.36;5;345.5;26.11.2022
HeavyLift;Warsaw;Ship;212328;1381.7;13394.61;7;11292.6;17.04.2019
CargoBridge;Munich;Truck;20398;1153.8;9593.78;4;338.9;11.12.2017
BlueLogistics;Brussels;Train;6978;1811.1;12529.09;5;2609.5;13.07.2021
BlueLogistics;Vienna;Truck;11623;1144.6;5886.89;4;426.0;03.07.2025
SkyCargo;Vienna;Truck;12186;1001.0;9661.92;3;395.7;23.01.2019
QuickCargo;Vienna;Ship;110459;5432.3;37377.02;18;27345.7;24.07.2017
NorthWind;Milan;Truck;9065;223.4;3162.84;3;64.8;31.10.2025
EuroTrans;Dresden;Plane;13328;790.5;50319.32;2;9986.5;07.01.2022
GlobalFreight;Ljubljana;Train;76773;2026.4;13214.82;5;4519.2;22.12.2021
NorthWind;Copenhagen;Train;22836;1591.7;8782.12;6;3009.8;06.12.2021
NorthWind;Brussels;Train;55724;437.6;6382.71;3;848.9;04.08.2018
HeavyLift;Ljubljana;Truck;5580;1163.7;4690.45;5;383.9;31.12.2016
MoveIt;Dresden;Truck;6332;641.7;9654.72;2;183.9;14.11.2023
QuickCargo;Vienna;Truck;14433;667.2;8129.56;2;220.6;26.11.2021
QuickCargo;Prague;Train;22570;1184.5;5462.39;6;1842.4;23.06.2024
CargoOne;Warsaw;Train;8312;832.6;10107.94;3;1271.4;29.01.2025
FastMove;Zagreb;Truck;20265;814.6;9149.59;3;247.3;28.12.2021
BlueLogistics;Frankfurt;Truck;15309;75.4;2412.76;3;22.6;04.02.2021
MoveIt;Brussels;Ship;263797;5991.3;36207.5;20;48825.9;03.01.2018
BlueLogistics;Prague;Train;19986;374.7;6101.79;2;582.4;17.08.2018
HeavyLift;Hamburg;Truck;469;591.7;4838.13;3;188.3;06.03.2024
EuroTrans;Budapest;Truck;4596;517.7;5079.84;3;196.2;10.01.2017
HeavyLift;Prague;Train;68728;2238.3;9360.28;7;3604.0;21.04.2018
RoadRunner;Hamburg;Train;10981;809.5;10604.21;3;1426.8;02.04.2022
TransMax;Budapest;Train;3869;835.5;6047.08;3;786.5;14.05.2020
RailCargo;Prague;Ship;99520;5021.2;43599.85;19;37013.3;21.12.2023
GlobalFreight;Frankfurt;Ship;116848;3597.1;28761.05;17;26043.5;22.07.2016
RoadRunner;Frankfurt;Truck;3736;857.8;4726.73;4;186.9;10.07.2024
CargoOne;Ljubljana;Truck;21634;83.3;9277.16;1;28.3;24.04.2020
BlueLogistics;Warsaw;Train;31423;1433.6;6772.87;6;2143.4;03.07.2022
QuickCargo;Bratislava;Train;41801;1511.1;11876.65;6;2671.4;05.03.2024
BlueLogistics;Munich;Train;32972;1762.5;12571.1;6;2193.3;30.05.2019
RoadRunner;Frankfurt;Ship;132527;7020.2;24377.67;17;52163.4;24.12.2017
ShipLine;Vienna;Train;71761;604.9;24140.97;2;1284.6;10.03.2021
GlobalFreight;Brussels;Ship;202571;6501.9;48917.5;18;39334.2;08.01.2023
GlobalFreight;Warsaw;Truck;1779;931.6;5693.97;4;209.1;08.06.2019
BlueLogistics;Zagreb;Truck;23869;853.6;9111.12;3;285.9;01.10.2018
HeavyLift;Vienna;Ship;120678;2066.6;9299.36;13;15366.0;29.03.2015
RoadRunner;Zurich;Truck;18236;783.7;12742.38;2;317.3;22.12.2022
CargoOne;Vienna;Train;16408;2442.0;14231.56;6;3094.9;23.03.2023
EuroTrans;Dresden;Truck;10445;400.8;4041.51;3;146.0;22.03.2016
CargoOne;Copenhagen;Train;47230;2291.0;11136.66;5;3768.7;13.12.2022
HeavyLift;Milan;Truck;18128;477.7;10899.33;2;166.9;16.06.2024
GlobalFreight;Dresden;Ship;266530;3370.8;19003.7;10;20066.4;20.04.2019
CargoOne;Prague;Plane;4963;2853.4;75087.85;3;24870.9;24.04.2023
FastMove;Munich;Truck;15318;715.9;7842.51;3;236.4;10.06.2022
TransMax;Ljubljana;Train;30938;883.5;9280.65;3;1516.4;14.04.2019
ShipLine;Vienna;Truck;11789;238.9;15040.95;1;64.9;26.11.2025
TransMax;Dresden;Truck;18872;1041.7;7746.55;4;374.4;21.05.2022
QuickCargo;Ljubljana;Truck;20546;937.4;6028.13;4;273.8;15.11.2015
TransMax;Paris;Train;3545;1072.4;10128.35;4;1932.2;28.10.2017
ShipLine;Ljubljana;Plane;4926;3546.4;105723.85;3;21347.3;05.10.2017
RoadRunner;Hamburg;Truck;7203;168.7;2017.56;3;46.9;02.03.2024
SkyCargo;Paris;Truck;15000;709.4;5065.68;4;269.3;24.06.2024
HeavyLift;Ljubljana;Truck;12192;868.5;4858.82;4;244.0;13.03.2025
QuickCargo;Brussels;Truck;1471;469.1;6499.27;2;136.7;06.04.2025
CargoBridge;Budapest;Truck;5829;889.2;4700.28;4;308.4;29.09.2024
SkyCargo;Milan;Truck;13592;224.3;6521.2;2;85.6;18.08.2021
CargoOne;Paris;Truck;22642;143.9;7623.75;2;46.2;27.09.2019
ShipLine;Zurich;Train;52202;1408.6;14802.97;3;2987.9;01.05.2022
RailCargo;Prague;Truck;9361;63.5;2726.7;3;18.8;28.01.2023
TransMax;Warsaw;Truck;15489;529.3;9149.44;2;221.2;06.10.2017
CargoBridge;Bratislava;Ship;15194;3437.6;18424.55;9;27521.1;26.12.2015
GlobalFreight;Budapest;Truck;5091;920.5;5297.68;4;363.6;24.09.2025
CargoOne;Zurich;Truck;1844;1128.8;5331.79;3;344.2;21.10.2024
QuickCargo;Milan;Ship;160862;4068.4;28649.73;11;42449.5;31.05.2025
EuroTrans;Brussels;Train;35429;1886.9;13001.05;5;3430.5;22.05.2021
NorthWind;Bratislava;Truck;4981;83.8;1505.62;3;22.6;14.12.2024
NorthWind;Prague;Ship;80072;6203.4;43539.02;16;30833.7;26.07.2018
EuroTrans;Budapest;Truck;17688;267.8;5676.37;2;94.6;16.12.2018
FastMove;Milan;Truck;2106;182.9;2110.96;2;61.4;13.09.2021
CargoOne;Zurich;Plane;6034;1084.6;59898.82;2;9668.2;21.08.2020
BlueLogistics;Milan;Truck;11874;551.6;7621.34;2;177.9;15.10.2022
QuickCargo;Dresden;Ship;161690;3124.1;17388.26;15;28055.2;17.11.2025
RoadRunner;Amsterdam;Train;67392;2317.5;8586.84;7;5190.9;14.08.2022
EuroTrans;Warsaw;Train;16321;1298.1;7610.5;4;1534.5;29.01.2023
CargoBridge;Vienna;Truck;6121;970.3;7135.9;3;234.8;13.09.2020
GlobalFreight;Prague;Truck;19225;258.7;9114.67;2;69.0;18.08.2015
EuroTrans;Copenhagen;Truck;22348;1154.1;14437.86;3;455.4;04.05.2015
ShipLine;Amsterdam;Train;73485;826.0;10084.92;3;1116.4;04.08.2022
CargoOne;Ljubljana;Train;9102;2122.4;8841.11;7;3830.8;02.09.2021
ShipLine;Berlin;Truck;22206;411.6;11226.5;2;182.9;24.11.2016
NorthWind;Berlin;Truck;13150;340.0;5631.28;3;119.0;17.11.2021
NorthWind;Zagreb;Truck;16118;221.2;4846.59;2;95.6;09.08.2024
NorthWind;Budapest;Truck;16701;419.4;6356.61;2;167.8;22.01.2023
CargoBridge;Berlin;Truck;18042;732.7;7184.72;4;308.2;13.07.2016
RailCargo;Ljubljana;Plane;6902;1858.0;62680.72;2;18767.5;04.03.2018
ShipLine;Paris;Truck;18324;724.5;9004.52;3;221.4;17.10.2025
FastMove;Dresden;Plane;10410;4024.4;133518.41;3;50322.5;23.06.2015
HeavyLift;Frankfurt;Train;26624;972.6;8679.63;5;1447.6;22.03.2022
SkyCargo;Berlin;Truck;15046;1002.7;11940.32;3;424.4;27.05.2019
GlobalFreight;Bratislava;Truck;928;466.6;4518.98;2;111.3;08.12.2015
HeavyLift;Berlin;Truck;8315;176.5;2948.88;3;42.8;30.09.2017
GlobalFreight;Vienna;Truck;7713;165.4;2995.26;3;63.9;08.11.2022
RoadRunner;Budapest;Ship;35729;5200.5;17541.38;18;34521.7;24.09.2024
GlobalFreight;Frankfurt;Plane;10007;5995.5;59140.57;5;64330.8;07.10.2020
RoadRunner;Budapest;Truck;14258;1039.0;7302.23;5;443.9;06.07.2025
BlueLogistics;Dresden;Ship;280450;2683.8;17224.75;11;22172.1;11.06.2019
FastMove;Paris;Train;70258;319.9;15252.85;3;532.5;29.11.2024
MoveIt;Prague;Plane;12724;3243.6;59847.77;3;43337.8;10.11.2017
CargoOne;Ljubljana;Truck;9919;73.3;1572.8;3;23.2;21.02.2017
ShipLine;Zurich;Train;49670;2018.5;17455.54;4;3704.6;02.12.2017
ShipLine;Brussels;Truck;18862;698.0;5610.25;4;301.9;16.09.2022
GlobalFreight;Amsterdam;Truck;8397;501.7;3867.85;3;119.9;20.01.2019
ShipLine;Paris;Truck;8327;576.5;9389.81;2;203.1;07.01.2021
MoveIt;Ljubljana;Truck;14537;776.8;9465.05;3;290.1;26.05.2016
ShipLine;Copenhagen;Truck;6023;1112.4;4709.53;4;263.2;09.11.2018
HeavyLift;Berlin;Plane;14859;3322.8;124610.02;3;32519.3;13.08.2021
CargoBridge;Hamburg;Truck;1983;190.2;4683.91;1;50.0;12.02.2017
FastMove;Zagreb;Truck;3097;199.2;2552.21;2;76.8;02.04.2023
QuickCargo;Zagreb;Ship;52129;6240.1;41333.3;22;36463.1;09.11.2020
NorthWind;Paris;Truck;14550;1024.7;6033.46;4;436.1;06.12.2021
CargoBridge;Copenhagen;Train;68921;507.2;26561.43;2;1079.4;16.11.2021
ShipLine;Warsaw;Truck;10780;156.2;2976.98;3;59.7;17.12.2023
BlueLogistics;Bratislava;Train;15872;415.2;4157.72;5;420.9;19.01.2017
SkyCargo;Frankfurt;Train;12886;587.2;7785.03;3;708.9;31.05.2022
GlobalFreight;Zurich;Plane;1549;1651.1;58046.66;2;15408.1;16.04.2018
BlueLogistics;Budapest;Plane;11623;2018.7;65950.71;2;21838.4;08.10.2020
NorthWind;Warsaw;Ship;20571;3178.4;21120.29;16;21320.2;10.01.2018
QuickCargo;Berlin;Train;11329;1782.2;8284.93;5;3358.5;24.12.2025
BlueLogistics;Copenhagen;Train;6235;1056.1;5377.43;4;1436.0;13.06.2017
HeavyLift;Hamburg;Truck;19462;599.0;11016.29;2;195.8;25.11.2021
HeavyLift;Brussels;Truck;10507;368.4;5626.3;2;139.2;01.11.2020
ShipLine;Warsaw;Train;1636;406.1;3689.16;2;406.6;31.01.2016
EuroTrans;Munich;Truck;7517;221.1;2460.62;3;65.2;04.12.2019
RoadRunner;Ljubljana;Truck;4367;1133.7;8060.24;3;351.5;02.04.2025
RoadRunner;Prague;Train;60899;2329.6;17904.85;5;3292.4;23.09.2017
MoveIt;Hamburg;Train;3117;919.6;9600.53;3;966.5;31.10.2023
FastMove;Warsaw;Train;31406;2055.6;12354.91;5;3423.6;24.03.2025
EuroTrans;Budapest;Truck;2797;241.9;1646.36;3;66.8;23.12.2024
MoveIt;Prague;Train;45530;1447.1;11539.04;6;2213.1;25.11.2022
MoveIt;Amsterdam;Truck;23343;1007.4;9831.34;3;290.5;29.07.2022
GlobalFreight;Budapest;Ship;294051;7190.9;52943.06;19;60081.7;03.06.2020
QuickCargo;Zurich;Truck;15807;881.7;7125.73;3;328.9;23.10.2021
CargoBridge;Bratislava;Train;76461;1688.8;14778.24;5;3823.1;13.07.2015
ShipLine;Copenhagen;Train;55299;389.6;11689.6;3;690.7;27.11.2018
EuroTrans;Milan;Truck;8071;981.3;4964.25;4;282.0;26.07.2025
MoveIt;Brussels;Truck;10936;1183.5;8696.03;3;338.8;25.11.2024
CargoBridge;Milan;Train;8780;1380.1;7962.21;5;2061.8;06.03.2022
HeavyLift;Hamburg;Plane;8808;2252.6;37767.78;3;29353.6;14.02.2025
ShipLine;Bratislava;Plane;11679;5580.0;143306.0;4;42159.5;16.02.2019
EuroTrans;Prague;Truck;276;815.8;5810.23;3;248.4;22.08.2016
CargoBridge;Vienna;Train;53112;1965.6;19415.63;5;3130.3;04.03.2019
RailCargo;Berlin;Truck;20947;654.8;10305.59;3;271.8;20.08.2019
TransMax;Dresden;Truck;3867;632.4;7833.66;2;208.3;14.05.2015
EuroTrans;Dresden;Train;55499;734.6;12067.54;3;1425.6;12.12.2025
BlueLogistics;Vienna;Train;60368;1423.6;10104.25;5;3004.6;15.09.2024
EuroTrans;Munich;Truck;12406;1111.3;6780.9;4;429.4;12.11.2020
RailCargo;Berlin;Truck;7661;913.3;4455.97;4;289.6;31.05.2022
NorthWind;Copenhagen;Plane;9981;792.1;31188.51;2;9753.1;27.02.2019
GlobalFreight;Zagreb;Ship;254380;5045.1;36511.82;14;56157.8;17.01.2019
EuroTrans;Munich;Train;79347;398.4;16414.43;3;730.8;27.01.2015
RailCargo;Paris;Truck;23188;635.6;7039.57;3;245.1;30.12.2016
MoveIt;Zurich;Truck;22940;1195.8;8058.54;5;465.0;05.09.2020
CargoBridge;Berlin;Truck;16105;655.8;6954.85;3;236.7;08.06.2019
CargoBridge;Ljubljana;Train;16459;1795.2;12577.61;6;2299.6;20.04.2020
FastMove;Zagreb;Truck;12514;514.9;5995.51;3;140.7;13.01.2019
ShipLine;Brussels;Ship;181201;3305.9;30105.06;17;21130.8;01.09.2020
BlueLogistics;Vienna;Truck;19537;1187.2;5161.71;5;521.5;19.06.2021
MoveIt;Amsterdam;Truck;11945;793.8;4086.93;5;225.9;23.05.2025
RailCargo;Milan;Truck;7624;290.0;2763.71;3;94.7;29.02.2016
ShipLine;Zurich;Truck;16872;1136.7;6035.44;5;378.5;12.08.2019
RailCargo;Zagreb;Truck;14863;1067.4;6451.8;4;432.9;19.07.2022
CargoOne;Ljubljana;Train;14663;1389.1;10497.95;6;1606.5;27.04.2021
BlueLogistics;Bratislava;Plane;10911;1929.6;45729.71;2;23523.3;06.06.2018
MoveIt;Vienna;Train;7842;1023.4;9272.83;2;1653.1;04.08.2020
TransMax;Frankfurt;Truck;7671;919.5;4338.79;4;294.5;03.08.2018
SkyCargo;Frankfurt;Plane;13312;3812.1;146714.8;3;47752.5;31.05.2019
RoadRunner;Amsterdam;Train;26690;808.6;6163.75;5;1192.6;26.07.2017
MoveIt;Hamburg;Ship;50838;6311.9;24764.86;16;26391.5;20.08.2015
RailCargo;Berlin;Ship;47389;4597.1;25095.05;15;28135.1;22.03.2022
RailCargo;Zagreb;Truck;16349;1136.3;3825.84;5;473.3;08.09.2015
SkyCargo;Berlin;Ship;37850;7691.4;60372.88;21;33001.8;28.01.2017
CargoOne;Warsaw;Truck;12610;743.8;7001.88;4;254.7;20.10.2021
CargoOne;Berlin;Ship;83469;1975.3;15669.57;15;16295.1;23.02.2018
GlobalFreight;Copenhagen;Truck;20539;91.1;15069.72;1;25.0;08.01.2024
EuroTrans;Milan;Ship;13045;1817.8;11590.72;8;16148.1;14.10.2023
EuroTrans;Prague;Truck;8635;525.5;3213.66;4;202.7;05.02.2019
RailCargo;Warsaw;Plane;14094;3303.1;66914.33;4;38644.7;04.11.2018
ShipLine;Zagreb;Truck;13873;148.0;3718.1;3;47.7;24.02.2023
RoadRunner;Frankfurt;Truck;22958;803.5;6007.74;4;351.9;08.03.2022
TransMax;Amsterdam;Truck;16230;888.0;8774.7;4;285.7;20.02.2022
RailCargo;Dresden;Ship;140394;1260.9;7381.42;11;12673.3;19.12.2015
NorthWind;Zurich;Truck;444;573.5;4047.1;2;117.2;10.03.2022
BlueLogistics;Ljubljana;Truck;3431;1138.1;5636.59;4;348.6;05.05.2016
TransMax;Frankfurt;Train;43667;1604.8;8245.43;5;1954.6;30.05.2022
RoadRunner;Milan;Ship;93817;2939.5;23261.06;11;15979.0;28.08.2017
ShipLine;Prague;Train;51369;557.2;10545.5;3;1122.1;25.05.2022
HeavyLift;Bratislava;Truck;19235;1190.9;7383.48;4;434.5;27.07.2016
MoveIt;Warsaw;Train;76408;2033.3;14322.48;6;4101.2;17.02.2015
SkyCargo;Amsterdam;Train;63171;1798.7;14368.62;4;3769.9;13.08.2020
BlueLogistics;Hamburg;Train;44477;1654.0;22564.62;4;3226.3;31.12.2016
TransMax;Copenhagen;Truck;13732;677.4;6542.11;3;193.2;02.04.2022
ShipLine;Prague;Truck;9565;1042.8;10224.35;3;341.9;05.04.2022
QuickCargo;Bratislava;Truck;1144;188.9;1613.47;3;71.8;10.06.2020
MoveIt;Zurich;Plane;2382;5932.7;126452.67;4;53508.7;05.07.2021
SkyCargo;Ljubljana;Truck;15312;1060.4;5252.75;4;411.8;09.10.2022
BlueLogistics;Warsaw;Truck;5225;719.8;4741.33;3;237.5;24.03.2019
QuickCargo;Hamburg;Truck;5613;630.0;8175.35;2;227.0;18.09.2018
QuickCargo;Frankfurt;Truck;19304;793.1;10542.17;3;224.8;17.06.2020
GlobalFreight;Frankfurt;Train;70194;713.9;8393.96;5;1617.3;08.10.2022
ShipLine;Zurich;Truck;5883;191.8;4628.77;2;70.3;21.05.2023
FastMove;Prague;Train;26503;255.6;11838.59;1;268.6;23.05.2022
ShipLine;Paris;Plane;2850;3050.9;64405.07;3;21152.0;04.06.2024
SkyCargo;Zagreb;Ship;130537;5820.5;22490.83;17;51520.8;18.01.2025
EuroTrans;Frankfurt;Truck;12140;790.6;4658.09;4;294.4;26.04.2018
TransMax;Copenhagen;Train;22454;1270.8;6317.87;5;1827.4;08.05.2017
SkyCargo;Dresden;Truck;3762;1198.8;6674.94;4;283.1;12.11.2019
RoadRunner;Copenhagen;Truck;16609;669.7;4993.27;4;204.0;24.03.2018
RoadRunner;Amsterdam;Truck;4435;272.5;7541.21;1;78.5;17.03.2021
CargoOne;Ljubljana;Plane;4677;5316.5;126691.3;4;61059.3;16.05.2017
MoveIt;Budapest;Train;35313;1325.2;10339.85;6;1736.8;05.10.2024
CargoOne;Paris;Truck;19165;379.1;5337.76;3;124.1;27.07.2024
QuickCargo;Zurich;Truck;14855;275.4;5680.33;3;87.2;25.04.2022
RailCargo;Munich;Truck;23736;1102.9;5252.32;5;340.0;10.02.2019
MoveIt;Bratislava;Truck;21377;1116.5;14036.87;3;445.7;12.05.2015
CargoOne;Budapest;Truck;21389;300.3;14924.67;1;114.1;26.09.2016
CargoBridge;Hamburg;Train;58727;1361.2;15599.05;5;2069.8;06.09.2018
FastMove;Munich;Truck;22557;533.5;9857.49;3;239.5;13.09.2019
RailCargo;Prague;Plane;6628;5608.6;71396.18;4;58462.2;03.02.2020
CargoOne;Zagreb;Truck;21209;315.9;6877.58;2;118.1;07.10.2017
FastMove;Munich;Train;41957;1542.0;14666.16;4;2502.3;13.10.2024
CargoOne;Milan;Truck;2514;279.4;2004.12;3;91.2;22.09.2023
ShipLine;Bratislava;Plane;14621;5834.3;115620.3;5;56693.9;11.01.2023
GlobalFreight;Paris;Truck;21573;569.1;9765.92;2;182.1;15.08.2020
EuroTrans;Paris;Train;48271;2376.8;8027.54;7;5136.1;28.05.2021
CargoBridge;Bratislava;Truck;12297;1004.7;5905.37;5;404.2;23.09.2025
MoveIt;Milan;Truck;11222;1019.9;6996.02;3;270.2;06.04.2015
NorthWind;Amsterdam;Train;22783;1168.9;12686.13;4;1891.4;31.03.2018
TransMax;Dresden;Truck;19516;421.1;9899.02;2;174.1;14.03.2024
BlueLogistics;Hamburg;Ship;57325;1973.9;10544.08;11;14222.9;01.08.2015
NorthWind;Ljubljana;Ship;25315;7804.7;60871.77;17;49655.9;25.01.2023
MoveIt;Milan;Truck;21641;1190.8;11490.86;4;442.0;21.12.2018
MoveIt;Ljubljana;Train;58576;445.6;16668.68;2;670.6;17.02.2022
BlueLogistics;Dresden;Train;16322;1021.8;10935.1;4;1046.5;30.09.2017
CargoBridge;Bratislava;Truck;1651;553.9;2554.39;3;167.8;17.01.2015
SkyCargo;Vienna;Truck;4255;607.1;3228.24;4;206.1;18.06.2023
FastMove;Vienna;Truck;13663;1111.1;13418.68;3;399.2;18.04.2015
QuickCargo;Frankfurt;Truck;15003;475.8;5438.55;3;174.3;27.10.2023
CargoBridge;Amsterdam;Ship;82802;4527.6;21894.74;13;20157.7;14.07.2021
RailCargo;Bratislava;Train;43982;1191.8;7527.84;5;1379.1;09.06.2021
CargoBridge;Ljubljana;Train;27090;435.5;4852.4;4;556.0;10.08.2023
CargoBridge;Vienna;Truck;10672;1033.5;5678.14;3;348.4;10.08.2019
QuickCargo;Warsaw;Plane;11527;1741.3;82447.96;2;22505.5;13.05.2020
ShipLine;Ljubljana;Truck;12572;180.6;4451.09;3;45.6;25.11.2025
EuroTrans;Paris;Train;33976;650.5;9822.02;3;982.0;13.02.2025
QuickCargo;Prague;Train;26000;1572.6;10187.71;5;2069.2;13.03.2016
RailCargo;Dresden;Train;26844;2102.6;6014.27;7;3513.9;22.05.2025
FastMove;Berlin;Plane;471;1430.1;78959.17;2;9632.4;14.12.2018
QuickCargo;Zagreb;Truck;1465;902.8;6212.82;3;207.7;14.01.2025
ShipLine;Milan;Truck;10684;275.8;5617.55;2;88.9;31.07.2018
EuroTrans;Brussels;Ship;160592;878.9;8594.68;9;7033.3;22.03.2025
SkyCargo;Hamburg;Train;35324;1853.9;17371.66;5;2182.2;02.02.2025
RailCargo;Paris;Train;39996;385.9;11362.7;2;431.0;13.03.2017
FastMove;Budapest;Truck;21110;636.5;4532.04;4;237.0;13.10.2016
ShipLine;Bratislava;Truck;16610;832.0;6465.08;4;266.4;16.09.2018
CargoBridge;Dresden;Truck;7160;604.7;4514.61;3;155.5;14.01.2024
RoadRunner;Hamburg;Train;35381;813.6;13665.92;3;1578.0;01.08.2021
MoveIt;Berlin;Truck;16178;72.8;9722.7;1;25.4;01.06.2016
HeavyLift;Prague;Train;28680;493.1;4760.69;5;606.9;25.06.2021
EuroTrans;Zagreb;Truck;5069;648.6;4008.59;3;210.9;12.04.2015
MoveIt;Budapest;Train;65544;1120.5;20535.95;3;2054.0;05.11.2015
TransMax;Milan;Truck;4080;317.0;2394.7;4;86.5;27.12.2019
SkyCargo;Copenhagen;Train;51963;298.7;12172.55;2;611.1;10.02.2023
RailCargo;Dresden;Truck;16931;974.3;6032.09;4;419.7;08.10.2018
ShipLine;Warsaw;Truck;6853;1140.4;5867.55;3;396.2;18.06.2018
HeavyLift;Vienna;Truck;18019;733.7;9669.07;3;281.5;13.05.2022
MoveIt;Dresden;Truck;17619;1091.0;7817.45;5;462.0;03.02.2016
SkyCargo;Amsterdam;Train;17505;241.8;3111.61;4;246.1;22.02.2022
CargoBridge;Budapest;Plane;3445;535.0;30971.96;2;6356.4;26.01.2017
EuroTrans;Frankfurt;Truck;7684;382.3;3622.54;4;153.2;31.03.2024
EuroTrans;Berlin;Ship;63615;4548.8;21852.05;14;18275.0;31.03.2021
SkyCargo;Milan;Truck;3429;787.9;6475.04;3;272.8;19.04.2020
FastMove;Brussels;Truck;21454;790.8;9018.37;3;314.9;01.02.2025
RailCargo;Frankfurt;Truck;21103;284.7;6648.3;3;113.9;20.03.2023
CargoBridge;Brussels;Truck;725;254.6;3564.61;2;60.9;12.10.2016
SkyCargo;Hamburg;Train;9867;2326.5;14258.85;6;2835.7;07.06.2023
GlobalFreight;Berlin;Train;1799;602.3;4982.83;4;655.2;22.06.2017
CargoOne;Warsaw;Train;4127;805.5;4856.68;5;894.6;13.02.2018
FastMove;Dresden;Plane;3565;4024.2;58848.32;3;35197.2;27.08.2022
FastMove;Prague;Truck;7364;865.5;3822.22;4;309.9;08.11.2024
EuroTrans;Berlin;Train;70975;2064.5;14526.85;6;4020.1;08.03.2025
FastMove;Ljubljana;Ship;269569;5568.4;51439.96;16;35967.2;16.09.2019
ShipLine;Amsterdam;Truck;20589;365.9;5697.91;3;115.8;05.01.2019
RoadRunner;Frankfurt;Ship;37352;2117.9;12828.11;14;19709.7;03.06.2019
QuickCargo;Copenhagen;Truck;2342;171.3;3152.45;2;50.8;15.10.2016
BlueLogistics;Zurich;Truck;12927;836.8;6644.97;4;246.0;16.05.2022
HeavyLift;Brussels;Plane;147;4893.3;75041.21;4;36830.5;22.10.2022
CargoOne;Warsaw;Truck;13350;204.5;4795.39;2;73.0;05.02.2020
MoveIt;Milan;Ship;219166;4408.2;25898.03;16;43583.5;23.10.2022
RoadRunner;Brussels;Plane;2186;5379.4;97167.95;5;34988.1;29.11.2017
QuickCargo;Paris;Train;31387;2271.2;16041.57;6;2931.0;03.09.2023
ShipLine;Vienna;Truck;1269;526.0;4950.08;3;164.9;21.06.2024
NorthWind;Ljubljana;Train;16135;341.9;6628.65;3;602.9;03.07.2025
NorthWind;Vienna;Train;9165;2046.2;13009.19;5;2564.6;01.04.2017
HeavyLift;Vienna;Truck;11212;1030.3;4838.69;4;386.4;20.01.2020
TransMax;Bratislava;Truck;21361;1126.9;10785.62;4;471.4;31.12.2016
NorthWind;Ljubljana;Truck;22000;577.1;13829.1;2;203.4;06.02.2024
HeavyLift;Dresden;Plane;12246;5037.2;75809.79;4;42707.2;20.12.2020
RoadRunner;Amsterdam;Ship;246702;1400.6;19800.13;8;15403.2;02.10.2020
NorthWind;Zagreb;Train;8307;2423.6;13684.91;7;2983.4;01.12.2016
SkyCargo;Warsaw;Ship;92659;3640.5;16950.22;16;34213.5;16.07.2024
MoveIt;Warsaw;Plane;566;1444.4;66409.92;1;13021.2;19.11.2024
RoadRunner;Budapest;Truck;20087;656.7;6963.66;4;229.5;02.01.2022
MoveIt;Zagreb;Plane;4029;5622.5;160035.43;4;53361.3;12.02.2025
CargoOne;Prague;Truck;17836;284.3;3278.07;3;82.1;14.05.2019
MoveIt;Budapest;Truck;9989;157.9;2145.02;3;48.4;02.08.2024
RoadRunner;Frankfurt;Train;59906;562.7;12577.06;4;1045.7;21.08.2021
CargoOne;Munich;Truck;19934;723.8;11052.15;3;300.7;11.07.2015
NorthWind;Dresden;Truck;5617;1012.7;7082.92;4;361.2;26.06.2016
ShipLine;Dresden;Truck;16141;832.3;8011.33;3;321.3;14.02.2017
QuickCargo;Zagreb;Truck;8784;309.5;9553.7;1;112.6;16.11.2021
CargoOne;Dresden;Truck;4722;386.4;4702.45;3;112.0;24.10.2025
BlueLogistics;Warsaw;Truck;7876;353.2;5241.28;3;113.7;29.10.2021
CargoOne;Copenhagen;Train;40383;927.6;16079.17;3;1243.7;21.01.2018
FastMove;Hamburg;Ship;233602;1776.9;17228.0;9;19228.8;16.01.2017
BlueLogistics;Berlin;Plane;11051;4718.8;95053.47;4;50277.2;26.02.2017
QuickCargo;Bratislava;Train;2471;966.2;7667.13;3;1542.1;01.09.2015
GlobalFreight;Munich;Truck;17035;615.5;9144.6;3;214.6;12.08.2023
RailCargo;Warsaw;Truck;18015;777.2;6193.26;4;300.3;14.02.2024
RoadRunner;Paris;Truck;5659;98.1;1720.91;3;21.6;14.11.2019
TransMax;Ljubljana;Train;55361;1481.1;14139.12;5;1951.8;08.01.2015
MoveIt;Paris;Truck;15874;868.3;8905.71;3;222.8;03.08.2024
EuroTrans;Berlin;Truck;7190;820.8;3879.13;4;308.2;27.07.2015
RoadRunner;Munich;Ship;63907;7180.3;31102.39;22;65803.3;17.06.2024
CargoBridge;Frankfurt;Truck;3803;170.8;2060.45;3;39.6;09.10.2019
GlobalFreight;Zurich;Plane;14319;4893.3;127477.01;4;47302.7;01.09.2021
GlobalFreight;Milan;Truck;15854;305.4;13992.58;1;103.5;24.05.2018
EuroTrans;Munich;Plane;860;4594.0;133182.44;4;44784.1;17.07.2017
ShipLine;Vienna;Train;63687;2351.1;17538.43;5;3602.2;23.12.2017
MoveIt;Budapest;Plane;6440;5578.7;77615.2;4;44870.1;29.12.2017
EuroTrans;Munich;Ship;17034;6830.0;28807.29;15;52220.0;13.09.2025
CargoOne;Vienna;Truck;14514;119.7;2424.55;3;45.6;24.01.2023
BlueLogistics;Prague;Truck;20235;175.7;17887.16;1;58.0;28.02.2019
HeavyLift;Munich;Truck;16429;940.7;12312.51;3;299.9;07.12.2025
CargoBridge;Warsaw;Ship;136240;7548.6;48582.64;24;63960.1;10.12.2015
NorthWind;Bratislava;Truck;18634;1052.0;7055.99;4;384.7;15.03.2025
NorthWind;Warsaw;Train;44383;1714.8;11812.38;6;2199.0;22.05.2018
NorthWind;Warsaw;Train;17200;435.3;3941.7;4;485.9;03.08.2024
RailCargo;Budapest;Truck;21791;777.8;17879.81;2;223.9;26.03.2017
QuickCargo;Paris;Train;47748;549.3;7287.12;4;782.5;03.03.2023
GlobalFreight;Bratislava;Ship;78470;3578.2;13916.05;10;17452.8;29.08.2024
TransMax;Copenhagen;Ship;77880;7829.7;28077.71;20;68972.0;30.05.2025
TransMax;Zurich;Truck;1295;592.7;4583.2;3;224.5;19.11.2025
SkyCargo;Copenhagen;Train;54708;561.7;12988.67;3;843.6;09.12.2021
NorthWind;Dresden;Train;68746;2268.8;14034.18;7;4845.2;08.12.2023
SkyCargo;Frankfurt;Truck;13105;706.1;5306.46;4;217.3;20.11.2024
SkyCargo;Prague;Ship;176628;5868.3;43268.07;15;54261.9;03.03.2023
BlueLogistics;Vienna;Truck;2235;1024.1;8299.29;3;305.8;08.11.2015
ShipLine;Bratislava;Truck;2134;982.3;6843.56;4;236.2;18.11.2015
CargoBridge;Ljubljana;Ship;59789;7217.9;38337.91;18;45538.3;02.02.2017
GlobalFreight;Frankfurt;Train;904;1895.9;12133.2;6;2610.4;15.12.2017
RailCargo;Warsaw;Truck;3804;50.6;1339.84;3;15.2;23.12.2018
HeavyLift;Dresden;Plane;10587;2723.6;112182.27;3;31951.7;20.06.2015
CargoBridge;Frankfurt;Truck;1655;177.7;1401.76;3;60.5;31.05.2024
BlueLogistics;Prague;Truck;9735;183.4;4381.48;2;44.6;18.10.2025
CargoOne;Amsterdam;Train;15041;440.4;6761.17;2;737.5;02.08.2025
QuickCargo;Ljubljana;Truck;13772;120.2;2557.98;3;50.8;09.05.2017
EuroTrans;Dresden;Train;69162;1286.2;13875.38;5;2675.1;12.07.2022
GlobalFreight;Brussels;Plane;6480;4567.1;135185.93;4;54456.5;17.01.2023
RoadRunner;Warsaw;Truck;8774;916.0;8705.46;3;324.1;21.02.2016
RailCargo;Warsaw;Truck;22342;1074.6;5442.61;5;370.6;28.09.2015
RailCargo;Munich;Truck;8179;1183.6;8671.35;3;334.6;20.09.2024
CargoOne;Frankfurt;Ship;6744;2259.9;12835.45;15;15322.3;29.09.2020
NorthWind;Dresden;Train;9241;2168.4;12090.09;4;3169.5;22.07.2020
RailCargo;Dresden;Truck;9039;1001.1;7032.92;3;370.1;19.11.2023
FastMove;Zagreb;Ship;80578;3551.0;29499.8;15;24160.3;24.02.2025
TransMax;Brussels;Train;2397;652.1;7338.53;2;1003.4;15.10.2016
RoadRunner;Warsaw;Truck;19987;206.9;7655.92;2;60.8;03.04.2021
FastMove;Warsaw;Truck;19395;88.1;5191.94;2;23.5;05.12.2017
NorthWind;Bratislava;Ship;108531;5860.1;29609.17;16;48520.9;18.01.2025
EuroTrans;Munich;Train;22011;1238.6;13687.15;4;1426.6;26.01.2023
GlobalFreight;Paris;Ship;107327;813.1;9698.66;7;7702.7;21.01.2021
RailCargo;Warsaw;Truck;956;113.7;1708.09;2;31.5;25.06.2021
BlueLogistics;Prague;Train;5558;1866.1;11452.74;4;2828.3;12.01.2024
CargoBridge;Ljubljana;Truck;8763;142.3;6101.86;1;36.0;14.10.2025
HeavyLift;Amsterdam;Ship;253880;5799.8;29927.79;13;38112.1;21.11.2018
FastMove;Hamburg;Train;13329;1020.1;14099.29;3;1808.3;22.03.2022
QuickCargo;Vienna;Truck;4873;657.2;4660.8;3;242.0;12.09.2021
RailCargo;Munich;Ship;216118;6316.3;38154.6;20;48452.6;31.03.2020
ShipLine;Budapest;Truck;19750;1191.5;13436.1;3;394.3;28.02.2018
NorthWind;Frankfurt;Truck;8765;67.2;7692.46;1;22.6;01.03.2018
CargoBridge;Frankfurt;Ship;29768;5756.4;40429.52;18;51817.2;19.08.2020
FastMove;Budapest;Truck;23339;626.3;8230.28;3;284.8;05.01.2017
EuroTrans;Copenhagen;Ship;51321;4871.0;36352.15;20;34879.7;19.10.2021
TransMax;Zurich;Truck;5731;80.0;1621.94;3;29.3;17.11.2024
ShipLine;Warsaw;Ship;190745;4830.8;34101.94;18;30046.7;23.03.2015
NorthWind;Dresden;Ship;234306;1333.9;12361.98;12;13683.3;22.07.2020
HeavyLift;Budapest;Truck;8652;252.8;3284.97;3;95.1;11.04.2021
TransMax;Dresden;Truck;12962;417.4;4739.49;3;114.3;19.04.2021
QuickCargo;Zurich;Ship;14741;7532.4;40632.77;20;30763.4;01.09.2021
CargoBridge;Milan;Train;6493;1008.9;12013.39;3;1659.3;19.12.2024
RoadRunner;Ljubljana;Truck;8146;114.7;2313.56;3;42.5;26.12.2025
CargoOne;Zagreb;Plane;10248;5329.1;105605.3;4;44637.3;17.05.2021
ShipLine;Hamburg;Truck;856;182.0;1664.23;3;37.2;11.05.2017
FastMove;Frankfurt;Truck;7922;640.6;4594.25;3;205.4;11.11.2017
QuickCargo;Copenhagen;Train;49829;2190.0;8073.13;7;4134.0;19.02.2021
RoadRunner;Berlin;Truck;22975;185.2;19901.75;1;67.1;27.10.2020
RoadRunner;Milan;Truck;2148;789.0;3631.91;4;261.7;27.05.2019
CargoOne;Ljubljana;Train;64305;402.7;12258.52;3;663.8;05.03.2023
CargoBridge;Milan;Plane;10803;2675.4;95927.76;3;17727.6;28.10.2022
CargoBridge;Berlin;Ship;104633;1215.0;8291.33;10;9980.8;24.01.2021
ShipLine;Vienna;Train;12351;2169.4;9043.97;5;2342.6;26.04.2023
GlobalFreight;Zurich;Truck;3542;728.2;4670.93;4;188.1;12.02.2020
NorthWind;Hamburg;Ship;210186;4982.1;24237.96;17;41103.0;12.03.2019
EuroTrans;Milan;Train;8053;2087.0;12186.53;6;1856.9;24.04.2015
HeavyLift;Budapest;Ship;131298;2853.3;17457.32;15;24093.9;13.04.2016
SkyCargo;Bratislava;Truck;23971;507.2;9592.39;2;154.7;03.09.2020
ShipLine;Dresden;Train;50266;688.1;20012.14;2;822.4;11.10.2018
SkyCargo;Bratislava;Truck;10924;700.5;5643.1;3;206.1;09.07.2023
BlueLogistics;Brussels;Train;4146;691.8;5146.18;4;1105.5;13.03.2015
ShipLine;Brussels;Truck;1696;367.6;3915.74;2;80.6;25.06.2024
QuickCargo;Berlin;Ship;159043;1912.1;18539.18;11;15815.9;08.12.2023
CargoBridge;Warsaw;Train;68842;1621.7;15605.3;5;2417.2;09.08.2023
CargoBridge;Amsterdam;Ship;204875;5878.1;41182.59;17;31658.7;23.03.2023
CargoOne;Prague;Ship;98788;7048.1;55660.81;20;60056.4;03.07.2017
HeavyLift;Hamburg;Truck;8898;481.2;8056.98;2;144.2;07.11.2020
ShipLine;Copenhagen;Truck;13776;750.5;4717.1;4;288.2;05.02.2017
CargoOne;Frankfurt;Truck;8068;853.4;3923.07;5;269.2;24.07.2024
HeavyLift;Brussels;Ship;119242;5304.0;38354.96;15;31703.3;26.12.2015
EuroTrans;Dresden;Truck;2223;255.0;2943.92;2;90.9;10.08.2023
CargoOne;Ljubljana;Truck;11046;115.2;3531.08;2;36.8;13.07.2016
EuroTrans;Ljubljana;Ship;224899;5153.4;27535.66;17;27620.8;09.08.2015
RoadRunner;Copenhagen;Truck;6807;639.8;4708.55;4;203.2;23.10.2019
RoadRunner;Ljubljana;Plane;3268;4759.7;94863.59;4;58884.5;25.02.2022
QuickCargo;Vienna;Train;20276;2491.4;12960.13;5;4830.5;01.05.2023
SkyCargo;Warsaw;Truck;6287;1034.4;4683.83;4;373.0;07.12.2025
QuickCargo;Prague;Truck;18996;291.7;5309.14;3;121.7;02.10.2015
BlueLogistics;Zurich;Truck;12206;940.4;9235.32;3;261.2;18.06.2023
BlueLogistics;Munich;Train;58463;2445.5;8814.43;7;4796.0;23.12.2017
QuickCargo;Dresden;Ship;285292;1632.9;24133.15;6;15030.1;25.10.2024
CargoOne;Dresden;Train;79531;2439.8;9199.96;7;5153.5;24.10.2025
ShipLine;Warsaw;Truck;9760;684.5;5916.74;4;172.4;31.01.2022
HeavyLift;Prague;Plane;12609;5535.7;79288.34;5;44613.2;01.06.2024
RoadRunner;Berlin;Truck;1334;1054.5;8035.55;3;254.2;11.03.2023
ShipLine;Ljubljana;Plane;9605;3540.0;68531.07;3;35510.9;18.07.2020
RailCargo;Munich;Truck;8363;753.1;5568.77;4;191.4;12.06.2018
GlobalFreight;Amsterdam;Truck;21214;477.1;10372.84;2;200.2;18.05.2025
QuickCargo;Berlin;Train;73985;1588.6;10006.94;6;2182.5;10.03.2019
SkyCargo;Dresden;Train;5974;2300.1;7955.23;5;2728.7;23.04.2019
RailCargo;Berlin;Truck;10320;1000.5;10221.08;3;272.1;04.12.2019
TransMax;Vienna;Truck;21349;532.7;6349.73;4;204.0;20.07.2025
ShipLine;Amsterdam;Truck;4933;1009.1;9661.74;3;232.7;05.05.2015
RoadRunner;Zurich;Plane;9479;5094.2;78223.55;4;55533.8;11.02.2015
MoveIt;Zagreb;Truck;2598;1013.6;7073.14;3;388.2;22.07.2023
GlobalFreight;Prague;Truck;5529;581.9;3248.07;4;211.2;20.11.2024
ShipLine;Munich;Truck;10477;1034.9;5432.9;4;300.7;08.11.2022
EuroTrans;Zagreb;Truck;11785;453.0;4332.03;3;162.0;04.10.2024
EuroTrans;Budapest;Train;67285;2095.0;21839.36;5;3530.8;14.05.2017
RailCargo;Munich;Truck;23512;144.8;20003.87;1;46.8;07.08.2016
HeavyLift;Dresden;Ship;185076;6037.1;44553.82;22;61526.5;21.05.2019
SkyCargo;Ljubljana;Plane;865;4897.0;117335.49;4;26430.3;27.07.2024
MoveIt;Zagreb;Ship;269011;6533.5;33509.32;21;60612.2;03.06.2018
FastMove;Amsterdam;Truck;5686;1038.2;3415.57;5;260.6;25.06.2019
CargoBridge;Zurich;Truck;20384;772.1;7712.88;3;319.1;15.10.2023
RailCargo;Frankfurt;Truck;2548;924.6;6398.82;4;263.9;01.09.2024
MoveIt;Vienna;Truck;4530;1049.5;9635.16;3;411.4;04.07.2020
TransMax;Budapest;Truck;10255;580.0;6457.09;3;228.5;08.12.2024
BlueLogistics;Brussels;Train;17337;1363.7;14836.19;3;2603.1;30.05.2022
CargoBridge;Ljubljana;Train;12479;1492.5;9125.62;4;2373.4;31.05.2018
TransMax;Vienna;Truck;18650;590.9;6995.76;3;169.0;11.07.2019
TransMax;Prague;Truck;18597;666.8;8437.42;2;189.0;04.04.2018
QuickCargo;Zagreb;Train;14800;1148.8;8686.84;5;1375.2;23.02.2015
GlobalFreight;Berlin;Truck;13658;987.1;6270.83;5;260.3;10.08.2023
CargoBridge;Milan;Truck;8482;411.9;3538.12;3;120.9;30.09.2020
RoadRunner;Ljubljana;Truck;12011;979.5;16343.87;2;379.6;11.02.2016
CargoOne;Frankfurt;Truck;10679;1045.9;9025.33;3;394.7;04.12.2021
CargoBridge;Hamburg;Truck;19604;508.4;8432.49;3;168.5;16.12.2018
HeavyLift;Milan;Train;60046;1562.5;15770.22;4;2277.2;23.02.2025
MoveIt;Paris;Train;33220;310.4;7273.97;3;335.1;11.10.2016
RoadRunner;Copenhagen;Train;21198;1983.2;12708.98;5;2652.9;28.09.2020
GlobalFreight;Prague;Truck;1793;531.7;4991.83;3;138.8;16.04.2016
CargoOne;Budapest;Ship;14010;5970.5;19620.13;14;42499.7;12.10.2015
BlueLogistics;Budapest;Truck;19636;328.2;5211.64;3;111.3;03.09.2019
SkyCargo;Copenhagen;Truck;9088;1161.4;4899.39;5;293.6;01.06.2021
TransMax;Vienna;Truck;2732;1079.9;6729.83;4;275.2;22.02.2025
RailCargo;Berlin;Plane;925;2807.2;145479.06;2;19050.8;02.11.2022
QuickCargo;Bratislava;Truck;21740;914.0;5792.06;4;372.9;28.09.2015
QuickCargo;Vienna;Truck;20215;559.5;7516.51;3;154.1;03.06.2015
BlueLogistics;Munich;Truck;20585;1071.7;11925.93;3;353.2;25.02.2016
CargoOne;Bratislava;Truck;9127;1005.3;6227.13;5;279.0;30.06.2019
BlueLogistics;Dresden;Train;18964;1532.7;6461.35;5;1503.1;17.11.2017
QuickCargo;Zagreb;Train;44884;1801.8;10917.56;5;3770.4;23.09.2018
HeavyLift;Warsaw;Truck;19782;170.3;4324.72;3;73.1;27.07.2023
CargoOne;Brussels;Train;21293;1501.1;18938.99;3;1725.2;02.03.2015
GlobalFreight;Prague;Train;63881;2419.0;16735.21;7;5499.9;13.01.2022
TransMax;Warsaw;Ship;286682;6657.3;47372.73;20;41255.0;14.05.2015
CargoBridge;Amsterdam;Ship;192507;2492.0;19165.55;14;22221.1;30.05.2017
QuickCargo;Prague;Train;12257;2131.4;14697.31;5;3202.8;16.08.2018
CargoBridge;Ljubljana;Truck;8396;125.2;7139.32;1;32.7;29.01.2025
RailCargo;Warsaw;Ship;179568;4712.4;19967.39;13;50777.2;03.04.2020
RailCargo;Copenhagen;Truck;10676;57.3;3657.08;2;19.9;06.03.2016
ShipLine;Zagreb;Truck;13088;950.1;8526.42;4;287.4;28.12.2020
TransMax;Vienna;Truck;4268;446.0;3664.62;3;118.9;09.03.2021
TransMax;Brussels;Ship;267372;1330.4;10052.74;14;10386.2;20.02.2020
RailCargo;Zagreb;Train;853;1603.7;15334.72;4;2481.5;28.11.2015
RailCargo;Copenhagen;Train;47396;415.5;18935.13;2;488.7;15.08.2016
TransMax;Zurich;Truck;19768;1155.6;9026.03;5;392.9;24.05.2021
CargoBridge;Ljubljana;Truck;18741;541.3;4528.05;4;147.0;14.01.2024
CargoBridge;Warsaw;Truck;8618;1168.5;10249.23;3;318.5;03.10.2019
HeavyLift;Berlin;Truck;15816;700.5;8453.33;2;246.6;15.10.2015
CargoBridge;Warsaw;Truck;20944;459.8;4076.47;4;128.6;16.09.2022
NorthWind;Zagreb;Train;3147;1608.6;13004.4;5;2531.7;02.09.2022
MoveIt;Zurich;Plane;422;5564.2;60731.69;4;35798.9;28.11.2023
EuroTrans;Hamburg;Train;46048;1669.7;14111.65;4;2324.1;23.03.2017
TransMax;Dresden;Truck;15982;1093.6;8544.11;3;368.9;06.09.2021
RailCargo;Paris;Plane;11536;5071.1;146534.47;4;62375.1;14.07.2025
HeavyLift;Copenhagen;Truck;2079;493.2;3434.56;3;190.1;25.08.2016
HeavyLift;Hamburg;Truck;21080;898.4;6151.97;4;333.7;25.08.2021
ShipLine;Paris;Truck;16083;427.8;5650.85;3;172.9;08.08.2017
EuroTrans;Brussels;Train;31721;1283.8;16644.58;4;1889.8;07.02.2025
CargoOne;Vienna;Truck;17082;1081.2;5085.44;4;437.2;10.10.2018
RoadRunner;Munich;Truck;23529;1161.0;7684.78;5;372.0;08.11.2022
RailCargo;Dresden;Truck;3858;351.0;5983.16;1;128.1;03.04.2024
RailCargo;Milan;Truck;7151;802.2;5177.87;3;314.2;23.11.2021
TransMax;Hamburg;Truck;18006;440.2;12601.82;2;136.2;03.05.2019
MoveIt;Berlin;Truck;23718;1180.4;5607.11;5;445.6;06.04.2019
MoveIt;Ljubljana;Train;25765;375.5;4033.65;4;561.1;20.06.2021
HeavyLift;Berlin;Train;61524;2117.0;14143.9;7;3789.4;27.11.2015
NorthWind;Ljubljana;Train;65623;2266.9;14839.79;7;3879.8;22.11.2022
SkyCargo;Prague;Plane;7021;5727.4;66769.69;4;54865.1;29.12.2025
BlueLogistics;Brussels;Truck;324;219.4;4394.5;1;52.1;08.09.2017
RailCargo;Zurich;Train;44012;619.6;6847.11;4;1209.2;05.02.2024
FastMove;Munich;Truck;19764;1085.8;6830.17;4;329.4;23.02.2016
HeavyLift;Amsterdam;Truck;18925;784.2;11576.3;3;262.2;25.06.2019
BlueLogistics;Budapest;Truck;3545;975.1;9320.57;3;222.5;06.07.2017
CargoOne;Dresden;Truck;2980;418.5;8210.28;1;90.6;12.01.2020
GlobalFreight;Zurich;Train;78779;1305.3;19388.32;3;1957.9;04.10.2015
NorthWind;Frankfurt;Plane;13534;5881.2;63996.74;5;44266.3;25.03.2024
FastMove;Budapest;Truck;19759;751.0;12362.56;2;222.8;20.01.2021
QuickCargo;Zagreb;Train;31863;662.6;11262.9;3;725.1;17.12.2021
CargoBridge;Ljubljana;Ship;191548;1300.1;11065.91;8;11901.7;22.03.2025
EuroTrans;Ljubljana;Train;64714;428.4;12868.03;3;836.1;26.12.2020
CargoOne;Dresden;Truck;11266;884.6;6222.27;4;282.2;20.02.2021
QuickCargo;Dresden;Truck;3824;860.0;8974.26;2;262.0;23.05.2018
CargoOne;Milan;Truck;13046;422.7;5119.83;3;104.5;31.10.2018
RailCargo;Zurich;Plane;14402;5512.0;119652.03;4;40047.8;11.02.2015
TransMax;Vienna;Truck;16401;836.5;6231.35;5;213.5;25.02.2025
NorthWind;Brussels;Truck;5831;743.8;2905.03;4;184.9;22.05.2019
GlobalFreight;Hamburg;Truck;18383;275.1;5199.57;2;106.1;20.12.2017
FastMove;Frankfurt;Truck;14183;367.6;5108.52;3;101.3;21.02.2024
EuroTrans;Zurich;Truck;20867;894.1;7876.58;4;316.4;15.12.2023
BlueLogistics;Munich;Ship;272219;1433.4;25181.41;6;16761.2;24.03.2022
TransMax;Munich;Train;71633;710.6;20843.54;2;1145.6;16.12.2025
NorthWind;Ljubljana;Ship;127012;5178.5;35138.25;20;53003.3;02.12.2025
FastMove;Paris;Ship;243759;3874.2;21696.53;12;25476.3;18.07.2016
TransMax;Ljubljana;Truck;23479;890.3;9505.17;4;364.4;01.04.2023
RoadRunner;Zagreb;Truck;931;384.4;5280.82;2;111.0;13.03.2015
CargoBridge;Budapest;Train;18426;418.7;6487.6;3;694.2;03.06.2022
TransMax;Hamburg;Truck;5576;649.6;6430.34;3;149.6;19.02.2018
CargoBridge;Milan;Train;19833;2426.5;10231.63;6;3403.8;25.03.2025
MoveIt;Amsterdam;Plane;3127;5956.0;79496.79;4;37752.2;01.05.2024
EuroTrans;Vienna;Plane;11040;544.0;33699.07;2;4231.0;19.02.2021
HeavyLift;Prague;Train;47068;227.7;15416.69;2;328.3;14.03.2024
EuroTrans;Zagreb;Plane;9922;5470.2;89531.26;5;53743.3;04.02.2018
TransMax;Amsterdam;Truck;5534;587.8;6527.91;3;156.5;14.12.2017
HeavyLift;Amsterdam;Plane;6303;3189.5;68476.1;4;21881.8;11.08.2022
GlobalFreight;Zurich;Ship;90335;2875.4;15601.28;15;27800.3;17.02.2019
RoadRunner;Dresden;Truck;20738;939.4;7959.59;4;382.1;11.03.2016
BlueLogistics;Prague;Truck;22353;970.7;5300.24;4;343.1;07.10.2018
TransMax;Warsaw;Truck;3591;294.9;3701.37;2;98.2;19.02.2025
HeavyLift;Copenhagen;Train;52834;1535.3;10757.34;6;2425.3;30.10.2022
RailCargo;Prague;Truck;14024;82.3;3488.27;2;24.5;16.02.2025
BlueLogistics;Berlin;Train;18952;457.3;8147.81;3;534.1;31.03.2024
ShipLine;Zurich;Plane;12607;2141.6;42545.65;3;24627.0;09.02.2018
RoadRunner;Paris;Truck;12113;1124.6;5995.29;4;434.6;15.09.2018
SkyCargo;Ljubljana;Truck;11224;735.8;4370.4;4;197.6;03.10.2015
QuickCargo;Dresden;Train;74183;1723.1;12590.19;5;3953.1;17.11.2022
GlobalFreight;Milan;Truck;17154;1084.1;5970.53;4;339.3;25.09.2019
RoadRunner;Warsaw;Ship;295676;4149.1;26147.63;17;25459.2;12.12.2025
RailCargo;Berlin;Train;20834;230.4;5602.16;2;335.0;05.06.2021
CargoOne;Amsterdam;Truck;16426;944.0;11228.55;3;342.8;07.08.2018
EuroTrans;Munich;Train;44735;346.5;12491.27;2;534.2;28.11.2021
BlueLogistics;Zagreb;Truck;23852;741.5;7242.06;4;299.3;21.01.2018
BlueLogistics;Berlin;Truck;4612;116.0;1783.83;3;42.9;31.12.2021
RoadRunner;Zagreb;Train;75423;621.0;11752.58;5;1038.1;14.09.2020
TransMax;Paris;Truck;12206;1157.1;11722.53;3;479.1;06.09.2021
TransMax;Zagreb;Truck;20367;276.3;3405.96;4;114.6;04.12.2020
TransMax;Warsaw;Train;37252;293.9;6304.69;3;564.5;07.12.2016
RoadRunner;Vienna;Train;26080;1428.9;11955.98;4;1496.5;24.12.2019
RailCargo;Dresden;Truck;10478;993.5;6475.92;3;257.7;02.02.2018
EuroTrans;Warsaw;Truck;16537;875.4;9379.35;3;284.0;31.12.2022
TransMax;Brussels;Train;40934;2101.8;7536.32;6;2398.3;08.11.2022
HeavyLift;Budapest;Ship;171154;2440.2;24925.03;14;15545.7;02.03.2019
ShipLine;Warsaw;Plane;10842;5034.0;84613.25;5;36998.6;17.09.2016
CargoOne;Warsaw;Train;34147;2250.7;20428.06;4;4527.0;09.03.2025
RailCargo;Berlin;Truck;58;803.4;5117.24;2;184.2;09.09.2022
CargoOne;Warsaw;Truck;10705;673.2;6477.75;3;206.5;16.10.2022
EuroTrans;Zagreb;Truck;3959;873.7;7860.88;3;275.0;18.12.2024
RailCargo;Prague;Truck;3645;259.7;2592.47;2;87.4;22.04.2016
CargoOne;Berlin;Train;76939;2386.1;14916.87;7;3635.3;05.02.2015
QuickCargo;Hamburg;Truck;3725;1075.7;4853.61;5;369.9;28.11.2021
BlueLogistics;Bratislava;Train;37697;1333.3;12475.49;5;2033.7;18.12.2021
EuroTrans;Copenhagen;Train;76530;1734.6;17656.81;5;2527.8;22.11.2015
RailCargo;Bratislava;Truck;20610;501.9;10700.34;2;174.2;26.11.2015
SkyCargo;Dresden;Truck;16546;1159.8;6410.84;5;475.7;07.04.2024
EuroTrans;Zurich;Truck;16640;784.1;5396.85;4;212.5;12.10.2019
BlueLogistics;Paris;Truck;22734;422.2;4613.91;3;138.7;18.11.2018
HeavyLift;Warsaw;Truck;6580;665.8;6790.1;2;179.6;15.06.2018
ShipLine;Munich;Train;4735;2038.9;5202.76;7;2024.1;09.05.2018
HeavyLift;Prague;Truck;3110;1137.3;3884.98;5;395.7;25.01.2015
MoveIt;Paris;Train;4342;1651.1;10252.87;6;2161.3;11.04.2022
EuroTrans;Copenhagen;Plane;7167;5188.2;93533.32;4;57797.9;04.03.2017
HeavyLift;Frankfurt;Truck;10711;1068.1;9401.89;4;279.9;30.01.2015
BlueLogistics;Warsaw;Plane;3739;641.2;27937.25;2;4281.5;30.09.2020
GlobalFreight;Milan;Ship;173935;6646.1;29415.23;20;34577.1;18.10.2024
QuickCargo;Dresden;Ship;267419;881.0;27737.88;5;5288.2;18.05.2017
RoadRunner;Prague;Ship;168486;1192.7;12310.91;12;6466.7;06.11.2016
QuickCargo;Vienna;Truck;20575;263.9;6855.59;3;73.5;03.02.2018
CargoOne;Warsaw;Truck;4411;578.0;3190.71;3;125.5;16.02.2021
CargoBridge;Paris;Train;56881;329.9;7022.92;4;689.5;28.08.2016
MoveIt;Vienna;Truck;19424;1080.4;8078.92;5;339.0;26.02.2025
FastMove;Frankfurt;Ship;79877;6324.7;50314.65;18;30628.1;09.12.2023
FastMove;Ljubljana;Truck;6258;986.8;4190.22;4;253.1;10.04.2025
RailCargo;Milan;Train;78399;2270.1;12622.12;6;4818.1;16.02.2021
SkyCargo;Paris;Plane;3885;3216.1;81507.32;3;34613.2;31.03.2016
CargoBridge;Brussels;Truck;22926;794.7;9891.99;3;252.9;27.01.2023
HeavyLift;Milan;Train;37088;1794.5;20827.51;4;2160.8;26.03.2015
QuickCargo;Amsterdam;Truck;970;1066.7;3731.33;5;266.5;07.12.2015
ShipLine;Prague;Plane;14847;3213.6;130600.57;3;26314.2;26.02.2023
TransMax;Ljubljana;Train;64995;1493.5;15063.0;5;2729.2;09.08.2023
RailCargo;Paris;Truck;6752;1037.3;6965.29;3;262.8;02.10.2020
QuickCargo;Amsterdam;Truck;7497;230.1;2647.37;3;72.1;25.08.2016
TransMax;Hamburg;Train;19852;654.0;10175.37;2;840.7;16.02.2025
TransMax;Amsterdam;Plane;11608;2361.1;96398.42;3;26795.5;18.01.2016
SkyCargo;Paris;Truck;18628;606.7;6359.77;3;172.7;22.03.2023
SkyCargo;Warsaw;Train;1583;1361.1;5491.4;6;1921.9;21.07.2015
BlueLogistics;Frankfurt;Train;13641;1649.8;8460.12;4;3124.4;24.06.2019
CargoOne;Copenhagen;Truck;9090;310.7;2576.21;3;94.0;10.07.2021
MoveIt;Prague;Truck;16510;959.9;7633.59;3;326.1;11.04.2018
TransMax;Brussels;Train;76375;1596.2;16026.29;4;2440.8;19.12.2019
RoadRunner;Frankfurt;Plane;4412;841.1;36575.12;2;4712.5;29.11.2015
CargoBridge;Bratislava;Train;21375;696.1;11889.95;2;1006.5;11.08.2015
TransMax;Zurich;Ship;261913;4958.2;25868.29;16;28873.3;02.05.2018
CargoBridge;Bratislava;Truck;2246;163.1;1560.29;2;46.4;06.03.2016
EuroTrans;Vienna;Truck;10586;410.5;9043.59;2;152.8;17.11.2016
QuickCargo;Amsterdam;Truck;15744;819.8;7929.23;3;285.6;01.03.2021
EuroTrans;Copenhagen;Ship;165075;3032.6;22813.64;13;18996.8;21.06.2019
FastMove;Frankfurt;Train;42751;2112.4;10176.47;6;3493.1;02.07.2017
MoveIt;Dresden;Plane;269;1831.4;108018.81;2;14682.8;17.06.2025
RoadRunner;Budapest;Truck;16935;484.8;5148.22;4;130.1;14.01.2020
FastMove;Brussels;Train;27589;2094.7;21035.51;4;3701.8;17.02.2018
RailCargo;Ljubljana;Plane;555;1651.5;65488.24;2;12016.6;10.01.2020
QuickCargo;Berlin;Ship;16750;2782.1;18634.49;9;16204.2;15.12.2021
NorthWind;Warsaw;Train;36480;492.1;11573.21;2;1003.1;10.06.2016
HeavyLift;Munich;Plane;5438;726.8;68800.12;1;4358.7;01.06.2016
TransMax;Ljubljana;Train;51859;1134.5;15218.71;4;1815.0;19.11.2025
FastMove;Hamburg;Truck;5993;527.9;6210.82;2;132.6;31.10.2024
QuickCargo;Zurich;Truck;3361;432.3;4064.54;2;143.3;28.03.2020
CargoBridge;Budapest;Train;55650;1130.9;13251.33;4;2428.3;24.12.2015
ShipLine;Zurich;Truck;20551;679.7;5918.68;4;244.1;28.07.2021
MoveIt;Paris;Train;8304;2158.0;8618.99;6;2880.3;15.12.2023
RailCargo;Bratislava;Train;61046;664.6;18596.59;2;1047.3;08.09.2019
BlueLogistics;Warsaw;Truck;16616;1198.6;9847.64;3;460.9;28.02.2016
TransMax;Budapest;Truck;15112;672.5;9511.29;2;236.7;30.04.2018
NorthWind;Zagreb;Truck;3477;269.4;5029.51;2;84.3;30.11.2025
MoveIt;Brussels;Train;44859;775.1;13530.4;4;898.9;15.09.2018
ShipLine;Milan;Truck;14934;170.3;4311.03;2;46.2;01.07.2025
EuroTrans;Amsterdam;Truck;5593;854.1;10787.65;2;254.0;22.09.2016
BlueLogistics;Paris;Ship;99173;6957.8;46384.87;16;37074.2;13.09.2019
CargoBridge;Dresden;Truck;16359;723.7;14777.47;2;226.9;09.05.2019
CargoOne;Amsterdam;Ship;264129;5103.8;35690.88;15;40221.5;22.05.2018
HeavyLift;Amsterdam;Truck;3312;642.7;5237.31;3;213.6;04.12.2019
ShipLine;Prague;Train;45993;1325.4;11520.18;5;2601.9;16.03.2023
GlobalFreight;Berlin;Truck;12671;836.6;12879.11;2;238.6;04.09.2019
SkyCargo;Munich;Ship;153664;2441.2;18303.14;16;11349.4;25.08.2018
RoadRunner;Brussels;Truck;4570;469.7;5179.24;3;106.8;27.03.2018
SkyCargo;Paris;Truck;9256;502.4;6773.51;3;135.4;01.05.2021
RoadRunner;Zagreb;Train;58343;699.6;6961.31;5;1476.0;31.08.2015
QuickCargo;Milan;Train;54308;506.8;10987.26;4;1033.3;10.06.2020
FastMove;Hamburg;Ship;89376;956.2;9314.15;5;5259.6;26.04.2021
FastMove;Vienna;Train;2317;2098.7;10176.18;5;2896.2;31.10.2021
FastMove;Prague;Ship;50766;6464.4;21719.42;21;32960.6;11.07.2018
GlobalFreight;Dresden;Truck;6409;612.9;6311.7;3;161.3;08.01.2015
MoveIt;Zurich;Train;42368;1390.1;10786.14;4;2881.2;26.05.2017
RailCargo;Vienna;Ship;83446;5010.1;33218.42;16;43457.2;20.11.2024
EuroTrans;Paris;Truck;17887;1047.6;6566.64;5;337.5;20.10.2017
ShipLine;Zagreb;Plane;9721;4810.2;82447.7;4;41630.9;23.07.2025
ShipLine;Vienna;Ship;67412;5146.2;33099.24;15;27144.1;18.05.2021
SkyCargo;Munich;Ship;167686;3521.7;33639.58;15;22680.8;26.08.2025
CargoBridge;Berlin;Truck;15281;292.8;9462.68;2;114.5;13.01.2018
RoadRunner;Berlin;Truck;23126;776.9;14914.47;2;224.5;19.11.2015
CargoOne;Dresden;Train;61327;1428.7;10535.48;5;2039.7;27.12.2024
RoadRunner;Zurich;Truck;6355;280.4;3422.06;3;105.9;10.11.2025
RoadRunner;Milan;Ship;271890;5736.3;47758.09;13;51045.1;20.02.2017
RoadRunner;Bratislava;Truck;3615;304.4;3075.42;3;74.7;19.02.2018
RoadRunner;Zagreb;Truck;9703;453.3;4343.14;3;170.4;23.08.2015
EuroTrans;Dresden;Truck;3177;337.6;4338.52;2;72.9;19.07.2021
CargoBridge;Frankfurt;Truck;15653;1010.8;6377.0;4;280.5;19.09.2019
FastMove;Munich;Ship;92209;5328.0;39690.82;19;30407.6;30.11.2023
NorthWind;Ljubljana;Train;58404;1936.0;15642.64;6;2958.2;05.08.2020
TransMax;Berlin;Train;33912;1224.5;8833.75;6;1992.1;28.05.2020
QuickCargo;Hamburg;Plane;7872;4955.9;105206.02;4;42565.7;19.12.2024
BlueLogistics;Budapest;Train;4477;1023.3;6574.55;5;1650.0;07.07.2022
BlueLogistics;Copenhagen;Truck;113;542.5;2252.87;4;156.5;14.11.2018
HeavyLift;Munich;Truck;14378;293.8;13142.17;1;125.3;16.09.2023
HeavyLift;Ljubljana;Truck;19035;827.9;9062.07;4;250.7;15.06.2016
RoadRunner;Milan;Train;59689;1111.7;15189.51;4;2434.1;03.02.2021
QuickCargo;Warsaw;Train;35455;518.5;5505.24;4;895.4;11.08.2022
RoadRunner;Bratislava;Truck;10117;261.1;3692.95;2;75.0;18.03.2017
HeavyLift;Paris;Train;1058;1876.0;8518.7;5;2900.5;25.05.2021
CargoBridge;Zurich;Truck;13517;910.4;9347.23;3;271.6;22.06.2018
NorthWind;Zagreb;Truck;18763;1144.9;9633.37;4;346.9;03.06.2024
MoveIt;Berlin;Truck;22769;464.7;9249.56;2;138.6;10.11.2024
EuroTrans;Frankfurt;Truck;16211;418.1;4175.23;3;160.7;02.09.2019
RoadRunner;Paris;Truck;23335;476.7;7746.14;2;139.3;17.09.2020
EuroTrans;Budapest;Truck;3979;335.0;4778.37;2;85.4;18.12.2024
MoveIt;Dresden;Plane;769;708.2;32133.26;2;6588.3;19.05.2025
CargoOne;Frankfurt;Train;33621;2407.5;10200.87;6;2606.6;30.04.2015
GlobalFreight;Ljubljana;Ship;144815;2251.0;19654.82;8;13834.6;10.10.2021
GlobalFreight;Brussels;Ship;7512;2064.7;15060.81;12;18727.2;27.05.2019
FastMove;Dresden;Truck;4925;655.1;3944.71;4;208.2;30.04.2020
ShipLine;Budapest;Plane;3369;904.8;40844.91;2;9018.9;25.12.2024
FastMove;Zagreb;Truck;20405;327.0;5274.2;3;97.4;11.08.2020
QuickCargo;Copenhagen;Ship;56426;6658.2;30018.49;19;25866.9;08.11.2025
TransMax;Budapest;Truck;19270;1159.3;7978.84;4;483.6;02.02.2024
HeavyLift;Bratislava;Truck;13800;809.9;6609.92;4;339.7;01.12.2024
BlueLogistics;Vienna;Truck;16037;1144.2;7980.22;5;291.3;24.01.2024
FastMove;Milan;Truck;19179;861.9;6381.26;3;258.4;09.02.2016
MoveIt;Warsaw;Train;52018;2421.9;17275.67;5;4148.7;15.01.2021
MoveIt;Dresden;Train;7509;315.0;2023.42;4;424.9;31.08.2017
RoadRunner;Munich;Plane;8645;1476.7;90241.74;2;15652.0;29.08.2024
GlobalFreight;Budapest;Truck;17286;838.8;11063.57;3;234.5;08.05.2021
BlueLogistics;Budapest;Ship;239694;1973.1;17937.71;15;15847.7;24.06.2015
RailCargo;Zurich;Truck;22852;1192.8;6476.77;4;357.4;18.05.2020
CargoBridge;Warsaw;Ship;279130;4963.2;35891.02;15;53537.5;08.12.2020
QuickCargo;Bratislava;Ship;218208;3489.5;21626.27;15;38137.0;24.05.2023
HeavyLift;Warsaw;Train;23079;1751.1;9257.73;5;3085.8;24.07.2021
HeavyLift;Zagreb;Ship;26535;4643.0;32322.04;11;16002.7;18.01.2019
MoveIt;Copenhagen;Train;70305;683.3;8135.44;4;1201.0;16.09.2015
CargoOne;Zagreb;Ship;102288;2695.1;16681.83;13;26655.0;09.07.2020
BlueLogistics;Budapest;Train;26517;1657.7;16491.55;4;2345.0;19.12.2019
EuroTrans;Budapest;Ship;17735;2267.8;10120.94;12;8485.9;17.04.2022
SkyCargo;Frankfurt;Truck;17786;436.9;4844.55;4;120.6;28.03.2018
RoadRunner;Copenhagen;Ship;25879;5555.5;17845.73;18;24359.0;08.03.2020
EuroTrans;Copenhagen;Train;66731;1570.0;10630.23;5;2127.5;30.07.2023
QuickCargo;Budapest;Ship;78665;5796.2;35791.48;20;32463.5;07.01.2023
SkyCargo;Berlin;Truck;13303;425.9;5219.22;3;157.3;04.10.2021
ShipLine;Budapest;Truck;17608;922.3;4851.45;4;311.2;25.10.2022
SkyCargo;Paris;Train;70507;2280.5;11792.11;7;3868.2;16.07.2024
HeavyLift;Milan;Truck;6844;448.2;3517.09;3;142.2;10.08.2019
MoveIt;Warsaw;Truck;1950;872.0;3963.73;5;237.9;17.05.2021
QuickCargo;Bratislava;Truck;8123;1101.2;3803.1;5;270.7;01.10.2022
CargoBridge;Munich;Train;79522;1888.0;9875.12;6;3346.1;15.08.2018
QuickCargo;Bratislava;Truck;280;918.4;4325.36;3;251.3;16.06.2021
QuickCargo;Copenhagen;Ship;255905;2678.0;25013.78;16;26968.0;19.10.2018
ShipLine;Prague;Truck;19524;1158.7;7327.39;3;327.2;15.02.2019
CargoBridge;Frankfurt;Train;63913;1065.6;21773.35;3;1447.9;05.05.2020
CargoOne;Vienna;Plane;14808;1328.1;65213.92;2;13144.1;25.04.2020
BlueLogistics;Dresden;Truck;19851;285.9;10844.07;2;87.1;10.12.2023
EuroTrans;Zagreb;Truck;7141;456.6;2709.32;4;176.9;14.01.2016
SkyCargo;Zagreb;Plane;6906;1548.0;47846.38;2;13229.3;20.10.2016
CargoOne;Dresden;Train;23894;310.6;6396.43;2;338.6;14.11.2015
RailCargo;Zurich;Plane;7491;5882.4;97339.2;5;52106.4;11.02.2021
RoadRunner;Amsterdam;Truck;14708;777.9;5720.62;4;230.2;29.08.2020
ShipLine;Bratislava;Truck;478;214.7;1280.83;3;47.0;19.06.2018
NorthWind;Frankfurt;Plane;13036;3375.5;134338.08;3;46216.6;02.10.2017
SkyCargo;Amsterdam;Train;37808;2003.2;10492.9;5;3199.9;27.11.2021
RoadRunner;Frankfurt;Truck;15240;1058.3;13255.83;3;335.4;18.07.2018
NorthWind;Milan;Truck;11217;56.2;2407.24;3;21.0;04.07.2021
QuickCargo;Budapest;Truck;19199;532.5;13207.18;2;162.4;01.09.2019
SkyCargo;Amsterdam;Truck;6026;985.8;4962.77;4;378.5;24.02.2024
FastMove;Hamburg;Ship;267003;5229.4;33369.91;18;56668.6;31.07.2018
EuroTrans;Milan;Ship;293147;5864.6;54003.87;19;41184.0;19.07.2025
CargoOne;Prague;Train;66958;2327.5;21248.37;5;4747.8;20.01.2016
MoveIt;Warsaw;Ship;98665;6400.4;41697.5;22;55892.8;09.09.2015
GlobalFreight;Frankfurt;Truck;12074;319.3;4141.44;3;132.1;21.12.2021
SkyCargo;Dresden;Train;76985;2134.2;8628.21;7;3319.4;27.11.2023
EuroTrans;Bratislava;Ship;179262;3086.4;14467.74;16;15059.2;23.11.2023
BlueLogistics;Berlin;Truck;7822;878.0;7501.4;3;292.4;02.05.2025
NorthWind;Milan;Truck;23593;1050.5;7079.11;4;428.9;13.09.2019
NorthWind;Frankfurt;Truck;23444;214.3;11236.07;2;85.5;22.10.2022
HeavyLift;Budapest;Truck;21228;564.0;11741.21;2;252.0;27.06.2017
RoadRunner;Warsaw;Train;62452;294.8;18795.9;2;558.5;24.03.2018
RoadRunner;Hamburg;Train;76073;536.1;11128.36;4;835.6;20.06.2018
EuroTrans;Hamburg;Truck;2969;745.4;4515.84;4;161.7;26.01.2021
CargoOne;Brussels;Train;53884;822.2;8791.17;5;1711.7;15.05.2017
RailCargo;Brussels;Ship;66625;7987.4;54299.77;23;58310.7;15.01.2018
RoadRunner;Brussels;Truck;12416;236.2;4773.1;2;61.1;13.12.2024
GlobalFreight;Milan;Train;32274;2074.6;11520.86;5;3229.3;10.04.2022
BlueLogistics;Prague;Truck;10954;96.3;3087.62;2;33.0;05.08.2024
TransMax;Bratislava;Ship;161889;6485.9;53387.19;21;54876.8;08.06.2022
HeavyLift;Vienna;Plane;2041;4551.2;98900.12;3;35505.4;17.03.2017
RoadRunner;Prague;Truck;15124;986.5;9780.72;3;302.7;16.09.2024
RoadRunner;Vienna;Ship;159444;6425.9;24611.45;20;57019.9;22.10.2015
EuroTrans;Zagreb;Truck;22509;1044.8;14443.78;3;467.9;17.12.2018
CargoOne;Budapest;Train;60469;2236.9;15555.9;5;4042.5;30.11.2021
SkyCargo;Milan;Truck;11744;1148.1;8222.04;4;475.2;16.03.2017
EuroTrans;Vienna;Train;51129;2198.5;16731.45;5;3049.8;18.07.2018
CargoBridge;Brussels;Train;22751;660.5;5301.88;5;681.3;15.09.2023
GlobalFreight;Milan;Ship;176929;5201.9;35292.47;12;54364.6;06.12.2019
BlueLogistics;Amsterdam;Train;44947;2347.8;12536.95;5;2936.5;25.12.2015
RoadRunner;Frankfurt;Plane;2151;5220.3;67024.91;4;58148.2;23.09.2020
EuroTrans;Hamburg;Plane;13208;1913.2;112990.95;2;22053.0;29.12.2025
EuroTrans;Amsterdam;Truck;7064;947.5;6843.06;4;371.1;16.09.2016
BlueLogistics;Budapest;Truck;9019;678.7;4384.39;3;187.6;21.03.2017
NorthWind;Ljubljana;Ship;287515;5354.8;33648.78;16;42951.8;19.02.2015
CargoOne;Milan;Truck;10833;256.7;3510.53;3;98.4;27.11.2021
BlueLogistics;Berlin;Plane;8523;4361.3;64969.17;4;51044.6;11.03.2023
EuroTrans;Vienna;Truck;5539;1093.1;7256.53;4;409.7;14.09.2016
TransMax;Berlin;Truck;3585;527.7;2831.91;4;183.5;20.03.2018
GlobalFreight;Copenhagen;Truck;15049;641.7;4628.97;3;175.2;10.05.2022
TransMax;Dresden;Plane;13790;3174.5;173806.64;2;22917.3;08.12.2017
CargoBridge;Hamburg;Truck;1785;1026.8;4293.44;5;338.7;17.08.2024
RoadRunner;Milan;Ship;123237;2430.2;19929.01;8;24181.9;23.02.2025
BlueLogistics;Ljubljana;Plane;9127;5718.0;88932.98;5;49110.8;01.09.2019
CargoOne;Hamburg;Truck;932;985.9;5324.1;4;261.4;23.04.2015
TransMax;Copenhagen;Truck;4526;1038.2;7407.85;3;242.2;11.11.2024
SkyCargo;Warsaw;Truck;4484;330.8;3624.01;3;97.0;25.08.2025
RoadRunner;Brussels;Truck;3457;1192.2;5234.77;5;456.7;29.03.2023
HeavyLift;Zagreb;Truck;9149;1174.5;10455.71;3;293.8;26.11.2022
RailCargo;Dresden;Plane;6219;5415.1;164535.65;4;63701.6;20.10.2015
MoveIt;Hamburg;Train;68506;420.4;18077.17;2;742.6;29.05.2024
ShipLine;Ljubljana;Truck;19099;84.7;3092.14;3;32.7;21.05.2023
TransMax;Munich;Truck;20603;1114.3;9305.98;4;335.6;01.05.2019
RoadRunner;Milan;Truck;18197;1059.9;7836.48;3;402.3;16.11.2021
FastMove;Milan;Train;4001;546.8;2704.64;4;463.1;21.10.2019
RailCargo;Ljubljana;Ship;26292;7634.4;41580.61;21;33195.8;09.02.2020
RoadRunner;Ljubljana;Ship;112108;7527.2;45366.69;16;46677.1;16.02.2017
RailCargo;Paris;Truck;11074;788.2;7442.08;3;260.7;23.07.2017
NorthWind;Munich;Truck;10210;389.5;7556.83;2;128.8;05.10.2025
CargoBridge;Hamburg;Truck;8351;168.2;9788.23;1;44.9;21.05.2025
TransMax;Warsaw;Truck;23977;871.5;8338.0;4;378.8;02.02.2017
CargoBridge;Warsaw;Truck;16082;1089.6;7609.55;4;360.4;17.12.2016
CargoOne;Copenhagen;Truck;21665;1060.0;10082.12;3;395.8;04.10.2020
EuroTrans;Copenhagen;Plane;5989;3742.4;39986.89;4;36919.1;26.04.2023
CargoOne;Amsterdam;Plane;1659;5450.0;116666.27;4;65006.4;02.02.2022
CargoBridge;Zurich;Truck;1985;290.2;4364.81;2;83.2;28.10.2018
RoadRunner;Budapest;Ship;29480;6192.7;38346.09;22;28852.5;12.08.2017
EuroTrans;Frankfurt;Truck;22131;748.9;7220.96;4;308.3;19.07.2024
SkyCargo;Bratislava;Ship;172019;7844.8;49545.04;17;55153.6;02.03.2024
BlueLogistics;Prague;Truck;18719;743.5;14150.09;2;200.8;18.08.2023
BlueLogistics;Berlin;Truck;4948;1137.0;7857.11;3;363.6;16.03.2021
NorthWind;Munich;Ship;198872;2417.1;17576.32;15;26045.4;14.03.2018
QuickCargo;Dresden;Truck;9679;854.9;6337.12;4;316.6;26.08.2021
RoadRunner;Prague;Truck;11553;274.1;6215.87;2;77.5;03.10.2017
HeavyLift;Ljubljana;Train;39061;1052.2;7657.55;4;1312.8;19.07.2021
RoadRunner;Copenhagen;Truck;5707;1036.9;9290.61;3;306.2;13.10.2025
TransMax;Ljubljana;Train;28446;822.6;8847.63;4;1179.8;06.04.2021
HeavyLift;Hamburg;Truck;4360;581.4;8257.69;2;136.0;29.06.2015
RoadRunner;Ljubljana;Train;71798;1313.9;27345.01;3;2390.2;22.03.2018
EuroTrans;Berlin;Train;64163;1909.4;19945.26;4;2877.7;11.07.2022
ShipLine;Zagreb;Truck;4393;1175.3;6734.16;4;261.6;19.04.2022
SkyCargo;Dresden;Truck;2252;561.4;5029.85;3;205.2;07.07.2020
MoveIt;Ljubljana;Truck;2634;299.2;4474.83;2;98.2;24.06.2015
RailCargo;Copenhagen;Ship;198800;5235.0;26647.64;15;36700.4;22.05.2025
EuroTrans;Dresden;Train;20126;2229.6;17780.27;5;2861.7;27.12.2023
RailCargo;Dresden;Train;73465;218.2;6058.49;4;361.7;10.02.2019
GlobalFreight;Bratislava;Truck;3728;134.7;1647.98;3;40.4;16.02.2019
SkyCargo;Hamburg;Plane;8663;4162.3;108535.73;3;53881.6;18.01.2019
NorthWind;Brussels;Truck;23162;1085.4;7612.88;4;490.6;14.01.2015
SkyCargo;Paris;Truck;9703;793.4;8904.65;3;243.1;16.07.2021
BlueLogistics;Zagreb;Truck;15919;926.0;6827.73;4;349.9;09.03.2025
CargoBridge;Brussels;Train;67806;1994.7;14113.12;6;3949.0;10.07.2021
FastMove;Brussels;Train;48437;477.7;13372.01;3;961.2;31.12.2024
SkyCargo;Zurich;Train;33227;1115.5;11749.4;5;1545.8;03.01.2024
CargoBridge;Frankfurt;Truck;8527;871.5;7747.07;3;275.9;10.06.2021
CargoBridge;Hamburg;Train;60207;2190.3;14031.09;5;2969.3;22.02.2022
CargoOne;Munich;Truck;3717;1034.4;4076.59;4;332.2;08.01.2016
TransMax;Bratislava;Truck;14228;139.3;10219.79;1;57.5;13.12.2023
CargoOne;Berlin;Truck;4309;197.1;2422.9;2;48.0;07.08.2015
GlobalFreight;Copenhagen;Ship;15339;3803.9;22616.93;12;24281.1;01.06.2025
CargoOne;Prague;Truck;5710;703.6;3750.2;4;190.2;02.06.2025
GlobalFreight;Paris;Truck;4800;999.5;8163.2;3;385.6;19.10.2024
ShipLine;Milan;Plane;80;3040.5;79399.54;4;32750.9;17.01.2015
SkyCargo;Berlin;Ship;244739;7343.7;50511.65;21;79948.5;25.12.2018
FastMove;Milan;Train;69022;1389.2;14863.54;5;3070.8;10.10.2015
CargoBridge;Munich;Ship;102825;1212.5;11120.39;14;6075.5;16.05.2016
NorthWind;Vienna;Truck;18605;544.3;11995.61;2;217.8;15.02.2017
MoveIt;Warsaw;Truck;2949;668.5;4943.24;3;156.9;01.11.2020
RailCargo;Brussels;Truck;19824;184.2;6496.53;3;54.8;28.11.2022
RailCargo;Dresden;Truck;14677;949.0;7767.28;4;369.8;11.04.2024
RoadRunner;Ljubljana;Truck;10183;782.3;7168.43;3;310.7;28.08.2021
FastMove;Zagreb;Truck;17718;786.8;6937.09;3;321.0;19.06.2019
RoadRunner;Dresden;Truck;4116;880.5;4610.26;3;233.7;22.02.2024
MoveIt;Dresden;Plane;13290;5217.0;65837.64;5;35542.9;11.12.2020
RoadRunner;Paris;Truck;3505;376.6;2801.92;3;95.1;24.10.2015
MoveIt;Copenhagen;Ship;69086;2649.5;19652.51;13;16709.5;21.05.2023
FastMove;Prague;Train;59066;1453.5;14247.33;4;2629.9;12.10.2023
CargoBridge;Brussels;Plane;13221;5999.4;103752.82;4;52466.9;28.06.2024
NorthWind;Budapest;Ship;146127;4768.6;25476.04;16;34790.9;04.06.2019
QuickCargo;Vienna;Ship;29277;5304.7;39331.3;20;38404.1;02.08.2021
NorthWind;Milan;Truck;20318;93.3;5197.76;2;31.9;01.11.2020
BlueLogistics;Zurich;Train;11694;2269.4;10240.18;4;2716.9;15.07.2018
BlueLogistics;Hamburg;Truck;19531;1195.9;6656.62;5;387.6;04.02.2018
CargoOne;Warsaw;Truck;22691;1156.1;9049.77;4;491.9;05.09.2024
TransMax;Bratislava;Truck;9428;1081.5;7867.35;4;403.1;09.01.2019
CargoBridge;Budapest;Plane;2734;1348.0;63783.65;2;11768.3;05.08.2016
BlueLogistics;Brussels;Ship;270876;7585.2;54364.09;21;57562.5;11.12.2015
FastMove;Bratislava;Train;49809;2120.7;16898.48;6;4489.5;04.08.2015
CargoOne;Prague;Truck;15347;737.1;5258.16;4;295.3;24.11.2025
EuroTrans;Berlin;Ship;40080;7878.9;51971.27;23;67036.8;22.08.2016
MoveIt;Frankfurt;Truck;11459;844.8;6212.45;3;260.7;19.07.2021
NorthWind;Prague;Train;76784;1895.0;12478.81;7;4147.1;20.04.2023
QuickCargo;Zagreb;Train;5475;2060.0;6064.38;7;2992.5;09.10.2024
CargoBridge;Paris;Truck;3339;804.7;4820.31;4;261.9;07.04.2025
EuroTrans;Milan;Ship;36990;4287.7;22044.54;14;28358.8;22.08.2021
TransMax;Zurich;Truck;12256;196.8;14339.06;1;52.1;25.03.2015
SkyCargo;Brussels;Train;42500;1032.0;18469.98;2;1742.1;22.05.2018
BlueLogistics;Prague;Truck;9981;1138.1;8551.9;4;347.5;28.07.2018
FastMove;Amsterdam;Plane;13284;4901.2;81423.64;4;57951.2;09.10.2019
CargoBridge;Prague;Truck;21287;264.6;6511.69;3;80.3;03.07.2020
RailCargo;Berlin;Truck;8264;1120.4;7851.25;3;393.8;16.08.2018
TransMax;Brussels;Train;77942;1450.5;9913.62;6;2550.9;16.05.2015
CargoOne;Copenhagen;Truck;2245;737.2;5093.24;3;270.3;06.03.2017
EuroTrans;Amsterdam;Train;17901;1473.3;5898.84;6;1386.4;07.09.2023
TransMax;Berlin;Truck;10195;589.3;4886.92;3;168.3;14.04.2021
FastMove;Copenhagen;Truck;4686;80.1;1611.68;2;29.7;04.08.2025
ShipLine;Zurich;Ship;186469;7523.6;51100.75;19;59853.8;07.11.2016
ShipLine;Amsterdam;Plane;724;1898.4;59673.96;2;21069.1;19.09.2018
RoadRunner;Zagreb;Train;69588;1499.9;10098.3;6;2179.7;30.09.2018
CargoOne;Copenhagen;Truck;7613;636.9;7909.38;3;203.4;17.02.2017
CargoBridge;Hamburg;Train;79709;1566.9;14708.96;6;3442.2;24.03.2025
NorthWind;Zagreb;Train;4536;1995.2;20192.62;4;2652.0;12.08.2023
MoveIt;Munich;Train;14183;628.5;6455.17;4;619.5;23.02.2020
CargoBridge;Warsaw;Truck;20692;121.4;5978.76;2;40.2;12.01.2020
CargoBridge;Zurich;Train;51569;1800.1;14714.34;5;3268.7;13.03.2018
ShipLine;Warsaw;Truck;21648;1198.5;7060.05;5;516.0;21.12.2024
RailCargo;Warsaw;Train;35417;1325.9;10344.2;5;1831.9;19.08.2016
NorthWind;Hamburg;Ship;110716;2430.0;13158.01;10;14115.0;26.10.2019
CargoBridge;Zurich;Train;65329;2285.1;20282.05;4;5139.6;12.01.2023
ShipLine;Amsterdam;Train;27861;2420.3;13736.65;5;4779.9;26.08.2023
RailCargo;Munich;Train;4909;1650.3;6152.47;5;2784.9;07.05.2020
GlobalFreight;Milan;Train;22800;1877.9;8754.76;5;2511.8;01.08.2020
TransMax;Prague;Truck;8186;903.8;6030.04;3;233.1;20.01.2021
NorthWind;Bratislava;Train;61108;2211.9;25556.27;4;4072.4;30.09.2021
FastMove;Zurich;Train;8040;503.8;5243.65;3;473.5;02.06.2017
EuroTrans;Zagreb;Ship;262729;7373.5;46691.94;16;65578.3;03.03.2015
RailCargo;Berlin;Truck;22849;1012.1;5568.0;4;294.9;11.06.2016
MoveIt;Dresden;Ship;138497;4096.0;25628.86;14;27275.3;28.04.2023
RailCargo;Vienna;Truck;6283;917.1;7905.1;3;349.7;12.07.2016
RailCargo;Hamburg;Truck;1290;922.9;6263.48;4;351.4;01.11.2020
NorthWind;Budapest;Truck;192;313.8;5793.18;1;108.2;14.12.2020
FastMove;Dresden;Truck;10454;720.3;7717.59;3;255.2;25.11.2019
NorthWind;Dresden;Train;35381;1655.8;11255.98;6;2708.1;27.12.2021
TransMax;Budapest;Truck;6648;1018.2;7003.21;4;228.5;10.06.2017
QuickCargo;Brussels;Ship;205165;2241.5;16583.86;10;17662.6;16.12.2018
TransMax;Bratislava;Truck;10768;731.2;5832.35;3;301.5;25.07.2018
CargoOne;Zurich;Truck;12531;1159.8;6636.54;4;303.7;11.10.2021
MoveIt;Dresden;Train;47265;2041.0;12628.55;7;2977.5;02.12.2023
GlobalFreight;Frankfurt;Ship;38020;7582.0;38533.32;24;38828.6;03.04.2019
CargoOne;Milan;Truck;7268;1019.1;6387.4;4;278.9;23.09.2023
GlobalFreight;Prague;Truck;16563;646.7;8704.8;3;195.3;04.04.2024
MoveIt;Berlin;Truck;10466;1006.3;4580.56;5;282.8;08.01.2024
HeavyLift;Hamburg;Train;21436;2119.9;7985.14;5;4025.8;26.11.2025
SkyCargo;Ljubljana;Truck;11563;863.0;8640.03;3;329.0;15.08.2015
MoveIt;Ljubljana;Train;6707;1509.5;14636.6;4;2254.5;26.05.2022
GlobalFreight;Ljubljana;Train;8267;1444.0;10294.04;4;1814.1;23.04.2018
RoadRunner;Amsterdam;Truck;10241;175.2;2691.85;3;60.4;15.07.2020
NorthWind;Prague;Ship;248722;5840.5;51501.72;19;60433.5;10.08.2020
CargoBridge;Paris;Train;68080;1494.7;19394.73;3;2558.7;23.12.2017
SkyCargo;Dresden;Plane;544;5879.9;159300.32;4;47422.5;15.01.2020
BlueLogistics;Prague;Truck;21652;1072.9;9016.03;3;412.6;01.04.2022
RailCargo;Zagreb;Truck;6030;265.4;3705.89;2;95.3;22.01.2023
EuroTrans;Frankfurt;Plane;4471;3478.5;69204.34;3;22559.4;17.03.2015
CargoBridge;Munich;Plane;9890;5189.7;141628.52;3;52990.8;11.04.2024
CargoBridge;Zagreb;Train;49460;1322.5;12562.74;5;1906.3;17.09.2017
HeavyLift;Munich;Train;30692;1051.3;10745.73;4;1407.6;16.07.2015
RailCargo;Brussels;Truck;10859;613.7;3705.33;4;216.7;03.05.2021
SkyCargo;Berlin;Ship;266515;7903.3;66044.47;23;72363.9;01.06.2019
MoveIt;Brussels;Train;16829;1831.5;8177.42;5;2926.5;24.05.2023
ShipLine;Milan;Train;59465;985.6;9944.88;5;1680.2;26.06.2024
SkyCargo;Berlin;Ship;15085;6532.9;44294.99;15;28729.2;20.03.2020
EuroTrans;Brussels;Ship;75591;7907.5;39346.49;25;44532.1;23.07.2016
CargoBridge;Milan;Plane;10328;1854.7;50899.52;2;22529.4;30.05.2025
CargoOne;Copenhagen;Truck;14047;1067.2;7254.27;4;431.5;18.11.2017
MoveIt;Ljubljana;Train;78338;1271.3;19781.94;3;2764.6;01.12.2018
CargoOne;Hamburg;Truck;15861;923.0;6480.73;5;296.1;13.02.2025
EuroTrans;Warsaw;Train;56779;433.3;8556.0;4;738.9;02.11.2023
CargoOne;Frankfurt;Truck;9124;1019.0;6843.7;4;280.2;06.06.2016
SkyCargo;Hamburg;Train;71747;2258.1;17863.44;5;4083.9;19.12.2016
ShipLine;Frankfurt;Truck;56;1137.6;3534.25;4;234.0;02.12.2016
RoadRunner;Ljubljana;Ship;58470;5659.3;39261.39;21;45320.5;10.05.2019
FastMove;Amsterdam;Truck;3405;1161.9;7737.32;4;447.5;30.11.2022
ShipLine;Hamburg;Ship;94019;3303.9;17258.52;16;23210.3;20.12.2019
QuickCargo;Vienna;Truck;23085;1075.2;10973.22;3;394.7;22.11.2021
NorthWind;Dresden;Truck;17928;823.1;5544.01;4;303.9;16.06.2023
RailCargo;Zagreb;Train;68345;1768.4;15746.15;4;3088.8;23.10.2018
QuickCargo;Copenhagen;Truck;8195;914.2;8823.36;3;368.3;31.03.2020
SkyCargo;Warsaw;Ship;34197;4231.9;14815.11;18;30517.6;14.11.2019
HeavyLift;Warsaw;Plane;11238;3484.4;58968.89;3;29231.8;28.03.2017
SkyCargo;Frankfurt;Truck;15993;339.0;2941.7;4;111.1;18.05.2019
RoadRunner;Dresden;Truck;17543;773.9;9179.61;3;248.9;31.10.2016
ShipLine;Zagreb;Truck;4239;429.5;2779.73;3;156.1;04.01.2015
HeavyLift;Hamburg;Plane;12147;4019.0;123198.12;4;43304.5;17.10.2022
FastMove;Copenhagen;Truck;23044;1182.1;7662.09;4;345.5;25.10.2022
SkyCargo;Vienna;Truck;19668;55.1;8339.95;2;15.5;04.01.2024
FastMove;Warsaw;Ship;272763;5854.4;54523.28;17;61925.2;30.03.2018
BlueLogistics;Berlin;Ship;251564;5328.1;44315.7;20;31477.7;23.08.2017
RoadRunner;Frankfurt;Train;28582;435.4;6830.83;4;704.3;19.05.2019
SkyCargo;Dresden;Truck;16278;759.6;5139.86;4;300.8;22.06.2018
QuickCargo;Hamburg;Truck;11075;586.8;9143.72;2;216.3;17.09.2017
ShipLine;Warsaw;Truck;16807;779.6;5474.62;4;328.8;01.11.2018
QuickCargo;Brussels;Plane;10432;4799.5;66202.57;5;30979.9;12.11.2015
RoadRunner;Milan;Ship;115107;3323.5;27392.11;9;28660.1;24.08.2023
EuroTrans;Warsaw;Train;26210;444.3;9487.84;3;828.0;04.03.2024
CargoBridge;Frankfurt;Truck;18635;315.1;4377.94;3;125.2;11.08.2017
FastMove;Budapest;Truck;13399;1097.7;9231.03;4;301.7;22.10.2024
SkyCargo;Amsterdam;Truck;2387;107.2;4822.21;1;41.1;26.05.2024
MoveIt;Vienna;Truck;7974;308.3;2421.36;3;81.8;14.11.2025
ShipLine;Ljubljana;Train;45005;2118.2;16228.49;5;4147.7;07.10.2021
RailCargo;Copenhagen;Train;40311;1706.2;15058.27;4;2181.2;13.01.2020
SkyCargo;Dresden;Train;5360;403.9;3078.86;4;512.6;14.04.2017
QuickCargo;Zagreb;Train;33334;1474.7;6431.23;6;2774.3;18.01.2023
RailCargo;Bratislava;Ship;168241;3364.6;22432.68;15;26726.6;21.01.2019
HeavyLift;Dresden;Ship;222471;5485.1;36082.52;16;37795.6;22.10.2022
FastMove;Prague;Train;21829;1946.1;13308.64;6;2718.5;05.06.2016
HeavyLift;Milan;Train;62036;1551.0;21064.45;4;3342.0;21.03.2019
BlueLogistics;Budapest;Ship;181969;7476.6;53641.96;17;74909.4;06.02.2019
NorthWind;Frankfurt;Truck;4712;123.6;2887.5;2;28.0;21.10.2017
CargoOne;Bratislava;Train;78686;1914.8;11413.44;5;3111.6;07.10.2023
EuroTrans;Paris;Plane;11539;2777.8;61415.91;3;29586.5;19.08.2020
RoadRunner;Amsterdam;Truck;9627;441.6;6509.04;2;158.2;25.11.2015
QuickCargo;Ljubljana;Truck;11622;636.1;12124.92;2;244.1;22.12.2022
QuickCargo;Ljubljana;Truck;22778;952.2;8616.57;4;299.1;25.10.2017
RoadRunner;Budapest;Train;1076;847.5;5136.07;3;1438.7;07.11.2016
RoadRunner;Prague;Ship;48395;2132.3;16224.3;7;14695.5;23.03.2019
RailCargo;Prague;Plane;1579;522.6;55059.77;1;6281.7;25.03.2023
SkyCargo;Munich;Truck;4423;861.8;5521.68;4;240.7;31.07.2023
EuroTrans;Frankfurt;Truck;4403;299.0;3883.63;2;77.6;29.03.2023
GlobalFreight;Paris;Train;64122;1998.7;15011.19;6;3400.1;07.03.2023
CargoOne;Munich;Plane;5821;5090.0;121658.13;4;62058.0;22.08.2015
CargoOne;Prague;Truck;16960;814.3;10505.27;3;351.0;24.01.2016
NorthWind;Paris;Truck;5252;531.8;4930.91;3;186.5;05.04.2017
GlobalFreight;Zagreb;Truck;3394;178.6;2234.59;2;39.2;11.09.2022
CargoOne;Copenhagen;Ship;56494;3306.4;25973.15;12;20679.1;15.09.2016
QuickCargo;Zagreb;Truck;4797;887.0;3996.01;5;339.5;03.07.2025
RailCargo;Bratislava;Truck;10432;738.2;6982.02;3;238.7;01.02.2024
MoveIt;Budapest;Ship;84171;4068.9;18187.77;11;33487.4;10.02.2021
SkyCargo;Prague;Ship;71846;3713.4;21657.31;14;16701.0;15.03.2019
TransMax;Amsterdam;Train;14301;2338.2;9388.54;5;3757.0;04.06.2024
ShipLine;Budapest;Train;35276;2129.8;9733.05;6;3380.2;29.12.2021
SkyCargo;Hamburg;Train;67713;972.8;11860.81;4;1714.5;05.06.2016
MoveIt;Zurich;Truck;8536;333.3;7635.32;2;132.8;12.10.2020
BlueLogistics;Amsterdam;Ship;45802;6174.0;43602.96;14;41451.3;05.02.2015
EuroTrans;Bratislava;Train;47957;1816.8;19248.03;4;2777.0;05.03.2018
RailCargo;Amsterdam;Train;12432;691.5;8712.81;2;1044.4;12.10.2024
MoveIt;Vienna;Truck;7844;220.2;3915.32;3;64.9;31.12.2022
CargoBridge;Prague;Plane;11396;4173.9;83488.09;4;45846.0;18.08.2017
ShipLine;Frankfurt;Truck;3652;540.1;6632.28;2;178.0;01.08.2020
HeavyLift;Amsterdam;Plane;1722;1343.0;72605.27;2;16293.0;28.11.2016
QuickCargo;Brussels;Truck;12241;318.8;3483.89;4;132.5;25.05.2025
EuroTrans;Frankfurt;Train;54475;883.5;10799.0;3;1178.4;13.08.2021
RailCargo;Frankfurt;Train;22106;1986.1;8507.38;5;2383.2;12.09.2024
BlueLogistics;Brussels;Train;31610;1926.7;13715.97;4;3352.3;22.04.2020
NorthWind;Paris;Ship;254082;6876.3;44481.09;23;51283.8;12.04.2019
RailCargo;Frankfurt;Train;7489;1069.5;11206.24;4;1332.2;05.12.2024
MoveIt;Prague;Truck;13786;497.2;6528.42;2;157.4;13.03.2021
HeavyLift;Vienna;Ship;42713;7847.9;38690.44;25;53787.3;07.07.2025
QuickCargo;Bratislava;Train;54927;2380.3;13390.98;6;3010.9;22.12.2024
BlueLogistics;Dresden;Truck;10638;440.1;6157.4;2;179.2;30.12.2024
RailCargo;Hamburg;Truck;3885;752.2;4153.25;4;249.6;13.08.2015
NorthWind;Budapest;Plane;14764;3064.9;58954.47;3;35849.1;22.10.2017
EuroTrans;Bratislava;Truck;13322;795.8;11617.24;2;335.6;11.10.2019
MoveIt;Zagreb;Truck;17428;581.3;6103.84;4;215.0;01.05.2021
RailCargo;Berlin;Ship;110958;7133.0;26965.94;22;60962.8;12.07.2023
MoveIt;Vienna;Ship;68939;4731.5;16511.74;14;43054.8;16.07.2024
SkyCargo;Ljubljana;Train;33715;1180.2;7545.82;5;2267.6;02.06.2015
QuickCargo;Frankfurt;Train;77910;913.7;9859.47;5;1385.6;24.07.2020
SkyCargo;Hamburg;Ship;48687;5309.3;35513.1;16;36714.9;25.02.2024
CargoBridge;Hamburg;Train;77186;1930.3;22017.09;5;4334.6;13.05.2023
CargoBridge;Frankfurt;Truck;7404;914.0;6758.57;3;287.0;06.03.2019
NorthWind;Berlin;Plane;7638;5576.4;145024.67;4;54459.0;05.09.2021
RailCargo;Budapest;Truck;14060;849.4;8330.81;3;258.0;28.02.2025
MoveIt;Hamburg;Truck;15801;734.7;5958.13;3;243.7;17.03.2016
NorthWind;Milan;Train;47807;778.3;12810.43;3;1161.9;18.12.2016
MoveIt;Vienna;Truck;22720;162.8;6098.7;3;74.0;04.04.2022
RailCargo;Bratislava;Truck;15430;446.6;5736.74;2;118.4;16.12.2025
ShipLine;Munich;Truck;4430;210.4;2850.29;2;58.8;20.06.2021
QuickCargo;Zagreb;Truck;4720;151.0;6144.61;1;46.7;08.04.2023
ShipLine;Milan;Ship;31427;1955.0;13785.64;11;11096.2;15.08.2019
CargoBridge;Zurich;Truck;11913;490.6;7416.05;2;183.5;03.07.2016
NorthWind;Amsterdam;Plane;8956;1309.1;48457.16;2;11165.8;09.04.2019
MoveIt;Hamburg;Truck;16440;518.2;5323.03;4;181.2;30.03.2022
EuroTrans;Paris;Plane;7884;2039.9;60203.5;3;22983.7;30.08.2024
SkyCargo;Vienna;Truck;88;1169.3;5021.5;5;396.1;06.02.2022
RoadRunner;Bratislava;Truck;20611;773.0;12111.61;2;239.1;30.01.2021
RailCargo;Hamburg;Truck;4891;1029.7;7587.4;3;377.7;29.05.2025
BlueLogistics;Amsterdam;Truck;20975;814.4;7751.95;4;247.4;04.12.2016
MoveIt;Copenhagen;Plane;6096;4600.0;127864.03;3;54294.7;06.09.2022
EuroTrans;Zurich;Truck;2959;901.0;5241.15;4;345.0;26.11.2016
MoveIt;Munich;Train;59948;1907.3;21259.01;4;2873.2;26.10.2021
QuickCargo;Hamburg;Plane;9640;5250.4;71350.8;5;47707.7;12.08.2025
QuickCargo;Munich;Train;66601;1517.7;12924.07;4;2107.2;20.12.2017
GlobalFreight;Frankfurt;Plane;3553;2678.5;43630.46;3;17006.4;04.06.2021
RailCargo;Vienna;Train;4538;630.9;10371.44;2;534.7;14.01.2021
EuroTrans;Budapest;Plane;258;3901.9;68831.77;4;27963.8;30.03.2015
ShipLine;Milan;Truck;8850;1036.7;5090.26;4;251.3;30.10.2017
ShipLine;Warsaw;Truck;16268;139.7;13677.57;1;57.8;31.12.2022
HeavyLift;Paris;Truck;14222;624.0;10410.83;2;188.9;06.02.2016
ShipLine;Ljubljana;Truck;12459;887.4;4970.84;4;313.8;02.09.2023
NorthWind;Dresden;Truck;14920;771.5;5368.22;4;219.2;22.04.2023
RailCargo;Zagreb;Truck;23447;268.9;10041.68;2;92.1;24.04.2023
HeavyLift;Budapest;Ship;104601;6747.1;48777.29;19;62515.7;10.01.2015
TransMax;Prague;Plane;10822;1174.6;136591.13;1;13275.5;13.04.2016
NorthWind;Berlin;Plane;3364;1076.7;49684.38;2;8476.3;01.07.2021
QuickCargo;Bratislava;Truck;149;1124.8;6579.29;4;356.9;26.02.2024
BlueLogistics;Milan;Train;7219;938.2;5990.1;4;1109.8;06.02.2020
MoveIt;Prague;Truck;19805;830.0;6432.86;3;319.5;10.02.2020
RailCargo;Budapest;Truck;17109;764.4;8162.97;3;277.3;05.03.2015
BlueLogistics;Warsaw;Train;67639;300.5;12958.78;2;521.0;15.05.2025
EuroTrans;Brussels;Plane;9646;2228.5;119685.66;2;23861.3;20.04.2025
SkyCargo;Dresden;Ship;172910;4559.1;31943.71;16;45843.3;01.05.2016
SkyCargo;Dresden;Train;20162;1081.9;9518.8;5;1150.5;12.04.2015
NorthWind;Frankfurt;Train;33168;915.2;7813.12;5;1649.9;02.03.2015
GlobalFreight;Zagreb;Train;31731;1201.6;10890.72;5;2383.7;06.11.2016
RoadRunner;Frankfurt;Truck;5681;656.5;6187.86;2;168.4;26.01.2016
FastMove;Frankfurt;Truck;6437;837.5;4307.87;4;285.4;28.05.2015
RailCargo;Copenhagen;Truck;11244;436.7;4702.73;3;130.4;27.01.2024
EuroTrans;Hamburg;Train;11642;1666.6;12196.59;4;1517.1;18.09.2017
TransMax;Budapest;Truck;14339;674.7;12154.62;2;280.3;06.05.2020
QuickCargo;Zagreb;Train;46773;1538.4;13125.21;6;3224.8;29.04.2024
CargoBridge;Milan;Truck;8343;225.4;3649.14;3;81.5;09.05.2019
ShipLine;Zurich;Truck;22500;63.1;8676.54;2;28.7;07.04.2020
TransMax;Milan;Ship;126689;6717.6;31362.99;14;52534.4;31.07.2017
EuroTrans;Zagreb;Ship;51470;1997.5;15303.81;13;10602.3;24.11.2019
MoveIt;Frankfurt;Truck;13105;189.1;3793.13;3;72.4;08.09.2023
CargoOne;Copenhagen;Train;56233;1186.9;6343.24;6;2451.6;09.01.2024
ShipLine;Warsaw;Truck;15173;805.4;5344.55;4;205.7;28.09.2023
BlueLogistics;Munich;Ship;92471;5487.3;30157.35;20;32026.5;28.01.2022
GlobalFreight;Ljubljana;Train;9401;626.5;5132.26;4;1005.7;27.12.2023
RailCargo;Paris;Truck;3257;110.1;4211.1;1;26.6;03.04.2023
BlueLogistics;Ljubljana;Truck;18950;853.3;8619.75;4;230.8;02.04.2016
EuroTrans;Zagreb;Ship;65423;4191.3;23479.37;16;16765.7;24.06.2015
SkyCargo;Budapest;Ship;286881;6149.7;47335.8;15;66619.1;28.12.2019
EuroTrans;Copenhagen;Truck;11057;993.8;4884.94;4;386.0;27.05.2023
MoveIt;Munich;Truck;6807;618.2;5237.6;4;142.1;07.03.2024
CargoOne;Dresden;Truck;11181;671.9;3690.34;4;242.0;13.11.2025
SkyCargo;Frankfurt;Truck;3835;1053.5;6706.94;4;339.8;06.10.2024
EuroTrans;Ljubljana;Ship;120729;1310.1;11825.25;7;6890.2;22.10.2023
GlobalFreight;Hamburg;Plane;2963;3247.3;119958.41;3;20517.2;27.03.2022
QuickCargo;Paris;Truck;2928;1187.1;3909.34;4;277.5;11.08.2020
MoveIt;Zurich;Ship;38524;1620.3;8727.52;14;8909.5;13.01.2024
BlueLogistics;Copenhagen;Truck;16076;731.0;4855.98;4;210.4;29.04.2021
RoadRunner;Hamburg;Train;64687;1694.2;10738.7;6;2875.7;26.06.2024
RoadRunner;Warsaw;Ship;12552;2144.0;14919.32;10;10871.4;15.11.2023
CargoBridge;Frankfurt;Truck;17210;107.0;9839.82;1;39.7;19.07.2025
BlueLogistics;Hamburg;Truck;179;286.2;2273.48;3;63.2;13.02.2015
SkyCargo;Berlin;Train;60229;514.7;10533.42;2;971.2;19.07.2019
ShipLine;Amsterdam;Truck;1112;640.6;4035.12;3;168.8;16.03.2015
GlobalFreight;Milan;Plane;5160;2120.1;51807.63;2;17972.9;04.06.2020
FastMove;Paris;Truck;10346;366.5;7266.13;2;137.8;22.04.2018
CargoBridge;Bratislava;Train;11409;566.3;11894.31;2;875.2;13.09.2015
SkyCargo;Ljubljana;Plane;14914;4255.5;132171.32;4;30871.5;27.10.2020
RailCargo;Milan;Truck;11971;281.2;4127.98;3;110.1;30.10.2020
SkyCargo;Berlin;Train;18854;2478.5;16185.93;6;2933.4;03.11.2024
BlueLogistics;Munich;Ship;191555;7499.6;43523.0;22;63744.6;28.04.2015
TransMax;Zurich;Truck;9410;870.7;3687.7;5;312.8;12.02.2025
FastMove;Zurich;Train;42181;2385.2;17815.53;5;4762.9;26.07.2017
CargoBridge;Amsterdam;Train;14196;1145.9;4349.19;6;1075.8;06.12.2019
NorthWind;Paris;Truck;22698;972.9;8308.15;4;412.5;24.03.2020
MoveIt;Zurich;Train;40932;2171.4;11164.87;6;3278.5;07.01.2017
TransMax;Paris;Train;38413;716.3;7470.31;5;1103.5;09.08.2020
NorthWind;Amsterdam;Train;52612;489.2;6274.67;3;624.1;05.06.2020
BlueLogistics;Zurich;Train;60199;1783.5;13681.96;5;2779.4;30.09.2021
SkyCargo;Zurich;Truck;1175;940.9;4549.73;3;343.1;02.11.2015
CargoBridge;Bratislava;Truck;18367;115.9;14394.12;1;35.1;18.08.2016
MoveIt;Copenhagen;Truck;7711;804.1;4384.27;4;239.3;19.09.2024
TransMax;Warsaw;Truck;5995;756.0;5208.41;3;280.9;11.04.2025
RailCargo;Amsterdam;Truck;19974;716.4;10245.18;2;247.9;21.02.2016
CargoBridge;Ljubljana;Train;70996;965.5;6591.49;5;1521.4;24.04.2020
MoveIt;Zurich;Truck;4830;635.4;5979.7;2;183.4;11.12.2018
QuickCargo;Berlin;Truck;2456;132.3;898.62;3;31.3;05.09.2015
EuroTrans;Paris;Ship;91563;4794.9;23798.2;17;19031.9;23.05.2021
ShipLine;Milan;Ship;134072;5361.9;29075.93;18;45675.2;18.12.2018
GlobalFreight;Munich;Ship;9800;6829.3;51020.73;19;57364.8;16.03.2024
HeavyLift;Frankfurt;Truck;15895;392.7;21154.44;1;115.1;23.05.2015
RailCargo;Prague;Plane;14505;4366.0;102139.87;4;31731.9;05.03.2024
CargoBridge;Paris;Truck;22850;1197.2;11413.54;4;349.5;09.12.2022
MoveIt;Dresden;Truck;5128;351.9;3077.16;3;93.3;23.08.2024
HeavyLift;Budapest;Ship;174988;2370.1;19546.03;13;22534.9;04.10.2023
MoveIt;Zurich;Train;52523;734.3;8451.17;5;1022.0;16.12.2025
HeavyLift;Amsterdam;Truck;16012;306.1;12507.83;1;120.5;27.11.2019
BlueLogistics;Dresden;Truck;12550;782.2;7127.4;2;271.9;18.08.2017
NorthWind;Zurich;Truck;15575;444.0;3201.94;4;149.3;15.03.2022
TransMax;Zagreb;Truck;16425;202.0;7878.2;2;85.5;03.03.2021
EuroTrans;Zurich;Truck;11926;1142.8;10853.67;3;444.4;01.09.2023
EuroTrans;Berlin;Plane;11233;3850.8;74602.52;4;41169.1;22.10.2021
GlobalFreight;Budapest;Train;5400;1349.3;9603.51;4;2029.0;12.01.2016
GlobalFreight;Frankfurt;Truck;23319;864.7;9424.39;3;389.9;20.06.2019
EuroTrans;Paris;Truck;10911;157.3;3864.4;3;42.6;09.03.2020
CargoBridge;Berlin;Train;30544;1721.6;12860.36;5;2125.3;25.07.2023
MoveIt;Budapest;Ship;15176;1463.1;14116.93;6;11531.4;21.05.2025
NorthWind;Frankfurt;Train;19145;293.7;16307.99;1;334.0;20.01.2018
BlueLogistics;Zurich;Truck;23114;340.9;3362.24;4;129.0;10.05.2024
TransMax;Ljubljana;Truck;9866;575.8;5843.96;3;222.8;17.11.2019
NorthWind;Bratislava;Truck;15529;125.5;14161.77;1;44.3;28.08.2018
FastMove;Dresden;Train;67366;1813.7;15455.98;6;2381.6;14.09.2021
GlobalFreight;Hamburg;Train;62972;1345.4;20015.15;3;2978.2;12.07.2024
TransMax;Brussels;Plane;12168;5590.8;95041.46;5;65213.7;25.07.2020
CargoBridge;Milan;Truck;23909;949.6;12044.52;3;353.8;15.11.2016
RoadRunner;Ljubljana;Train;33513;1518.0;8538.73;5;2725.4;01.06.2020
TransMax;Vienna;Ship;234783;800.9;13703.4;8;8178.2;03.03.2015
RoadRunner;Berlin;Truck;20669;946.3;7988.55;4;337.5;29.08.2016
BlueLogistics;Vienna;Train;28022;662.2;8878.25;4;876.6;05.08.2019
MoveIt;Zagreb;Ship;162361;3533.3;23511.49;10;35134.1;10.01.2024
HeavyLift;Milan;Plane;613;832.8;33983.24;2;4892.8;03.01.2018
QuickCargo;Munich;Truck;63;232.8;3228.79;2;48.2;22.04.2020
HeavyLift;Zurich;Truck;20310;854.0;9503.6;3;259.1;26.04.2018
CargoOne;Brussels;Train;74111;1476.5;16132.8;5;2309.6;02.01.2016
NorthWind;Hamburg;Truck;8356;941.6;8066.84;3;331.5;30.01.2017
FastMove;Zagreb;Ship;72358;4030.0;25506.28;13;36266.5;07.09.2017
NorthWind;Brussels;Ship;265964;6013.9;46330.27;20;55416.1;06.10.2021
CargoBridge;Munich;Train;17872;2406.7;11461.48;7;2269.4;10.09.2020
TransMax;Munich;Ship;252342;3418.0;20089.06;15;31626.8;26.05.2021
TransMax;Munich;Truck;13703;898.1;16649.08;2;308.1;22.01.2016
CargoBridge;Paris;Truck;3598;882.4;5573.24;3;307.0;20.11.2017
GlobalFreight;Vienna;Truck;8230;460.6;5266.32;3;149.0;06.09.2022
HeavyLift;Hamburg;Truck;12284;186.8;3638.74;3;65.3;01.12.2022
NorthWind;Berlin;Ship;264747;5330.8;26781.56;16;46976.0;11.05.2022
HeavyLift;Prague;Truck;12345;421.0;11637.01;1;140.0;06.03.2024
HeavyLift;Milan;Train;25319;2372.0;14852.64;5;2815.8;22.08.2018
QuickCargo;Milan;Truck;4354;666.1;6650.64;2;261.5;19.07.2019
ShipLine;Amsterdam;Train;38791;1510.4;12907.87;5;1668.4;04.06.2018
BlueLogistics;Hamburg;Truck;13238;993.8;14623.52;2;318.7;16.08.2025
EuroTrans;Milan;Train;51355;747.6;7666.01;5;1422.8;12.03.2025
EuroTrans;Zurich;Truck;6924;1134.4;6651.92;5;381.8;26.10.2025
RailCargo;Vienna;Truck;20475;379.6;6863.45;3;117.4;20.05.2021
SkyCargo;Ljubljana;Train;27636;896.6;10305.02;3;1533.5;16.03.2019
RailCargo;Prague;Train;29920;247.7;3765.41;3;351.8;26.03.2025
NorthWind;Vienna;Train;7638;1851.7;5665.82;6;1860.4;22.10.2023
GlobalFreight;Hamburg;Truck;20796;869.8;10040.26;3;235.0;21.02.2015
RailCargo;Zagreb;Train;26868;1764.8;12848.8;6;3146.4;09.11.2017
RailCargo;Copenhagen;Ship;46905;3516.5;21148.58;12;23305.9;07.03.2021
SkyCargo;Zagreb;Train;66955;2093.5;18057.67;6;3734.5;05.09.2020
FastMove;Budapest;Train;64758;1063.8;9871.37;5;2354.5;24.01.2018
RoadRunner;Warsaw;Plane;6712;5426.0;96611.56;4;32819.9;09.08.2023
SkyCargo;Vienna;Truck;363;397.8;8783.7;1;99.2;06.11.2022
CargoOne;Warsaw;Train;24669;254.8;5573.49;4;374.3;01.05.2025
BlueLogistics;Munich;Train;58026;2038.5;13417.88;6;2694.6;19.05.2020
NorthWind;Berlin;Plane;2195;4703.3;123361.72;4;50160.4;16.05.2023
EuroTrans;Warsaw;Truck;11257;619.3;3900.0;4;258.2;29.09.2024
BlueLogistics;Dresden;Truck;6123;1021.9;3432.54;5;251.5;27.05.2020
CargoOne;Milan;Plane;5480;765.1;28291.18;2;7345.1;19.03.2022
CargoBridge;Bratislava;Truck;8801;942.7;7552.45;3;363.1;13.02.2019
QuickCargo;Amsterdam;Truck;12658;941.5;6713.47;3;329.2;24.10.2022
RailCargo;Warsaw;Train;61846;1823.8;7858.12;6;3841.7;26.07.2023
CargoBridge;Ljubljana;Train;75938;436.9;9666.39;3;777.1;17.04.2015
RailCargo;Ljubljana;Ship;174321;6352.0;46304.48;22;39916.4;30.09.2019
SkyCargo;Budapest;Ship;141094;6931.3;42884.93;16;58468.3;14.11.2024
SkyCargo;Paris;Train;70368;379.1;4870.95;4;882.4;29.03.2021
HeavyLift;Dresden;Truck;20549;544.8;4761.35;4;214.2;12.04.2023
RailCargo;Warsaw;Truck;1873;529.0;4861.76;2;156.0;08.01.2017
GlobalFreight;Hamburg;Plane;14878;2652.0;75444.49;2;30956.5;06.10.2017
FastMove;Bratislava;Plane;13473;783.8;34365.8;2;5518.9;20.09.2020
FastMove;Dresden;Truck;4295;743.8;5327.83;3;242.9;30.09.2017
TransMax;Zagreb;Truck;16089;674.9;4775.16;4;201.6;11.05.2015
TransMax;Budapest;Truck;8472;328.0;11344.15;1;95.1;20.12.2015
FastMove;Amsterdam;Ship;289318;1141.9;15301.33;13;11128.2;22.09.2025
RoadRunner;Ljubljana;Train;20116;1677.0;10407.23;6;3209.1;30.01.2025
ShipLine;Bratislava;Truck;13617;199.0;3682.01;3;80.3;08.04.2016
MoveIt;Berlin;Truck;2127;1064.4;5533.43;5;364.3;06.01.2018
CargoOne;Ljubljana;Train;23999;808.1;8706.55;3;1410.0;05.07.2020
GlobalFreight;Hamburg;Ship;253426;2703.5;28601.97;10;26011.0;25.12.2024
RoadRunner;Zagreb;Train;76757;1229.0;14874.69;5;1989.5;27.11.2019
RailCargo;Zurich;Truck;21761;1163.8;8290.96;5;449.1;03.01.2016
MoveIt;Ljubljana;Plane;12298;1639.0;60390.8;3;19416.4;27.07.2024
ShipLine;Ljubljana;Truck;4587;524.7;2741.3;4;184.0;22.07.2017
QuickCargo;Paris;Train;58280;345.2;6844.9;4;631.5;21.02.2019
RailCargo;Zagreb;Ship;7883;5317.1;33683.3;20;31336.9;21.09.2023
FastMove;Bratislava;Truck;11873;985.7;6722.66;5;385.7;26.04.2023
SkyCargo;Budapest;Truck;14674;366.4;3903.6;3;128.4;27.09.2018
NorthWind;Ljubljana;Truck;14736;266.5;12681.64;1;87.0;03.05.2019
ShipLine;Brussels;Ship;229882;5701.0;44639.41;17;63692.7;28.01.2023
TransMax;Budapest;Ship;31805;3549.9;26598.41;14;18634.9;02.04.2022
RoadRunner;Berlin;Truck;2127;355.7;4210.45;2;126.3;08.01.2018
CargoOne;Bratislava;Ship;91126;1829.3;14761.36;8;16593.2;21.11.2019
MoveIt;Brussels;Train;53572;247.1;8763.07;2;532.2;28.11.2020
SkyCargo;Brussels;Truck;195;643.3;8314.43;2;141.1;13.02.2019
SkyCargo;Ljubljana;Train;51266;1260.6;16184.61;4;2331.2;18.04.2017
NorthWind;Vienna;Truck;11899;612.1;4213.24;4;163.5;25.06.2022
RoadRunner;Hamburg;Train;53990;1361.6;6427.8;6;2831.8;04.01.2019
GlobalFreight;Bratislava;Truck;8822;115.6;3052.83;3;40.5;26.01.2017
GlobalFreight;Milan;Train;67573;329.0;11214.51;4;453.5;30.08.2020
RailCargo;Zagreb;Truck;17985;826.9;9850.44;3;355.8;30.01.2019
FastMove;Vienna;Truck;6991;280.6;5955.6;2;110.2;23.11.2021
GlobalFreight;Budapest;Truck;907;120.3;868.13;3;43.1;18.06.2015
TransMax;Berlin;Train;53476;1864.0;22003.17;4;3597.8;31.10.2025
GlobalFreight;Amsterdam;Plane;14625;1699.7;104927.62;2;12899.5;15.02.2015
RailCargo;Warsaw;Train;62670;970.8;12422.45;3;1354.0;11.02.2018
MoveIt;Warsaw;Plane;2586;3571.6;63823.73;3;32409.9;05.03.2020
FastMove;Milan;Train;16160;949.7;12839.72;3;1195.3;28.09.2024
GlobalFreight;Zurich;Train;47003;1533.6;9439.96;5;2442.5;22.08.2025
CargoBridge;Brussels;Train;4551;1599.9;11842.69;4;2903.8;10.01.2024
CargoBridge;Vienna;Train;71687;1684.9;21506.79;4;2769.7;18.08.2016
QuickCargo;Zagreb;Plane;9539;1050.4;25416.34;2;13849.5;11.03.2015
SkyCargo;Munich;Truck;20072;489.5;5662.4;3;168.0;01.03.2022
ShipLine;Hamburg;Truck;19405;107.6;15287.46;1;31.8;07.12.2015
MoveIt;Amsterdam;Train;2231;796.5;7371.87;4;874.4;08.08.2017
BlueLogistics;Warsaw;Truck;16333;984.4;9957.27;3;259.2;05.07.2025
RailCargo;Vienna;Ship;44145;5977.3;24753.44;16;45454.6;23.12.2021
RailCargo;Ljubljana;Truck;18901;329.8;10285.64;2;132.5;23.02.2023
RailCargo;Budapest;Plane;3140;3841.8;69129.84;4;22825.0;08.07.2017
SkyCargo;Zurich;Truck;4277;1152.1;7588.64;4;280.5;02.08.2017
ShipLine;Brussels;Plane;9251;1981.5;117638.3;2;14617.8;26.02.2019
MoveIt;Hamburg;Truck;21814;194.0;6622.86;3;68.9;18.08.2024
CargoOne;Zagreb;Truck;1576;524.8;2966.2;4;180.4;31.07.2018
CargoBridge;Zurich;Truck;20643;891.3;7217.31;4;341.7;17.06.2021
GlobalFreight;Vienna;Truck;5502;545.7;2919.43;4;193.0;15.03.2021
HeavyLift;Dresden;Ship;253695;4724.1;25028.88;15;26339.6;26.12.2021
HeavyLift;Dresden;Ship;253304;7642.6;48568.76;24;77322.8;16.03.2021
ShipLine;Warsaw;Plane;10086;993.4;46874.6;2;12611.1;12.08.2015
EuroTrans;Prague;Train;53266;308.6;20456.03;2;656.2;29.11.2020
CargoBridge;Frankfurt;Train;68331;651.4;8130.19;3;1202.9;07.03.2024
TransMax;Frankfurt;Truck;7101;330.9;3647.16;3;120.3;25.10.2024
FastMove;Frankfurt;Truck;15442;715.2;8098.55;3;180.5;04.02.2022
QuickCargo;Hamburg;Train;24359;1335.4;7825.67;6;2573.2;18.07.2023
EuroTrans;Dresden;Plane;12108;4330.4;130485.53;3;44786.1;29.07.2023
SkyCargo;Frankfurt;Ship;179335;7585.7;46417.02;18;57206.2;31.12.2021
BlueLogistics;Prague;Truck;23247;1195.2;10341.33;4;347.1;01.01.2023
BlueLogistics;Zagreb;Train;67714;914.0;14606.65;4;1251.0;25.07.2016
GlobalFreight;Vienna;Train;68491;1201.1;8149.87;5;2546.0;12.04.2020
SkyCargo;Dresden;Truck;12164;717.3;7050.25;4;257.8;19.10.2021
CargoBridge;Warsaw;Train;69749;865.6;13712.9;5;1330.6;24.11.2016
RailCargo;Milan;Truck;15736;659.3;9865.36;3;283.6;11.01.2020
BlueLogistics;Prague;Train;59173;2302.6;11196.41;7;3986.9;02.05.2023
SkyCargo;Warsaw;Truck;11207;477.2;2637.27;4;136.4;19.08.2019
RoadRunner;Copenhagen;Plane;11962;923.2;33113.4;2;7410.2;06.05.2016
RailCargo;Milan;Truck;20736;1167.0;11647.63;3;345.0;15.10.2016
NorthWind;Budapest;Train;1710;1984.1;8672.14;5;2268.9;15.01.2019
EuroTrans;Zurich;Truck;20089;1156.8;5352.95;5;467.1;27.09.2018
CargoBridge;Ljubljana;Truck;5955;675.2;3234.42;4;193.5;02.08.2023
TransMax;Warsaw;Plane;2606;2412.8;76530.04;2;24642.2;15.09.2025
NorthWind;Frankfurt;Plane;9964;3477.9;81148.99;3;34779.7;21.06.2020
HeavyLift;Berlin;Ship;204200;867.6;17168.02;5;5771.9;01.08.2022
NorthWind;Amsterdam;Ship;18103;7915.1;49270.37;21;36372.7;13.05.2016
CargoBridge;Paris;Truck;9722;1186.3;5146.07;5;461.4;08.02.2016
HeavyLift;Vienna;Truck;11336;462.9;5887.54;3;153.8;15.02.2024
TransMax;Ljubljana;Truck;11337;328.2;4229.58;3;105.0;30.04.2019
ShipLine;Vienna;Truck;7437;971.8;7939.35;3;365.5;06.01.2020
BlueLogistics;Hamburg;Truck;18859;920.4;10540.39;3;299.1;17.10.2017
CargoOne;Zurich;Ship;32469;2240.9;17502.26;14;11089.4;12.07.2022
ShipLine;Warsaw;Truck;7169;341.6;2157.47;4;101.8;13.05.2021
NorthWind;Budapest;Train;61532;1970.8;14866.25;6;4224.6;25.06.2022
GlobalFreight;Berlin;Truck;23763;433.6;11825.51;2;165.2;05.06.2024
FastMove;Bratislava;Ship;175112;4365.3;32801.18;11;38380.0;08.02.2016
NorthWind;Paris;Train;32968;1949.6;17281.97;4;3113.0;26.10.2015
RoadRunner;Ljubljana;Truck;8790;149.6;9559.5;1;57.5;19.02.2021
RoadRunner;Zurich;Train;61076;2343.9;16273.92;7;3836.7;14.01.2023
CargoOne;Frankfurt;Train;64482;1803.0;16340.21;6;3311.8;19.10.2025
QuickCargo;Zurich;Ship;267281;2004.2;25029.97;13;21473.0;08.09.2024
SkyCargo;Warsaw;Truck;23008;971.6;6835.21;5;400.7;21.02.2015
HeavyLift;Zagreb;Truck;22948;637.8;9825.4;3;176.9;02.05.2019
EuroTrans;Copenhagen;Truck;5946;758.6;4796.4;3;295.6;10.07.2022
CargoOne;Vienna;Truck;22184;747.4;9070.66;3;232.2;09.06.2016
GlobalFreight;Bratislava;Truck;11239;728.2;11201.93;2;287.8;13.03.2021
ShipLine;Zagreb;Truck;20929;736.4;7504.51;3;249.1;12.07.2025
SkyCargo;Milan;Plane;2296;4765.1;126321.42;4;47978.3;13.02.2015
HeavyLift;Copenhagen;Truck;15033;154.3;15088.38;1;62.2;12.02.2022
CargoBridge;Vienna;Truck;17580;571.6;6226.86;3;166.2;19.01.2015
MoveIt;Dresden;Ship;296263;4910.9;25917.49;18;47367.2;01.09.2020
EuroTrans;Brussels;Truck;23068;480.6;6110.73;4;147.8;07.06.2020
CargoBridge;Dresden;Plane;263;5585.3;50759.66;5;33500.7;23.07.2025
HeavyLift;Bratislava;Ship;168259;6908.8;28161.32;15;49949.6;13.12.2021
NorthWind;Bratislava;Truck;6866;408.8;3202.99;3;93.3;02.08.2021
MoveIt;Warsaw;Train;34546;1780.5;13964.69;6;2116.3;23.12.2017
BlueLogistics;Bratislava;Truck;19440;1105.5;10405.17;4;307.0;03.05.2016
MoveIt;Amsterdam;Train;73080;300.3;15064.97;2;560.2;07.03.2023
EuroTrans;Budapest;Train;36937;1938.0;16895.59;4;3863.4;22.03.2017
SkyCargo;Brussels;Train;57657;227.5;12192.45;2;497.4;06.02.2025
GlobalFreight;Brussels;Truck;4878;740.1;7413.74;2;263.5;26.09.2015
EuroTrans;Zurich;Ship;201643;6045.6;43439.2;21;64702.9;30.11.2019
RoadRunner;Dresden;Train;839;1561.1;10351.74;5;2044.6;15.03.2025
HeavyLift;Dresden;Truck;20002;473.9;8628.11;2;196.3;11.07.2024
EuroTrans;Munich;Train;75099;587.7;16143.59;3;915.8;11.04.2015
BlueLogistics;Budapest;Truck;10264;534.0;8553.37;2;206.0;21.02.2025
GlobalFreight;Frankfurt;Train;24320;1970.3;14961.65;5;2953.3;11.04.2018
CargoOne;Zurich;Ship;224543;3746.2;27997.2;12;26086.6;10.04.2023
BlueLogistics;Frankfurt;Truck;7572;659.6;6062.36;2;197.9;04.04.2017
QuickCargo;Vienna;Truck;3262;786.7;4219.37;4;228.5;17.05.2019
EuroTrans;Berlin;Ship;203831;3222.0;29604.13;9;21336.2;05.02.2021
RoadRunner;Milan;Ship;138940;1152.3;12046.25;13;11878.8;02.08.2019
EuroTrans;Milan;Truck;20245;1141.0;8109.69;4;330.0;19.05.2021
RailCargo;Dresden;Train;73573;2242.1;14303.28;7;5172.6;01.10.2015
CargoOne;Frankfurt;Truck;20772;173.3;10388.32;2;63.6;09.06.2019
MoveIt;Paris;Train;3163;1070.8;8034.62;3;1863.2;09.03.2016
CargoBridge;Bratislava;Train;31146;1860.0;12424.13;5;2070.7;09.03.2025
MoveIt;Copenhagen;Truck;7596;1109.9;7779.28;4;345.2;23.05.2016
TransMax;Ljubljana;Truck;15827;1054.2;6989.08;3;315.7;18.12.2024
GlobalFreight;Dresden;Plane;13616;2062.5;87691.88;2;26038.6;14.02.2019
GlobalFreight;Munich;Truck;13031;552.6;12192.28;2;141.3;18.02.2020
CargoOne;Vienna;Train;60589;2120.3;10464.57;7;3848.8;07.03.2020
HeavyLift;Hamburg;Plane;1267;3538.6;53490.28;4;35466.8;21.02.2015
RoadRunner;Paris;Truck;20594;286.1;7735.28;2;118.4;28.04.2022
EuroTrans;Vienna;Plane;8593;5104.9;63963.99;4;34554.6;13.08.2019
MoveIt;Warsaw;Ship;195428;4315.9;35808.62;15;44820.7;22.04.2017
RailCargo;Bratislava;Truck;13034;805.4;6967.02;4;336.5;04.04.2019
HeavyLift;Berlin;Truck;7602;1161.6;8964.24;3;406.5;18.10.2023
FastMove;Zurich;Train;33847;537.2;9304.36;3;802.5;23.08.2021
QuickCargo;Copenhagen;Train;5651;1004.3;7192.39;4;1025.2;12.11.2023
HeavyLift;Budapest;Plane;207;2952.1;82288.1;3;16783.3;06.05.2021
CargoBridge;Bratislava;Truck;11375;934.6;6682.17;3;316.7;02.06.2024
NorthWind;Prague;Train;54094;2098.7;12653.35;5;3354.9;04.08.2019
EuroTrans;Dresden;Truck;14079;820.5;11410.8;2;240.5;18.08.2024
MoveIt;Zagreb;Truck;2092;928.4;6742.35;3;357.4;21.09.2020
SkyCargo;Brussels;Truck;20979;404.2;9395.54;2;146.6;20.07.2018
SkyCargo;Warsaw;Truck;17708;1153.6;5881.98;5;337.5;31.03.2023
GlobalFreight;Ljubljana;Truck;13919;1094.6;7675.82;4;357.2;18.05.2023
HeavyLift;Zurich;Train;6721;2099.9;10331.12;6;3291.8;17.02.2015
GlobalFreight;Ljubljana;Plane;11631;3058.8;72227.9;3;27345.0;10.08.2021
CargoBridge;Bratislava;Truck;2130;380.0;4384.08;2;79.4;10.09.2024
CargoBridge;Frankfurt;Truck;19389;1130.5;10652.46;4;366.5;03.10.2024
EuroTrans;Dresden;Truck;21384;503.7;6540.18;4;203.9;29.10.2023
RailCargo;Bratislava;Truck;1679;56.3;2069.43;1;16.7;07.12.2021
EuroTrans;Berlin;Train;9234;1646.4;9735.48;6;2269.2;23.08.2025
QuickCargo;Dresden;Train;27707;215.2;5588.66;3;351.0;20.10.2025
FastMove;Copenhagen;Plane;4844;1338.1;32476.11;2;10255.7;08.05.2024
MoveIt;Zagreb;Ship;251402;3939.0;26006.43;18;42149.9;27.08.2016
QuickCargo;Amsterdam;Plane;9180;3391.9;48554.95;3;28828.2;23.08.2023
GlobalFreight;Copenhagen;Train;46804;676.4;10287.78;3;1175.5;21.06.2015
CargoBridge;Dresden;Plane;7005;3771.2;63209.55;4;37987.7;21.09.2019
EuroTrans;Brussels;Train;59280;2379.1;17095.78;7;4038.8;03.09.2025
ShipLine;Dresden;Train;6518;730.2;5401.13;3;1006.1;07.05.2023
FastMove;Ljubljana;Train;79763;2339.0;16777.71;7;4845.4;08.01.2018
HeavyLift;Dresden;Plane;11407;5298.4;73262.98;5;71136.3;23.09.2021
NorthWind;Amsterdam;Ship;251317;3176.1;32139.92;10;18445.3;19.04.2024
CargoOne;Budapest;Truck;21326;222.1;19696.04;1;61.8;14.05.2021
SkyCargo;Dresden;Ship;184347;809.3;10301.75;10;8369.5;02.06.2025
SkyCargo;Zurich;Truck;3275;914.7;8991.77;3;242.6;29.07.2020
NorthWind;Munich;Truck;10412;461.9;3598.77;4;138.8;10.01.2019
QuickCargo;Budapest;Train;1777;745.2;8030.61;3;826.0;01.02.2018
RailCargo;Bratislava;Ship;25705;1944.3;6770.05;8;9695.7;27.11.2025
BlueLogistics;Amsterdam;Truck;17591;1075.5;9162.19;4;468.4;28.01.2017
MoveIt;Brussels;Train;74495;936.7;22297.06;3;1593.6;14.01.2021
TransMax;Paris;Ship;188385;1439.3;13381.78;10;12836.4;30.05.2019
ShipLine;Copenhagen;Truck;9334;248.8;5161.67;2;95.6;28.03.2018
BlueLogistics;Munich;Ship;147149;3086.5;16289.89;13;13888.1;04.09.2025
FastMove;Zagreb;Ship;234826;4552.6;38793.59;16;32464.9;15.07.2015
GlobalFreight;Copenhagen;Train;73474;1946.1;11196.25;7;3390.3;16.12.2025
ShipLine;Bratislava;Train;74790;2057.6;14310.71;5;3747.9;13.10.2016
QuickCargo;Dresden;Truck;10188;701.8;8034.25;3;187.5;27.03.2015
QuickCargo;Dresden;Truck;12066;232.2;3767.13;3;87.7;17.08.2021
HeavyLift;Munich;Truck;7563;494.0;3940.94;4;137.3;04.03.2016
MoveIt;Munich;Plane;5234;1860.3;46265.83;3;12123.6;07.12.2017
CargoBridge;Zagreb;Truck;20660;1154.6;6221.14;4;319.7;02.04.2025
HeavyLift;Budapest;Truck;7726;753.1;5241.61;4;206.2;15.01.2018
MoveIt;Hamburg;Truck;21061;53.8;4201.96;2;22.1;19.02.2022
EuroTrans;Prague;Train;58251;524.6;14183.31;3;838.8;06.04.2022
CargoBridge;Milan;Truck;1809;1036.4;9772.41;3;339.6;27.10.2017
EuroTrans;Zurich;Truck;15766;551.1;10716.48;2;196.7;20.01.2018
TransMax;Vienna;Truck;12015;724.6;6972.41;3;244.2;26.12.2024
FastMove;Warsaw;Truck;2584;211.6;2224.14;2;75.5;29.11.2021
HeavyLift;Warsaw;Ship;51482;6372.9;46515.66;18;27611.1;21.05.2019
CargoOne;Amsterdam;Train;16535;1506.5;9256.54;4;1543.1;04.01.2016
SkyCargo;Berlin;Truck;2485;980.6;7402.31;3;251.0;22.07.2024
RoadRunner;Berlin;Truck;16981;217.0;5115.97;3;86.1;25.11.2015
SkyCargo;Paris;Truck;23509;486.9;9971.15;3;159.6;29.12.2021
QuickCargo;Frankfurt;Truck;23116;1093.2;10021.26;3;309.1;13.08.2022
BlueLogistics;Milan;Ship;45402;4502.0;17455.7;19;16205.6;01.10.2020
MoveIt;Frankfurt;Train;77984;458.7;12676.76;3;750.8;21.08.2019
GlobalFreight;Prague;Train;66159;2140.2;11608.9;7;4102.2;06.03.2021
RailCargo;Prague;Ship;63897;5147.3;28951.47;15;47148.4;11.03.2022
CargoOne;Dresden;Truck;8309;1062.4;7431.81;3;306.2;25.12.2015
NorthWind;Berlin;Train;75015;814.5;8402.46;5;1405.2;06.01.2025
BlueLogistics;Zagreb;Plane;7959;5243.6;114955.33;5;49754.4;18.11.2020
MoveIt;Vienna;Truck;4828;57.2;3567.58;1;22.5;28.10.2021
MoveIt;Budapest;Truck;13206;935.2;4669.08;4;352.1;12.12.2023
QuickCargo;Zagreb;Train;43699;2484.4;7986.39;7;4895.7;15.03.2021
CargoBridge;Warsaw;Truck;19908;295.3;19993.74;1;110.8;01.06.2016
FastMove;Frankfurt;Truck;21456;708.7;6739.55;4;290.2;03.06.2024
TransMax;Paris;Train;77146;2055.3;17548.7;5;3024.4;01.03.2022
FastMove;Frankfurt;Plane;8688;3777.8;73670.69;3;48127.5;07.04.2016
RoadRunner;Brussels;Plane;9346;608.2;44325.15;1;5452.4;10.03.2015
GlobalFreight;Milan;Train;60365;888.3;9026.58;4;1717.3;02.10.2018
ShipLine;Paris;Truck;19214;97.7;12909.69;1;43.0;18.05.2021
CargoOne;Budapest;Train;8468;2287.1;9308.38;5;3634.8;09.07.2015
RoadRunner;Ljubljana;Train;22831;2021.0;14038.75;6;3334.3;11.05.2018
CargoBridge;Berlin;Train;76549;240.4;24229.18;2;390.1;12.04.2024
EuroTrans;Copenhagen;Truck;387;994.8;6767.25;4;296.2;04.01.2021
SkyCargo;Milan;Truck;10862;833.2;8230.58;3;252.0;19.07.2016
CargoOne;Budapest;Train;28989;1709.5;11127.24;6;3045.1;10.06.2015
CargoOne;Prague;Train;78971;781.2;11693.99;5;1405.4;08.11.2022
HeavyLift;Vienna;Plane;14578;2409.1;68782.54;3;18681.0;22.09.2025
NorthWind;Hamburg;Train;13817;1627.4;11516.77;5;1869.9;21.05.2022
QuickCargo;Frankfurt;Truck;20482;760.3;8118.04;3;264.5;04.12.2018
QuickCargo;Warsaw;Train;77062;987.1;25483.47;3;1387.0;21.09.2019
RoadRunner;Zurich;Train;40491;1580.1;9915.88;6;3222.0;08.12.2020
ShipLine;Hamburg;Truck;12287;173.3;4532.35;3;57.8;10.04.2018
GlobalFreight;Munich;Truck;3524;1087.4;5704.97;3;401.9;21.09.2019
BlueLogistics;Hamburg;Train;67817;747.2;18473.91;2;1390.5;08.08.2017
NorthWind;Bratislava;Truck;14477;558.7;4421.66;4;185.1;06.08.2024
GlobalFreight;Dresden;Truck;18273;253.5;5257.89;2;110.3;28.03.2016
RailCargo;Bratislava;Truck;2264;731.4;7255.36;2;176.5;16.04.2023
ShipLine;Zurich;Train;76205;2293.6;19922.06;6;4838.3;05.12.2021
CargoOne;Ljubljana;Truck;7835;394.1;5165.23;3;96.0;07.06.2021
RoadRunner;Dresden;Plane;12916;4080.5;74170.27;3;35028.4;12.09.2018
RoadRunner;Amsterdam;Plane;6210;4716.4;114145.52;4;52113.9;08.07.2022
FastMove;Brussels;Train;37163;2363.8;14783.8;5;4611.6;30.01.2023
BlueLogistics;Paris;Train;64548;2417.3;20086.42;6;5364.9;15.05.2021
TransMax;Ljubljana;Ship;67807;2025.1;8452.68;11;19245.5;11.09.2020
SkyCargo;Ljubljana;Truck;11376;980.3;9229.67;3;406.7;27.05.2017
SkyCargo;Paris;Plane;7480;2072.2;119305.68;2;14441.6;06.07.2021
GlobalFreight;Berlin;Truck;16855;1121.5;8041.29;4;482.2;27.10.2016
GlobalFreight;Paris;Truck;15775;750.6;7648.34;4;292.3;11.06.2020
MoveIt;Copenhagen;Train;40600;2249.4;11139.55;5;4297.9;02.10.2018
NorthWind;Frankfurt;Train;29416;594.1;6322.98;4;898.1;28.08.2025
CargoBridge;Bratislava;Truck;21283;1153.8;7014.63;5;490.8;30.08.2020
GlobalFreight;Budapest;Plane;11466;3383.6;100171.83;3;38346.3;25.08.2023
NorthWind;Warsaw;Truck;14189;710.7;7037.17;3;247.0;31.01.2019
NorthWind;Dresden;Train;9735;431.1;5018.37;4;606.6;02.09.2016
GlobalFreight;Munich;Truck;2440;72.4;1191.73;2;19.4;19.02.2016
NorthWind;Zagreb;Truck;3583;461.9;6880.78;2;130.5;20.05.2024
GlobalFreight;Warsaw;Ship;254832;7641.9;42619.58;19;82813.7;01.08.2015
ShipLine;Budapest;Truck;23132;1153.7;8317.34;5;390.8;19.12.2022
GlobalFreight;Ljubljana;Ship;283887;1910.1;15328.54;8;14820.2;16.04.2016
GlobalFreight;Zagreb;Train;40490;1054.8;10173.27;4;1743.1;04.02.2020
MoveIt;Paris;Truck;4355;959.3;5538.73;4;272.3;11.02.2020
ShipLine;Copenhagen;Truck;16128;743.0;13669.14;2;253.2;27.08.2017
CargoOne;Prague;Truck;16354;781.5;6708.85;3;284.7;28.10.2024
MoveIt;Vienna;Train;63622;2116.6;9515.01;6;2780.3;19.01.2023
SkyCargo;Zagreb;Truck;19600;985.8;10774.99;3;320.6;17.12.2022
CargoOne;Warsaw;Truck;9215;122.3;3128.05;3;38.7;11.11.2025
ShipLine;Bratislava;Ship;117968;7313.4;28210.0;18;43767.8;14.11.2020
MoveIt;Bratislava;Truck;22176;78.2;7029.79;2;21.6;14.08.2015
FastMove;Munich;Plane;7385;2825.0;53741.35;4;29361.8;27.06.2023
QuickCargo;Munich;Ship;161337;1009.7;14732.99;6;9067.9;14.01.2017
MoveIt;Vienna;Truck;300;1161.4;2926.82;5;289.8;08.11.2020
QuickCargo;Dresden;Truck;19409;892.6;6753.13;4;394.5;06.08.2018
RoadRunner;Paris;Truck;12447;502.9;10362.31;2;123.4;19.01.2018
NorthWind;Bratislava;Truck;13311;987.8;6593.14;5;245.0;02.04.2021
TransMax;Zagreb;Ship;214563;7862.2;32148.32;25;63763.3;28.12.2021
CargoBridge;Frankfurt;Ship;242390;3455.1;35262.92;11;36771.1;12.05.2017
NorthWind;Bratislava;Truck;14619;1030.5;8404.73;3;373.1;18.05.2017
CargoOne;Ljubljana;Truck;5190;116.9;2412.77;2;40.1;06.11.2018
ShipLine;Amsterdam;Train;26102;736.7;6394.05;5;786.9;29.09.2016
QuickCargo;Prague;Truck;12503;342.9;7576.16;2;116.6;21.05.2025
RailCargo;Budapest;Ship;38401;1541.6;7750.76;7;7820.8;18.01.2017
RailCargo;Milan;Truck;7460;321.0;3055.03;3;121.7;02.08.2025
ShipLine;Milan;Truck;12224;330.7;4281.85;3;129.2;25.01.2017
CargoOne;Frankfurt;Truck;1192;864.3;6695.95;3;213.4;30.05.2018
BlueLogistics;Brussels;Truck;3701;696.9;4171.21;4;175.6;19.11.2023
BlueLogistics;Paris;Truck;2589;643.5;5860.4;2;149.8;03.02.2018
QuickCargo;Frankfurt;Truck;3439;166.1;2338.78;3;64.1;06.11.2025
BlueLogistics;Brussels;Truck;2526;1043.4;9578.13;3;347.3;27.01.2022
SkyCargo;Dresden;Truck;15320;617.3;8781.22;3;190.6;02.02.2020
MoveIt;Milan;Train;71936;2052.5;14076.35;6;3985.9;10.04.2016
FastMove;Dresden;Truck;1000;434.8;6220.75;2;130.8;26.07.2017
QuickCargo;Berlin;Train;57870;432.7;10837.52;3;830.1;01.01.2025
ShipLine;Dresden;Plane;8211;3583.0;78138.45;3;32055.6;27.06.2024
BlueLogistics;Ljubljana;Truck;7900;1158.5;10666.0;3;381.7;31.07.2017
SkyCargo;Copenhagen;Plane;861;1073.4;111273.88;1;6591.4;04.11.2022
TransMax;Vienna;Truck;21864;1079.7;14995.54;3;385.6;11.07.2023
GlobalFreight;Prague;Ship;296446;1371.7;12731.93;12;9572.1;30.11.2015
BlueLogistics;Dresden;Truck;8199;104.8;5367.04;1;40.6;13.08.2016
EuroTrans;Brussels;Ship;10604;1820.9;6682.41;13;13927.4;31.01.2024
EuroTrans;Milan;Train;34834;847.6;5262.52;5;1101.9;06.09.2024
BlueLogistics;Copenhagen;Truck;14018;96.1;11024.06;1;40.5;16.07.2023
RoadRunner;Milan;Ship;76692;937.0;6571.5;12;5267.9;01.02.2022
HeavyLift;Zagreb;Ship;62047;3991.9;20314.95;10;17888.4;15.10.2021
SkyCargo;Brussels;Plane;8163;3148.6;54886.01;3;41101.1;23.07.2015
EuroTrans;Zurich;Ship;272254;4700.9;27311.54;19;39197.7;05.06.2019
CargoBridge;Zagreb;Plane;6574;5853.4;144173.72;4;52688.9;21.03.2020
TransMax;Milan;Ship;60827;5371.1;22852.09;19;37323.5;14.03.2016
MoveIt;Hamburg;Truck;18352;307.5;9774.9;2;83.6;21.06.2020
HeavyLift;Copenhagen;Plane;2278;5319.1;68162.16;4;64378.9;18.03.2019
CargoBridge;Amsterdam;Train;26121;2206.6;12257.92;6;3677.9;12.08.2019
RoadRunner;Warsaw;Train;75053;1090.1;13428.08;4;2540.6;13.01.2016
GlobalFreight;Dresden;Truck;14223;360.7;8764.97;2;127.4;29.06.2018
ShipLine;Warsaw;Ship;265675;6907.0;52413.62;18;55119.2;25.01.2019
NorthWind;Brussels;Truck;8240;1176.3;5987.72;5;421.8;23.09.2021
TransMax;Berlin;Train;7335;950.3;4578.61;4;1520.0;29.05.2022
QuickCargo;Milan;Train;56548;1768.1;11201.62;6;3527.3;15.12.2018
QuickCargo;Paris;Plane;4919;2254.8;60669.0;3;22231.6;09.09.2022
EuroTrans;Dresden;Truck;10683;1182.4;6428.63;4;367.9;22.11.2015
CargoBridge;Brussels;Train;9777;1253.8;9239.83;5;1584.0;19.06.2017
FastMove;Zurich;Train;64619;558.6;9104.01;5;1179.2;15.06.2015
GlobalFreight;Prague;Train;52444;2138.5;9822.52;7;2686.9;13.04.2015
EuroTrans;Bratislava;Train;4077;460.5;4588.76;3;556.4;12.05.2019
BlueLogistics;Dresden;Truck;1475;544.8;4322.21;2;132.4;16.06.2019
GlobalFreight;Zurich;Train;7606;442.3;7883.7;2;664.3;22.04.2020
SkyCargo;Budapest;Train;63050;2358.6;17958.37;6;3569.2;26.08.2021
RailCargo;Berlin;Truck;8703;460.6;3920.34;3;163.1;15.10.2015
EuroTrans;Ljubljana;Train;71782;584.2;10732.75;4;1060.0;13.12.2016
TransMax;Frankfurt;Truck;4986;337.7;2226.27;3;126.4;03.04.2020
HeavyLift;Vienna;Ship;161878;7673.6;27388.17;22;37246.4;14.04.2017
RoadRunner;Vienna;Truck;1511;268.6;5739.98;1;74.1;15.02.2021
ShipLine;Zagreb;Ship;170658;2811.1;20264.67;12;29188.0;20.04.2017
EuroTrans;Vienna;Truck;19941;873.5;9932.49;3;374.8;31.05.2023
ShipLine;Hamburg;Truck;15876;1056.7;12866.98;3;427.3;08.07.2025
CargoOne;Zagreb;Truck;13750;693.4;9308.12;3;237.3;30.08.2021
CargoOne;Berlin;Train;34150;1560.2;10847.29;5;1990.3;30.09.2016
ShipLine;Berlin;Train;25509;1060.0;8952.35;5;1454.1;07.04.2018
CargoBridge;Amsterdam;Plane;8857;5129.6;146839.09;4;47353.8;06.02.2022
FastMove;Ljubljana;Ship;84362;1441.7;9664.93;8;7128.1;23.02.2025
RoadRunner;Frankfurt;Ship;53697;6881.8;23856.48;16;60175.1;24.08.2016
CargoBridge;Milan;Truck;13428;240.3;3251.46;3;72.3;20.07.2018
CargoBridge;Munich;Train;5404;1509.2;7256.13;6;1434.8;20.08.2023
GlobalFreight;Warsaw;Ship;36529;3314.6;15401.44;15;22039.0;27.07.2016
CargoBridge;Zurich;Train;73941;1190.5;12164.85;5;2431.5;26.08.2017
FastMove;Bratislava;Truck;21998;581.0;12427.44;2;181.4;01.03.2015
QuickCargo;Zurich;Ship;172157;3705.4;27838.81;14;20337.4;02.08.2015
FastMove;Zagreb;Ship;93099;5131.2;26700.65;12;34910.0;16.02.2025
QuickCargo;Budapest;Plane;3156;3080.8;69487.96;3;33967.5;10.03.2017
MoveIt;Budapest;Train;16433;1097.2;6577.59;6;1816.4;17.09.2022
TransMax;Bratislava;Truck;19392;1145.5;9948.79;4;423.1;12.08.2020
RoadRunner;Bratislava;Truck;14030;257.0;7203.11;2;97.9;23.12.2022
EuroTrans;Ljubljana;Train;32129;1455.6;10782.05;4;2893.7;05.01.2023
RailCargo;Zagreb;Train;74024;337.2;21217.57;2;630.2;29.03.2025
GlobalFreight;Dresden;Train;27381;1940.4;12563.74;6;2531.9;26.03.2025
EuroTrans;Budapest;Train;45306;1257.9;9647.78;6;2337.5;14.07.2019
SkyCargo;Dresden;Truck;5411;126.7;2288.53;3;35.4;25.11.2020
EuroTrans;Ljubljana;Train;75398;1923.1;10006.55;6;3479.3;21.12.2024
RoadRunner;Dresden;Train;26265;2174.0;10462.3;7;4305.0;07.07.2025
CargoOne;Paris;Truck;17890;1077.4;9243.89;4;425.9;01.05.2017
RailCargo;Budapest;Train;42902;1624.1;16481.24;4;3263.0;17.12.2020
QuickCargo;Zagreb;Truck;13276;242.9;5870.81;2;99.9;05.01.2016
FastMove;Dresden;Truck;10970;1045.1;10100.64;3;286.0;11.09.2025
TransMax;Munich;Ship;288704;3462.9;32698.7;17;28419.2;16.03.2024
MoveIt;Milan;Train;52077;501.2;5935.47;4;626.9;26.05.2015
CargoOne;Amsterdam;Train;3824;2455.2;13345.12;7;3145.5;25.04.2022
QuickCargo;Berlin;Truck;1792;761.3;3616.54;3;175.8;05.08.2016
RoadRunner;Zurich;Ship;241747;6048.9;26733.98;15;67255.2;14.10.2023
RoadRunner;Copenhagen;Truck;7992;623.2;4568.23;4;184.9;22.09.2024
BlueLogistics;Bratislava;Truck;9980;468.8;6193.2;3;110.4;10.08.2020
CargoOne;Milan;Truck;5573;558.3;5424.96;3;174.6;09.05.2021
CargoOne;Warsaw;Truck;4758;868.8;9997.33;2;240.0;07.12.2015
HeavyLift;Paris;Train;30851;1717.6;8340.56;6;1959.2;24.11.2016
NorthWind;Paris;Truck;1181;258.8;2266.16;2;84.2;28.03.2024
MoveIt;Zurich;Train;10788;754.8;4488.55;4;704.3;16.03.2024
FastMove;Vienna;Truck;1822;359.4;2831.51;3;126.7;02.12.2017
QuickCargo;Bratislava;Truck;20727;623.5;5869.09;4;238.3;29.07.2023
RailCargo;Dresden;Ship;27577;7577.9;60968.03;20;62806.6;11.06.2025
SkyCargo;Vienna;Ship;84645;3087.3;12397.27;10;15205.1;14.04.2025
SkyCargo;Dresden;Truck;22734;371.8;4082.76;4;142.4;30.03.2024
CargoOne;Prague;Truck;19877;1119.6;9405.09;3;413.9;20.01.2020
HeavyLift;Bratislava;Truck;8550;774.0;5456.08;4;264.3;21.12.2015
MoveIt;Ljubljana;Train;74672;697.3;17769.3;2;1201.7;12.12.2022
HeavyLift;Munich;Truck;13862;371.7;9006.97;2;142.7;06.07.2021
MoveIt;Milan;Truck;22276;441.0;5300.25;3;196.5;01.08.2015
TransMax;Prague;Truck;11450;812.8;6059.97;3;297.6;22.09.2021
RoadRunner;Vienna;Truck;15727;1092.7;5591.94;5;283.2;23.10.2017
FastMove;Bratislava;Ship;103625;7232.9;44955.8;17;49330.2;14.04.2023
TransMax;Zurich;Truck;873;768.1;5952.0;3;216.2;14.03.2019
SkyCargo;Paris;Truck;5530;450.8;7126.29;2;146.8;26.08.2020
ShipLine;Brussels;Truck;1465;72.5;713.07;3;20.0;12.04.2015
FastMove;Brussels;Truck;23621;815.0;8731.48;3;332.9;08.04.2022
HeavyLift;Vienna;Truck;2208;1089.2;5501.27;5;374.9;12.12.2019
ShipLine;Paris;Truck;12417;1034.1;11639.83;3;278.0;24.03.2022
NorthWind;Frankfurt;Plane;6289;2986.9;168349.79;2;30247.2;26.10.2024
RoadRunner;Brussels;Truck;12762;238.9;3627.65;3;64.8;20.05.2017
CargoOne;Ljubljana;Truck;6957;773.2;3889.34;4;294.8;06.08.2023
RailCargo;Dresden;Train;69603;1595.9;27700.74;3;2500.8;03.08.2017
FastMove;Brussels;Truck;17548;1119.8;9061.12;4;470.8;26.05.2024
ShipLine;Berlin;Truck;7098;959.6;5683.86;5;224.2;27.10.2024
MoveIt;Brussels;Truck;20165;91.8;4278.49;2;32.4;26.12.2015
NorthWind;Vienna;Ship;257973;7619.4;65162.31;22;43024.2;23.02.2024
CargoBridge;Vienna;Ship;55903;3461.2;21493.91;16;20323.3;31.03.2023
MoveIt;Brussels;Ship;64745;7791.3;59748.33;16;71401.9;29.01.2024
CargoBridge;Budapest;Truck;9340;287.8;5881.25;2;77.9;21.11.2017
QuickCargo;Bratislava;Ship;180862;4933.0;24147.84;12;52505.6;21.06.2015
TransMax;Munich;Truck;10315;741.3;7235.48;2;270.1;14.11.2025
GlobalFreight;Bratislava;Train;13529;696.7;5188.23;3;1119.6;05.09.2017
ShipLine;Zagreb;Truck;20585;934.8;5310.38;5;409.4;07.12.2016
EuroTrans;Frankfurt;Truck;10253;250.0;2114.18;3;69.1;12.12.2024
EuroTrans;Amsterdam;Truck;8879;415.6;4046.41;4;136.0;11.06.2018
QuickCargo;Milan;Truck;6628;1147.6;5738.83;5;313.4;08.11.2019
ShipLine;Zurich;Train;32278;1470.4;10440.94;6;2029.8;26.05.2016
ShipLine;Ljubljana;Plane;7080;3067.0;73240.08;3;27430.3;21.02.2020
ShipLine;Munich;Truck;9272;567.1;8983.81;2;142.9;19.03.2019
CargoBridge;Copenhagen;Plane;6732;3398.1;152475.63;2;27321.4;21.02.2022
FastMove;Dresden;Truck;9678;1047.0;5143.12;5;323.4;31.05.2019
SkyCargo;Zurich;Truck;19902;149.9;6098.05;2;64.1;11.12.2021
QuickCargo;Hamburg;Train;62249;1863.3;18134.19;5;3660.0;21.05.2022
FastMove;Prague;Train;71915;1417.6;12030.51;5;2775.1;27.06.2025
ShipLine;Amsterdam;Train;64100;1117.9;18564.33;4;2178.0;16.06.2025
FastMove;Brussels;Plane;1578;1448.0;36495.46;2;17458.6;08.06.2024
CargoBridge;Munich;Plane;4453;1829.4;39352.12;3;13739.1;02.01.2015
MoveIt;Ljubljana;Ship;43261;6253.6;49627.21;21;49046.3;30.03.2019
CargoBridge;Copenhagen;Plane;14116;4906.0;92221.98;4;57996.0;05.11.2021
BlueLogistics;Milan;Truck;7150;131.1;2101.34;3;51.0;19.08.2021
ShipLine;Milan;Truck;15896;629.3;5553.72;4;215.0;28.11.2019
MoveIt;Brussels;Truck;8461;1127.4;8173.71;4;289.7;18.03.2016
CargoOne;Berlin;Ship;23491;3750.0;21131.15;9;18252.7;01.02.2022
BlueLogistics;Brussels;Truck;13472;215.7;4008.84;2;69.4;11.06.2015
FastMove;Vienna;Train;15355;827.8;8653.91;4;1376.3;07.06.2023
RoadRunner;Amsterdam;Truck;2358;577.2;4012.84;2;128.2;04.08.2017
CargoOne;Frankfurt;Truck;15862;594.5;11341.32;2;162.6;15.12.2018
FastMove;Milan;Plane;12903;1722.1;57836.08;3;13109.1;21.06.2024
GlobalFreight;Berlin;Train;16383;1444.1;14024.18;4;2533.7;23.09.2022
GlobalFreight;Brussels;Train;78985;1922.0;13987.55;6;2747.4;28.08.2023
SkyCargo;Bratislava;Truck;6932;347.0;4750.97;2;88.4;11.11.2018
QuickCargo;Warsaw;Truck;17980;252.8;9231.95;2;102.8;14.02.2023
GlobalFreight;Dresden;Ship;258132;3597.8;27553.74;16;25623.4;23.01.2020
SkyCargo;Warsaw;Truck;10145;884.9;8116.98;3;276.5;05.11.2016
CargoOne;Milan;Truck;6531;358.4;3956.84;3;102.1;02.07.2025
TransMax;Dresden;Truck;10079;1186.5;12806.72;3;442.1;23.11.2016
FastMove;Zurich;Train;63096;280.9;9751.48;3;595.3;25.03.2023
HeavyLift;Hamburg;Plane;10110;4299.5;84402.22;4;52254.0;20.09.2024
HeavyLift;Ljubljana;Truck;11199;451.4;6171.45;2;137.7;10.10.2018
BlueLogistics;Vienna;Truck;13719;969.8;7182.24;4;260.3;19.07.2020
QuickCargo;Dresden;Truck;4889;1160.1;6966.91;4;422.4;25.01.2022
FastMove;Zagreb;Train;58044;365.0;8742.14;3;808.7;19.03.2021
BlueLogistics;Brussels;Truck;10159;648.8;7128.74;2;231.0;14.05.2022
BlueLogistics;Zurich;Train;54031;2356.3;16180.44;5;4318.0;11.09.2016
EuroTrans;Zurich;Truck;14119;305.1;8918.23;2;114.1;29.07.2015
SkyCargo;Budapest;Truck;15917;981.3;12258.02;3;397.6;01.01.2020
TransMax;Hamburg;Truck;889;163.4;990.79;3;54.1;04.02.2023
CargoOne;Hamburg;Truck;311;275.9;2009.76;2;78.8;25.12.2019
QuickCargo;Milan;Train;74107;837.1;16288.36;4;1735.7;15.10.2016
SkyCargo;Vienna;Ship;115098;5532.9;25983.79;13;43005.6;16.07.2017
GlobalFreight;Milan;Truck;7948;157.6;2307.91;3;45.1;07.09.2020
MoveIt;Milan;Truck;10790;1014.9;5397.33;4;241.1;22.12.2024
MoveIt;Dresden;Truck;1612;106.2;2086.68;1;34.5;16.07.2015
HeavyLift;Munich;Truck;17618;724.5;5470.54;4;306.4;17.10.2022
QuickCargo;Berlin;Truck;6045;268.8;4811.17;2;92.8;02.12.2024
EuroTrans;Berlin;Truck;1227;179.4;4933.77;1;55.2;14.05.2021
BlueLogistics;Zurich;Train;65433;443.3;5533.69;4;622.6;18.03.2017
FastMove;Munich;Train;38965;2100.8;21133.52;4;4315.2;21.01.2017
ShipLine;Zagreb;Plane;11114;2462.4;78177.41;2;25783.7;14.10.2017
TransMax;Budapest;Ship;91156;7678.8;51841.79;19;67719.1;27.05.2021
GlobalFreight;Zagreb;Truck;19021;395.2;9057.04;2;158.7;08.03.2016
SkyCargo;Ljubljana;Truck;22093;646.7;4132.3;4;197.9;15.03.2025
RailCargo;Budapest;Truck;4254;674.5;8422.22;2;180.3;18.10.2024
ShipLine;Budapest;Truck;18224;314.3;10776.87;2;111.3;27.12.2015
NorthWind;Prague;Train;24542;593.1;6251.96;3;971.9;27.02.2018
CargoOne;Brussels;Ship;139890;5298.8;41214.19;13;51657.8;18.05.2022
EuroTrans;Ljubljana;Plane;3761;2542.9;43729.69;3;23863.0;10.11.2016
FastMove;Frankfurt;Truck;20573;839.4;17890.98;2;281.8;13.02.2017
SkyCargo;Frankfurt;Truck;21521;546.5;6186.55;3;229.8;14.06.2017
RailCargo;Paris;Train;56909;594.1;12091.19;3;766.7;23.01.2023
ShipLine;Copenhagen;Ship;177676;1673.5;13216.09;12;14278.9;03.04.2023
QuickCargo;Prague;Ship;269682;5895.7;54684.6;21;35611.3;05.01.2020
EuroTrans;Frankfurt;Train;16443;298.0;15196.05;1;405.3;15.09.2024
NorthWind;Milan;Train;56284;276.6;20089.35;2;592.9;30.06.2022
CargoBridge;Vienna;Train;71078;674.6;10826.88;4;1402.6;13.09.2015
NorthWind;Berlin;Truck;7807;989.2;4864.38;4;285.5;27.04.2015
TransMax;Hamburg;Truck;6820;867.0;11235.6;2;348.0;12.08.2020
TransMax;Paris;Train;24789;1916.1;17850.84;4;3554.8;22.09.2021
SkyCargo;Hamburg;Ship;221377;7545.2;51246.25;22;50049.1;24.07.2015
SkyCargo;Zagreb;Train;52572;632.6;11307.76;3;1345.9;01.09.2015
FastMove;Vienna;Train;25259;1486.8;11434.32;5;2522.7;27.09.2019
TransMax;Amsterdam;Truck;3465;622.0;4674.52;2;133.8;09.04.2017
CargoOne;Prague;Train;68063;2382.9;15548.05;6;3217.2;12.12.2021
RoadRunner;Vienna;Train;34254;1038.7;23331.91;2;2043.2;08.01.2019
CargoOne;Hamburg;Plane;10029;2002.6;78324.23;3;14446.9;05.08.2015
GlobalFreight;Frankfurt;Train;12757;2179.4;17831.89;5;2754.8;24.08.2019
TransMax;Bratislava;Truck;23627;694.7;12250.66;2;275.8;23.11.2023
SkyCargo;Copenhagen;Plane;6452;5136.9;80807.03;4;45371.2;16.01.2020
BlueLogistics;Frankfurt;Truck;15666;96.3;2869.11;3;33.8;14.05.2019
EuroTrans;Warsaw;Train;59296;1372.7;15534.59;4;2885.0;06.04.2018
CargoBridge;Dresden;Train;16078;2016.4;15604.83;4;2620.3;11.11.2022
TransMax;Zagreb;Truck;2465;263.4;2601.45;2;58.2;04.04.2025
CargoOne;Ljubljana;Truck;3583;1155.1;7031.14;4;254.1;21.03.2022
TransMax;Hamburg;Truck;1381;255.2;1494.39;3;84.1;23.04.2024
CargoOne;Amsterdam;Ship;96112;7567.9;57480.54;21;55410.1;10.02.2023
RoadRunner;Amsterdam;Truck;1449;1102.2;4564.65;5;388.1;07.08.2024
NorthWind;Hamburg;Plane;2812;4237.5;110164.42;4;51658.3;26.11.2023
FastMove;Berlin;Train;23738;1765.9;16329.02;4;2336.5;15.05.2017
MoveIt;Bratislava;Truck;9831;910.3;7357.35;3;230.0;02.12.2024
RoadRunner;Warsaw;Truck;4059;661.9;9880.72;2;253.0;07.09.2022
GlobalFreight;Budapest;Ship;137347;947.4;9713.64;7;4540.9;21.08.2015
QuickCargo;Zurich;Truck;16325;859.3;5653.33;4;355.5;17.04.2023
TransMax;Berlin;Truck;21019;774.5;10443.08;3;296.7;22.12.2017
GlobalFreight;Budapest;Truck;845;500.2;2752.54;3;169.7;19.10.2017
CargoBridge;Bratislava;Truck;14309;163.0;11007.34;1;56.9;01.03.2019
MoveIt;Zagreb;Ship;39532;2384.2;18412.37;16;16011.6;22.11.2020
FastMove;Berlin;Plane;2141;4841.0;69332.95;4;47286.7;31.07.2019
FastMove;Amsterdam;Plane;718;549.3;60124.92;1;2832.8;10.07.2024
RoadRunner;Paris;Train;71827;282.2;11711.5;4;570.5;18.12.2017
HeavyLift;Vienna;Train;61668;1272.6;18028.76;3;1913.5;28.01.2021
TransMax;Zurich;Truck;20370;552.4;7799.0;3;206.4;13.02.2017
GlobalFreight;Frankfurt;Train;36610;831.2;8206.14;4;1697.3;02.10.2017
RailCargo;Prague;Truck;7109;142.3;4554.87;1;49.1;10.12.2020
FastMove;Berlin;Plane;8460;4746.7;74494.28;4;55204.2;03.09.2025
RailCargo;Paris;Ship;282051;2988.7;16166.05;13;25043.2;26.08.2015
HeavyLift;Berlin;Truck;11444;302.2;4111.78;3;79.8;18.12.2015
CargoOne;Hamburg;Truck;21894;378.4;6617.59;3;128.3;26.11.2022
RoadRunner;Paris;Ship;289574;1310.8;8289.92;8;13195.3;22.03.2015
SkyCargo;Hamburg;Train;13340;2364.4;7668.94;7;3098.6;13.11.2024
FastMove;Copenhagen;Ship;136698;6659.9;44611.08;15;38610.0;25.06.2016
RoadRunner;Hamburg;Train;12905;2055.4;14240.64;5;2679.3;02.05.2020
BlueLogistics;Prague;Truck;3133;787.1;9352.61;2;172.1;31.01.2025
RoadRunner;Frankfurt;Train;43773;216.3;7978.13;3;374.5;07.10.2018
SkyCargo;Brussels;Truck;1992;839.6;6220.49;3;232.5;03.08.2015
HeavyLift;Munich;Train;55236;2076.2;12957.4;6;2973.2;21.06.2019
BlueLogistics;Hamburg;Ship;114427;2454.3;15142.28;9;17160.5;17.06.2021
SkyCargo;Zurich;Truck;19831;662.8;6712.96;4;273.2;16.06.2018
NorthWind;Bratislava;Train;18685;662.6;10035.86;3;664.7;13.06.2023
TransMax;Warsaw;Ship;158068;5709.5;38988.67;21;59425.9;15.08.2022
RoadRunner;Ljubljana;Train;40358;852.1;8398.92;4;1757.0;03.02.2018
CargoBridge;Vienna;Truck;18668;611.0;7832.48;3;211.5;10.06.2019
EuroTrans;Warsaw;Ship;40428;6746.3;35276.65;17;41661.1;26.03.2018
MoveIt;Amsterdam;Truck;7409;788.3;4970.74;3;288.8;19.02.2016
MoveIt;Copenhagen;Ship;199837;5709.1;46073.43;20;47933.0;06.04.2022
EuroTrans;Zurich;Train;64772;866.2;7020.12;5;1141.0;05.06.2021
FastMove;Berlin;Ship;202297;1972.2;21117.24;12;20207.3;08.07.2024
EuroTrans;Frankfurt;Train;52572;252.9;8114.2;4;310.3;12.11.2019
HeavyLift;Hamburg;Truck;20228;363.9;5859.54;4;147.3;28.12.2021
ShipLine;Ljubljana;Train;41912;2433.4;14203.23;6;2822.3;14.03.2015
TransMax;Vienna;Truck;730;829.2;5700.07;2;212.6;22.02.2024
FastMove;Berlin;Truck;5326;632.2;4709.25;4;179.2;03.07.2018
BlueLogistics;Copenhagen;Truck;20125;1050.5;5809.48;4;365.2;23.07.2019
EuroTrans;Amsterdam;Truck;23830;1010.0;13178.41;3;366.2;17.09.2015
HeavyLift;Brussels;Train;49180;2408.4;18203.74;6;4726.2;24.10.2020
SkyCargo;Munich;Truck;17915;1134.5;8656.35;5;485.5;08.01.2022
QuickCargo;Copenhagen;Truck;18635;98.1;3195.06;3;28.6;12.11.2018
SkyCargo;Ljubljana;Train;68032;1227.7;9233.83;5;2226.6;08.08.2024
CargoBridge;Hamburg;Ship;163741;5859.1;30574.02;16;50402.1;08.12.2022
SkyCargo;Bratislava;Train;28020;1035.5;10125.52;4;1567.7;25.06.2022
FastMove;Hamburg;Truck;22903;50.8;3505.63;3;17.7;16.06.2020
ShipLine;Vienna;Truck;2456;105.0;4439.44;1;31.8;11.01.2018
RoadRunner;Berlin;Truck;16827;1093.7;6583.67;4;280.3;01.02.2025
MoveIt;Berlin;Truck;19941;384.5;13112.0;2;170.1;23.09.2016
BlueLogistics;Brussels;Truck;6538;670.6;5345.6;4;172.2;09.07.2020
GlobalFreight;Ljubljana;Plane;6081;5438.2;101779.6;5;37737.2;03.01.2018
EuroTrans;Amsterdam;Truck;1055;569.4;4823.02;2;139.9;04.05.2017
CargoOne;Amsterdam;Train;76256;1050.5;22753.94;3;2413.2;20.09.2022
FastMove;Amsterdam;Train;32418;2348.1;17067.97;6;4041.3;13.03.2017
RailCargo;Copenhagen;Truck;20994;1024.5;7634.88;4;389.1;05.01.2015
RoadRunner;Copenhagen;Truck;5964;1072.9;4275.73;5;318.0;10.03.2021
CargoBridge;Paris;Truck;6956;665.4;5267.88;3;187.9;20.07.2015
SkyCargo;Brussels;Truck;15343;409.5;9283.88;2;151.1;19.08.2016
SkyCargo;Bratislava;Truck;19149;141.6;7963.3;2;45.0;17.12.2018
FastMove;Prague;Truck;21284;529.0;9254.63;3;179.4;01.10.2017
SkyCargo;Budapest;Truck;21993;433.2;8268.65;3;178.6;06.01.2023
TransMax;Hamburg;Truck;4418;171.6;3017.91;2;56.1;09.04.2023
GlobalFreight;Munich;Truck;342;918.2;3122.38;4;240.3;06.02.2022
GlobalFreight;Budapest;Ship;127180;7491.0;40052.57;16;44375.7;11.04.2018
CargoBridge;Frankfurt;Truck;22509;991.8;10584.01;4;420.4;07.01.2018
QuickCargo;Amsterdam;Train;26659;472.9;5146.05;3;479.5;27.01.2018
RailCargo;Munich;Truck;10942;1068.2;5984.91;5;272.2;26.10.2025
RoadRunner;Bratislava;Ship;183164;2216.1;11877.89;13;14956.4;03.05.2015
RoadRunner;Zurich;Truck;569;378.3;1670.03;4;83.6;17.02.2019
TransMax;Hamburg;Truck;2172;429.6;5592.46;2;124.2;02.04.2024
ShipLine;Frankfurt;Truck;3105;672.9;9270.21;2;194.2;16.04.2023
CargoOne;Zagreb;Train;23399;554.1;6690.77;4;856.7;09.10.2015
GlobalFreight;Ljubljana;Plane;3839;5540.3;120933.32;4;52177.1;13.10.2018
GlobalFreight;Milan;Train;15933;1364.3;8517.32;4;2029.2;18.02.2021
SkyCargo;Ljubljana;Truck;23165;1086.9;9649.24;4;304.2;08.07.2018
TransMax;Copenhagen;Train;17212;2212.6;23451.37;4;2395.7;05.11.2018
EuroTrans;Frankfurt;Truck;15803;987.8;6347.58;4;317.4;19.02.2016
GlobalFreight;Dresden;Train;13565;487.0;4802.36;4;827.7;01.04.2021
GlobalFreight;Vienna;Train;78603;1883.2;17696.87;4;3365.8;14.01.2025
EuroTrans;Prague;Ship;22050;2328.8;12068.17;16;10582.8;14.11.2019
ShipLine;Frankfurt;Truck;13688;726.0;6730.12;3;194.4;02.09.2023
SkyCargo;Munich;Ship;8162;5527.3;32151.98;12;29640.4;22.09.2021
EuroTrans;Berlin;Truck;10445;1170.3;8290.72;3;355.2;13.12.2017
RoadRunner;Dresden;Truck;22318;449.2;5950.79;4;131.2;04.10.2017
HeavyLift;Berlin;Truck;2089;755.1;5429.21;4;158.7;18.10.2020
BlueLogistics;Munich;Truck;16836;1042.8;6402.47;4;316.8;17.01.2025
EuroTrans;Warsaw;Truck;15776;895.8;5741.83;4;241.6;28.05.2018
SkyCargo;Milan;Train;61486;218.1;17163.87;2;492.6;04.11.2020
HeavyLift;Milan;Train;21451;404.0;5269.01;4;731.0;24.11.2023
TransMax;Dresden;Train;29023;1629.0;11013.66;6;2788.1;25.10.2017
HeavyLift;Dresden;Truck;22900;881.3;8618.27;4;294.1;03.08.2016
BlueLogistics;Frankfurt;Train;51852;2078.3;14517.59;5;4429.9;19.04.2015
SkyCargo;Brussels;Train;69212;1707.6;20783.03;4;3231.2;28.10.2016
QuickCargo;Copenhagen;Truck;21954;255.1;7459.0;3;113.4;15.07.2023
ShipLine;Ljubljana;Truck;22010;660.6;8543.62;3;237.0;19.06.2021
CargoOne;Dresden;Train;7844;2168.2;8448.76;6;2420.9;27.08.2016
TransMax;Frankfurt;Truck;12105;271.1;5344.7;2;69.4;27.03.2020
CargoOne;Copenhagen;Truck;1775;582.3;5296.26;2;217.5;06.09.2016
CargoOne;Frankfurt;Truck;18148;643.5;6182.0;4;210.8;10.09.2022
CargoOne;Berlin;Plane;8505;3901.3;106133.22;3;49661.8;21.07.2016
TransMax;Amsterdam;Truck;782;343.4;3440.86;2;122.8;04.12.2020
MoveIt;Frankfurt;Truck;8749;459.2;8506.86;2;131.1;18.11.2020
CargoOne;Brussels;Truck;8673;803.3;4920.89;4;291.3;06.04.2018
CargoOne;Zagreb;Truck;21246;522.8;6965.38;3;209.4;19.06.2015
FastMove;Frankfurt;Ship;9856;4646.8;35823.87;18;28998.0;12.12.2021
CargoOne;Zagreb;Truck;4785;773.9;6687.74;3;282.6;14.04.2018
HeavyLift;Warsaw;Truck;23200;507.2;12473.91;2;210.8;27.09.2024
HeavyLift;Dresden;Train;5908;2166.5;11051.87;6;3385.7;10.03.2019
RoadRunner;Berlin;Truck;21943;74.3;2892.1;3;20.6;13.01.2016
GlobalFreight;Hamburg;Truck;19142;376.6;7590.98;3;165.3;19.04.2021
RoadRunner;Zagreb;Train;3864;2097.4;9693.78;6;2958.7;01.06.2016
RoadRunner;Prague;Truck;1291;888.6;5803.4;4;199.9;07.05.2020
SkyCargo;Prague;Train;74899;400.6;7239.52;4;887.1;23.06.2020
MoveIt;Hamburg;Ship;227635;3311.4;24707.46;17;35731.9;22.04.2018
RoadRunner;Paris;Plane;3019;2738.4;100981.81;2;29088.8;28.01.2021
HeavyLift;Prague;Truck;10506;619.0;9170.69;2;185.9;11.03.2017
NorthWind;Paris;Plane;12321;2630.2;98257.54;3;28752.7;14.04.2017
ShipLine;Zagreb;Train;44134;1895.3;12514.1;5;2212.9;06.04.2025
ShipLine;Copenhagen;Ship;82325;6555.8;44784.66;19;39766.1;21.10.2022
MoveIt;Frankfurt;Truck;8418;196.0;1933.14;3;47.0;23.10.2018
SkyCargo;Prague;Truck;8669;816.1;3515.51;4;239.6;01.02.2019
RoadRunner;Copenhagen;Ship;75052;7742.6;35770.71;22;51252.1;20.06.2025
GlobalFreight;Copenhagen;Truck;17448;835.1;6276.55;3;324.3;18.11.2016
BlueLogistics;Budapest;Truck;16122;791.0;8320.06;4;309.1;15.11.2017
HeavyLift;Hamburg;Train;37437;1216.4;13776.58;4;1416.3;27.09.2024
CargoOne;Zurich;Train;61568;1590.7;9896.99;5;2657.7;16.04.2024
CargoOne;Zagreb;Train;68702;957.7;19728.5;3;1398.0;15.06.2016
GlobalFreight;Munich;Ship;251562;7899.2;55368.48;23;63892.4;15.11.2017
EuroTrans;Bratislava;Train;55094;1311.8;9089.65;6;2026.2;21.02.2016
TransMax;Hamburg;Train;12082;919.8;9573.15;4;993.0;19.10.2025
CargoBridge;Budapest;Train;75971;1619.1;29400.02;3;2257.1;27.06.2022
ShipLine;Budapest;Truck;13633;750.7;4006.43;4;231.2;09.06.2025
GlobalFreight;Budapest;Truck;8522;703.6;3401.59;4;279.2;14.12.2023
RailCargo;Bratislava;Truck;14418;543.6;5566.49;4;138.3;12.08.2023
CargoOne;Brussels;Train;8626;873.6;8583.6;4;888.4;12.09.2024
GlobalFreight;Dresden;Train;30779;2417.7;9852.94;7;3157.4;12.12.2024
ShipLine;Dresden;Train;34116;1304.5;16193.24;3;2105.2;13.04.2016
BlueLogistics;Prague;Train;1055;358.3;3443.03;2;428.7;13.04.2023
NorthWind;Bratislava;Train;22404;2224.5;10568.45;5;3040.0;09.10.2019
ShipLine;Zagreb;Ship;249985;4026.3;24272.1;12;27517.5;20.01.2016
FastMove;Zagreb;Ship;249916;1130.2;17047.35;6;11111.4;25.05.2021
ShipLine;Amsterdam;Truck;13067;840.5;5937.55;4;277.9;16.07.2023
CargoOne;Munich;Ship;106574;2729.6;11042.31;13;12985.6;09.11.2015
NorthWind;Paris;Truck;19186;746.5;6386.32;4;322.6;09.11.2023
ShipLine;Milan;Plane;2470;5756.2;78670.75;5;65489.5;21.12.2024
GlobalFreight;Vienna;Train;16612;2335.9;10523.14;6;3317.3;23.01.2016
MoveIt;Prague;Truck;11662;459.6;5464.16;3;172.0;30.08.2016
GlobalFreight;Dresden;Truck;2399;179.8;5018.8;1;62.2;17.01.2017
TransMax;Frankfurt;Truck;11635;427.7;6043.47;2;129.8;21.04.2018
EuroTrans;Brussels;Train;65261;252.7;15140.29;2;539.3;18.05.2025
CargoOne;Frankfurt;Truck;9973;1025.2;4978.11;4;347.5;26.08.2017
CargoOne;Copenhagen;Truck;9125;515.3;8159.65;2;199.3;25.01.2023
QuickCargo;Budapest;Truck;5437;662.1;5364.63;2;249.0;22.11.2023
SkyCargo;Berlin;Truck;20466;691.9;7615.17;3;278.8;08.05.2015
TransMax;Paris;Truck;17519;999.2;8510.21;4;408.4;27.09.2019
RailCargo;Frankfurt;Truck;12765;664.9;7612.95;3;223.8;17.02.2018
NorthWind;Brussels;Truck;6578;703.7;5984.82;3;274.0;13.02.2016
MoveIt;Munich;Truck;5304;228.8;1709.57;3;86.1;20.07.2016
NorthWind;Amsterdam;Ship;259441;4004.2;20631.74;16;40030.8;03.02.2017
GlobalFreight;Berlin;Truck;5723;1004.1;5660.49;3;339.1;16.01.2025
QuickCargo;Zagreb;Ship;11968;5454.6;38215.07;14;17422.6;27.04.2016
TransMax;Frankfurt;Truck;4881;730.7;10541.16;2;199.4;04.03.2017
ShipLine;Zagreb;Truck;17354;138.2;10571.72;1;46.8;05.12.2015
GlobalFreight;Budapest;Truck;22551;549.2;8450.6;2;179.4;24.03.2020
NorthWind;Bratislava;Truck;16983;136.8;4972.09;2;53.0;15.04.2020
GlobalFreight;Munich;Ship;273532;4373.4;35635.68;12;49622.9;24.03.2021
QuickCargo;Copenhagen;Ship;297486;7112.9;47664.16;16;78874.3;03.05.2025
ShipLine;Munich;Truck;12979;1030.9;8874.52;4;296.6;21.07.2017
SkyCargo;Munich;Truck;974;645.0;4219.33;3;247.1;11.07.2016
RoadRunner;Bratislava;Train;10866;736.0;5597.25;5;991.0;02.09.2018
HeavyLift;Zurich;Truck;12217;753.2;9030.84;3;244.9;15.12.2024
TransMax;Brussels;Train;63595;1410.0;14884.43;5;2940.8;05.11.2021
RoadRunner;Hamburg;Truck;14877;855.4;5964.93;4;351.4;01.05.2025
CargoBridge;Zagreb;Truck;4311;564.0;2630.82;4;145.5;29.01.2023
MoveIt;Brussels;Truck;13982;387.9;3891.67;4;98.2;22.05.2016
GlobalFreight;Ljubljana;Truck;6221;408.9;7702.32;1;134.9;26.01.2019
CargoOne;Milan;Train;12632;768.1;5158.75;4;1321.8;30.06.2019
CargoOne;Zurich;Train;73863;241.1;17922.21;2;508.3;14.02.2021
TransMax;Amsterdam;Truck;20804;1105.0;7642.8;4;300.6;16.05.2018
EuroTrans;Bratislava;Truck;17404;1165.1;13492.45;3;395.6;22.02.2016
TransMax;Budapest;Truck;4272;812.9;3334.09;4;199.8;26.09.2017
RailCargo;Brussels;Truck;19219;273.7;8206.61;2;87.9;01.05.2022
CargoOne;Paris;Ship;40412;5981.5;21375.16;15;27676.3;18.09.2025
MoveIt;Ljubljana;Train;39639;729.4;11194.82;4;1046.2;01.06.2016
SkyCargo;Warsaw;Train;14054;1800.4;9504.88;6;3380.2;12.04.2019
CargoBridge;Milan;Truck;6475;708.0;6300.13;3;200.1;21.07.2024
HeavyLift;Copenhagen;Truck;11824;642.1;5989.62;3;250.4;08.04.2024
BlueLogistics;Budapest;Truck;13930;772.4;3609.61;4;300.3;30.08.2015
FastMove;Zurich;Train;73654;904.7;7755.66;5;1610.7;02.12.2017
SkyCargo;Budapest;Train;28869;2482.8;17626.79;5;3936.7;25.08.2025
FastMove;Dresden;Train;9266;1614.0;12438.92;5;2585.6;07.08.2023
RoadRunner;Vienna;Truck;238;353.0;3979.44;2;83.1;06.11.2025
CargoOne;Budapest;Train;76828;856.6;20769.86;3;1420.6;15.01.2016
HeavyLift;Vienna;Ship;46480;1543.9;11547.79;11;12660.8;04.11.2016
CargoBridge;Budapest;Ship;36976;6482.0;30642.15;18;28596.2;29.03.2021
SkyCargo;Brussels;Truck;710;818.0;3951.27;4;271.3;07.03.2020
MoveIt;Berlin;Truck;8858;268.6;4460.46;2;70.9;23.07.2025
BlueLogistics;Brussels;Truck;22407;1183.3;11973.79;4;333.5;24.06.2018
ShipLine;Milan;Truck;3140;826.5;3985.76;3;319.7;20.10.2025
RailCargo;Bratislava;Truck;20650;384.7;11257.14;2;110.4;25.05.2015
RailCargo;Warsaw;Truck;23375;945.4;8409.99;4;372.3;16.11.2019
TransMax;Berlin;Ship;40961;4495.8;21272.28;15;26154.6;15.06.2016
TransMax;Prague;Ship;260579;7349.2;54365.88;22;59104.6;08.05.2024
SkyCargo;Bratislava;Train;15035;1761.0;10396.25;5;3217.2;16.07.2023
RailCargo;Amsterdam;Plane;3780;3486.5;88173.29;3;41055.2;05.05.2017
NorthWind;Prague;Truck;9757;1111.3;9243.48;4;427.4;08.01.2015
QuickCargo;Munich;Truck;8836;227.3;5110.49;2;58.4;01.08.2017
FastMove;Amsterdam;Ship;130670;6082.8;49481.83;16;54438.7;05.12.2016
NorthWind;Hamburg;Train;49677;222.5;4967.09;4;302.0;21.08.2018
EuroTrans;Zurich;Ship;100547;7208.1;48957.57;23;37791.8;16.04.2022
FastMove;Hamburg;Truck;6932;1079.9;8392.57;3;264.4;26.06.2021
ShipLine;Zagreb;Truck;19805;922.7;5731.28;4;337.8;14.06.2025
EuroTrans;Prague;Truck;19686;867.9;9096.55;4;337.5;14.06.2024
GlobalFreight;Paris;Truck;23757;857.6;9861.14;3;293.0;28.01.2023
NorthWind;Prague;Train;68729;373.6;7865.94;4;558.0;25.08.2018
ShipLine;Munich;Truck;21862;970.5;7337.07;5;355.1;28.01.2024
ShipLine;Copenhagen;Plane;1508;2376.2;68228.15;3;23086.0;18.07.2016
SkyCargo;Dresden;Truck;14100;964.3;10365.71;3;334.6;19.10.2021
BlueLogistics;Budapest;Truck;10903;765.2;6175.9;4;234.2;15.02.2015
FastMove;Zagreb;Train;78873;2365.5;18263.16;6;3697.2;04.02.2021
QuickCargo;Frankfurt;Truck;20742;457.4;12318.89;2;155.4;06.04.2021
